review_state,human_label,review_notes,review_priority,component_id,component_key,member_count,member_occurrence_ids,current_closure_members,selection_reason,discovery_reasons,retrieval_probes
unreviewed,,,uncertain_candidate,component-cbc3b2035af9c101,thread:urn:openrag:openarchiver:thread:9e325a3e-b01f-40bf-8890-b400d4e3d7f4:%3C1727677415.2E4B8.7360%40freetelecom.fr%3E,3,urn:openrag:openarchiver:attachment:1ea3dfb8-e2a5-49fb-ac50-9e38f80f62e6; urn:openrag:openarchiver:attachment:75fae8a3-acc7-41c3-ac3d-02c87be313cd; urn:openrag:openarchiver:email:9e325a3e-b01f-40bf-8890-b400d4e3d7f4:ff0df171-3407-44d7-b1d8-9d5938b2e74f,3,required_query_intersection,alternate query; canonical query; control query; entity query; metadata_recovery,alternate-raccordement:dense@34; alternate-raccordement:dense@54; alternate-raccordement:dense@64; alternate-raccordement:lexical@4; alternate-raccordement:lexical@73; alternate-raccordement:rrf@129; alternate-raccordement:rrf@7; alternate-raccordement:rrf@71; alternate-travaux:dense@6; alternate-travaux:rrf@8; canonical-q1:dense@118; canonical-q1:dense@167; canonical-q1:dense@19; canonical-q1:lexical@147; canonical-q1:lexical@69; canonical-q1:rrf@40; canonical-q1:rrf@68; deep-fibre-optique:dense@15; deep-fibre-optique:dense@172; deep-fibre-optique:dense@6; deep-fibre-optique:lexical@14; deep-fibre-optique:lexical@4; deep-fibre-optique:rrf@23; deep-fibre-optique:rrf@9; entity-orange-fibre:lexical@155; entity-orange-fibre:lexical@7; entity-orange-fibre:rrf@24; known-component-anchors:metadata_relation@112; known-component-anchors:metadata_relation@127; known-component-anchors:metadata_relation@128; known-component-anchors:metadata_relation@139; known-component-anchors:metadata_relation@154; known-component-anchors:metadata_relation@155; outside-control-raccordement:dense@11; outside-control-raccordement:dense@12; outside-control-raccordement:lexical@1; outside-control-raccordement:lexical@11; outside-control-raccordement:rrf@5; outside-control-raccordement:rrf@7; outside-control-telecom:dense@60; outside-control-telecom:lexical@37; outside-control-telecom:rrf@61
unreviewed,,,control_candidate,component-759a1a5ab89c6798,thread:urn:openrag:openarchiver:thread:9e325a3e-b01f-40bf-8890-b400d4e3d7f4:%3C85b53efe0e002048eee1b7d1ba651cab%40localhost.localdomain%3E,1,urn:openrag:openarchiver:email:9e325a3e-b01f-40bf-8890-b400d4e3d7f4:90daac41-0c49-4103-8d4c-5bcd3c42389e,1,required_query_intersection,alternate query; canonical query; control query; entity query; metadata_recovery,alternate-raccordement:dense@5; alternate-raccordement:lexical@115; alternate-raccordement:rrf@11; alternate-travaux:dense@51; alternate-travaux:rrf@108; canonical-q1:dense@10; canonical-q1:rrf@31; deep-fibre-optique:dense@3; deep-fibre-optique:lexical@59; deep-fibre-optique:rrf@8; entity-orange-fibre:lexical@65; entity-orange-fibre:rrf@112; known-component-anchors:metadata_relation@220; outside-control-raccordement:dense@4; outside-control-raccordement:lexical@10; outside-control-raccordement:rrf@1; outside-control-telecom:dense@35; outside-control-telecom:rrf@72
unreviewed,,,control_candidate,component-9d5aad5537ff3d05,thread:urn:openrag:openarchiver:thread:9e325a3e-b01f-40bf-8890-b400d4e3d7f4:%3Ccb5d8e0c-acb2-48f6-963d-df3cf0c449c5%40atl1s07mta1731.xt.local%3E,1,urn:openrag:openarchiver:email:9e325a3e-b01f-40bf-8890-b400d4e3d7f4:7e10a6c3-6dc4-43a3-aee5-10a7bce88958,1,required_query_intersection,alternate query; canonical query; control query; entity query; metadata_recovery,alternate-raccordement:dense@42; alternate-raccordement:lexical@70; alternate-raccordement:rrf@42; alternate-travaux:dense@96; canonical-q1:dense@3; canonical-q1:lexical@187; canonical-q1:rrf@7; deep-fibre-optique:dense@2; deep-fibre-optique:lexical@22; deep-fibre-optique:rrf@2; entity-orange-fibre:lexical@68; entity-orange-fibre:rrf@114; known-component-anchors:metadata_relation@221; outside-control-raccordement:dense@3; outside-control-raccordement:rrf@11; outside-control-telecom:dense@49
unreviewed,,,outside_baseline_candidate,component-173f0e2e7fb253d9,thread:urn:openrag:openarchiver:thread:9e325a3e-b01f-40bf-8890-b400d4e3d7f4:%3C001101dce6c9%24fbf20730%24f3d61590%24%40telwan.fr%3E,3,urn:openrag:openarchiver:attachment:081984aa-97f5-4d6e-895e-31a544392bcd; urn:openrag:openarchiver:attachment:0d4d55e7-4b8d-410d-8ed6-155063b3f168; urn:openrag:openarchiver:email:9e325a3e-b01f-40bf-8890-b400d4e3d7f4:bd1620f6-fbf1-4a7a-b61b-af726fbb5788,0,required_query_intersection,alternate query; canonical query; control query; entity query; metadata_recovery,alternate-raccordement:dense@35; alternate-raccordement:dense@47; alternate-raccordement:lexical@1; alternate-raccordement:rrf@62; alternate-raccordement:rrf@9; alternate-travaux:dense@63; alternate-travaux:rrf@54; canonical-q1:dense@47; canonical-q1:dense@53; canonical-q1:rrf@108; canonical-q1:rrf@153; deep-fibre-optique:dense@12; deep-fibre-optique:dense@63; deep-fibre-optique:lexical@3; deep-fibre-optique:lexical@97; deep-fibre-optique:rrf@1; deep-fibre-optique:rrf@80; entity-orange-fibre:lexical@134; entity-orange-fibre:lexical@87; entity-orange-fibre:rrf@157; known-component-anchors:metadata_relation@147; known-component-anchors:metadata_relation@148; known-component-anchors:metadata_relation@180; known-component-anchors:metadata_relation@181; known-component-anchors:metadata_relation@51; known-component-anchors:metadata_relation@76; outside-control-raccordement:dense@22; outside-control-raccordement:lexical@2; outside-control-raccordement:rrf@9; outside-control-telecom:dense@14; outside-control-telecom:dense@20; outside-control-telecom:lexical@23; outside-control-telecom:rrf@2; outside-control-telecom:rrf@43
unreviewed,,,outside_baseline_candidate,component-62d78922812baab4,thread:urn:openrag:openarchiver:thread:6ca4c5b5-3440-4c50-8666-cecfa25916d5:%3Cba165ccfea5c46f49ad58aae8db7efc9%40bouyguestelecom.fr%3E,3,urn:openrag:openarchiver:attachment:1d0c86ad-2095-47e5-9aa2-5f17fd168358; urn:openrag:openarchiver:attachment:77427b07-e848-4434-94d1-0457146bae9f; urn:openrag:openarchiver:email:6ca4c5b5-3440-4c50-8666-cecfa25916d5:59076449-0c9b-4b54-bda9-f72321db3edf,0,required_query_intersection,alternate query; canonical query; control query; entity query; metadata_recovery,alternate-raccordement:dense@108; alternate-raccordement:dense@17; alternate-raccordement:lexical@25; alternate-raccordement:rrf@31; alternate-raccordement:rrf@50; alternate-travaux:dense@139; canonical-q1:dense@184; deep-fibre-optique:dense@151; deep-fibre-optique:lexical@10; deep-fibre-optique:rrf@21; deep-fibre-optique:rrf@285; entity-orange-fibre:lexical@69; entity-orange-fibre:rrf@115; known-component-anchors:metadata_relation@124; known-component-anchors:metadata_relation@139; known-component-anchors:metadata_relation@48; known-component-anchors:metadata_relation@56; known-component-anchors:metadata_relation@62; known-component-anchors:metadata_relation@69; outside-control-raccordement:dense@35; outside-control-telecom:dense@1; outside-control-telecom:rrf@8
unreviewed,,,control_candidate,component-2ef5b17c61ded60f,thread:urn:openrag:openarchiver:thread:6ca4c5b5-3440-4c50-8666-cecfa25916d5:%3C96300943.18691656918852873.JavaMail.ad72bas1%40op72bas102%3E,1,urn:openrag:openarchiver:email:6ca4c5b5-3440-4c50-8666-cecfa25916d5:f077cc99-c432-4cc2-ab35-6c5f1fca0a08,1,required_query_intersection,alternate query; canonical query; control query; entity query; metadata_recovery,alternate-raccordement:dense@1; alternate-raccordement:lexical@5; alternate-raccordement:rrf@1; alternate-travaux:dense@1; alternate-travaux:lexical@11; alternate-travaux:rrf@1; canonical-q1:dense@1; canonical-q1:lexical@1; canonical-q1:rrf@1; deep-fibre-optique:dense@5; deep-fibre-optique:lexical@60; deep-fibre-optique:rrf@10; entity-orange-fibre:dense@33; entity-orange-fibre:lexical@1; entity-orange-fibre:rrf@1; known-component-anchors:metadata_relation@123; outside-control-raccordement:dense@32
unreviewed,,,uncertain_candidate,component-990d809eab8449f9,thread:urn:openrag:openarchiver:thread:9e325a3e-b01f-40bf-8890-b400d4e3d7f4:%3C4A861EAA-AF93-4461-8D3C-C454E70ACE8A%40ferme-de-pommerieux.fr%3E,2,urn:openrag:openarchiver:attachment:609d5843-428f-4ea9-ac84-848f0082381f; urn:openrag:openarchiver:email:9e325a3e-b01f-40bf-8890-b400d4e3d7f4:3506bbb8-e525-460f-8617-55cee19d408b,2,required_query_intersection,alternate query; canonical query; control query; entity query; metadata_recovery,alternate-raccordement:dense@2; alternate-raccordement:rrf@23; canonical-q1:dense@8; canonical-q1:rrf@26; deep-fibre-optique:dense@18; deep-fibre-optique:lexical@38; deep-fibre-optique:rrf@25; entity-orange-fibre:dense@7; entity-orange-fibre:lexical@33; entity-orange-fibre:rrf@11; known-component-anchors:metadata_relation@149; known-component-anchors:metadata_relation@174; known-component-anchors:metadata_relation@77; known-component-anchors:metadata_relation@81; outside-control-raccordement:dense@30; outside-control-telecom:dense@69
unreviewed,,,control_candidate,component-45e87f09a7b2677b,thread:urn:openrag:openarchiver:thread:6ca4c5b5-3440-4c50-8666-cecfa25916d5:%3C428823306.148711673860782401.JavaMail.ad72bas1%40op72bas103%3E,1,urn:openrag:openarchiver:email:6ca4c5b5-3440-4c50-8666-cecfa25916d5:79e0dbeb-7460-47d7-bca3-a120dd003866,1,required_query_intersection,alternate query; canonical query; control query; entity query; metadata_recovery,alternate-raccordement:dense@4; alternate-raccordement:lexical@17; alternate-raccordement:rrf@3; alternate-travaux:dense@98; alternate-travaux:rrf@99; canonical-q1:dense@6; canonical-q1:lexical@10; canonical-q1:rrf@2; deep-fibre-optique:dense@14; deep-fibre-optique:lexical@140; deep-fibre-optique:rrf@22; entity-orange-fibre:dense@69; entity-orange-fibre:lexical@5; entity-orange-fibre:rrf@3; known-component-anchors:metadata_relation@144; outside-control-raccordement:dense@15; outside-control-raccordement:lexical@29; outside-control-raccordement:rrf@12
unreviewed,,,control_candidate,component-f875a34b7c9d0a32,thread:urn:openrag:openarchiver:thread:6ca4c5b5-3440-4c50-8666-cecfa25916d5:%3C1752355032.46066868.1675452150474.JavaMail.tciop%40efm-orange-home2.orange.itw%3E,1,urn:openrag:openarchiver:email:6ca4c5b5-3440-4c50-8666-cecfa25916d5:34eb6b3e-f6da-4511-bfdc-16dc4581bd36,1,required_query_intersection,alternate query; canonical query; control query; entity query; metadata_recovery,alternate-raccordement:dense@8; alternate-raccordement:rrf@16; alternate-travaux:dense@56; alternate-travaux:rrf@88; canonical-q1:dense@2; canonical-q1:rrf@9; deep-fibre-optique:dense@13; deep-fibre-optique:lexical@132; deep-fibre-optique:rrf@37; entity-orange-fibre:dense@28; entity-orange-fibre:lexical@59; entity-orange-fibre:rrf@6; known-component-anchors:metadata_relation@82; outside-control-raccordement:dense@16; outside-control-raccordement:rrf@71
unreviewed,,,uncertain_candidate,component-002f714a6889c384,thread:urn:openrag:openarchiver:thread:6ca4c5b5-3440-4c50-8666-cecfa25916d5:%3C1277252215.9128126.1627293559761%40bt8svu73.adb.dolmen.bouyguestelecom.fr%3E,2,urn:openrag:openarchiver:attachment:3342f482-cf17-4177-9838-23e91e7ec916; urn:openrag:openarchiver:email:6ca4c5b5-3440-4c50-8666-cecfa25916d5:b99edfd8-a2ac-426f-be99-f0167ecd4b1e,2,required_query_intersection,alternate query; canonical query; control query; entity query; metadata_recovery,alternate-raccordement:dense@11; alternate-raccordement:lexical@7; alternate-raccordement:rrf@12; canonical-q1:dense@12; canonical-q1:lexical@20; canonical-q1:rrf@3; deep-fibre-optique:dense@234; deep-fibre-optique:dense@7; deep-fibre-optique:lexical@5; deep-fibre-optique:rrf@6; entity-orange-fibre:lexical@13; entity-orange-fibre:rrf@40; known-component-anchors:metadata_relation@107; known-component-anchors:metadata_relation@171; outside-control-raccordement:dense@9; outside-control-raccordement:lexical@9; outside-control-raccordement:rrf@8; outside-control-telecom:dense@16; outside-control-telecom:lexical@29; outside-control-telecom:rrf@34
unreviewed,,,uncertain_candidate,component-b867fb7ec6e27e40,thread:urn:openrag:openarchiver:thread:9e325a3e-b01f-40bf-8890-b400d4e3d7f4:%3C4125ECDF-B242-496C-9E7C-41B5B601ED39%40ferme-de-pommerieux.fr%3E,2,urn:openrag:openarchiver:attachment:2f83d6c5-7659-40ca-96c8-e40ed756c3ee; urn:openrag:openarchiver:email:9e325a3e-b01f-40bf-8890-b400d4e3d7f4:89573f54-42ca-47a9-ab80-5203e19811af,2,required_query_intersection,alternate query; canonical query; control query; entity query; metadata_recovery,alternate-raccordement:dense@3; alternate-raccordement:rrf@24; canonical-q1:dense@7; canonical-q1:rrf@24; deep-fibre-optique:dense@19; deep-fibre-optique:lexical@44; deep-fibre-optique:rrf@26; entity-orange-fibre:dense@8; entity-orange-fibre:lexical@43; entity-orange-fibre:rrf@14; known-component-anchors:metadata_relation@120; known-component-anchors:metadata_relation@136; known-component-anchors:metadata_relation@167; known-component-anchors:metadata_relation@173; outside-control-raccordement:dense@29; outside-control-telecom:dense@67
unreviewed,,,control_candidate,component-fc47f21f6f9ba57b,thread:urn:openrag:openarchiver:thread:6ca4c5b5-3440-4c50-8666-cecfa25916d5:%3C24819403.177031673867162817.JavaMail.ad72bas1%40op72bas103%3E,1,urn:openrag:openarchiver:email:6ca4c5b5-3440-4c50-8666-cecfa25916d5:78713f6a-01b2-4892-b9bb-002360aff2df,1,required_query_intersection,alternate query; canonical query; control query; entity query; metadata_recovery,alternate-raccordement:dense@6; alternate-raccordement:lexical@29; alternate-raccordement:rrf@5; alternate-travaux:dense@143; alternate-travaux:rrf@149; canonical-q1:dense@4; canonical-q1:lexical@189; canonical-q1:rrf@8; deep-fibre-optique:dense@27; deep-fibre-optique:lexical@127; deep-fibre-optique:rrf@35; entity-orange-fibre:lexical@163; known-component-anchors:metadata_relation@2; outside-control-raccordement:dense@17; outside-control-raccordement:lexical@56; outside-control-raccordement:rrf@24
unreviewed,,,control_candidate,component-b55f09fbe2f566ad,thread:urn:openrag:openarchiver:thread:6ca4c5b5-3440-4c50-8666-cecfa25916d5:%3CNM6BC372CE402BF8CD7PFO_PROD_DIF1%40infos.orange.fr%3E,1,urn:openrag:openarchiver:email:6ca4c5b5-3440-4c50-8666-cecfa25916d5:f9b1c988-7fb2-4c44-be2b-7a1f9ac741dc,1,required_query_intersection,alternate query; canonical query; control query; entity query,alternate-raccordement:dense@14; alternate-raccordement:lexical@28; alternate-raccordement:rrf@8; alternate-travaux:lexical@116; alternate-travaux:rrf@109; canonical-q1:dense@26; canonical-q1:lexical@109; canonical-q1:rrf@16; deep-fibre-optique:dense@28; deep-fibre-optique:lexical@116; deep-fibre-optique:rrf@72; entity-orange-fibre:lexical@72; entity-orange-fibre:rrf@87; outside-control-raccordement:dense@18; outside-control-raccordement:rrf@55
unreviewed,,,control_candidate,component-1df7334963116c38,thread:urn:openrag:openarchiver:thread:6ca4c5b5-3440-4c50-8666-cecfa25916d5:%3C1098041525.498561675441638686.JavaMail.ad72bas1%40op72bas104%3E,1,urn:openrag:openarchiver:email:6ca4c5b5-3440-4c50-8666-cecfa25916d5:988de287-9dae-4e2e-93b7-ea572417d62f,1,required_query_intersection,alternate query; canonical query; control query; entity query; metadata_recovery,alternate-raccordement:dense@10; alternate-raccordement:rrf@28; alternate-travaux:dense@112; canonical-q1:dense@24; canonical-q1:lexical@115; canonical-q1:rrf@14; deep-fibre-optique:dense@48; deep-fibre-optique:rrf@109; entity-orange-fibre:lexical@113; entity-orange-fibre:rrf@193; known-component-anchors:metadata_relation@8; outside-control-raccordement:dense@38
unreviewed,,,control_candidate,component-e07e60b365fbd87c,thread:urn:openrag:openarchiver:thread:9e325a3e-b01f-40bf-8890-b400d4e3d7f4:%3C6c5d1c9a-1b59-465a-b6f1-bcf9ed06d1a5%40atl1s07mta1730.xt.local%3E,1,urn:openrag:openarchiver:email:9e325a3e-b01f-40bf-8890-b400d4e3d7f4:3ba71052-4a32-433b-8848-a37586ee6e73,0,required_query_intersection,alternate query; canonical query; control query; entity query; metadata_recovery,alternate-raccordement:dense@49; alternate-raccordement:lexical@131; alternate-raccordement:rrf@54; canonical-q1:dense@31; canonical-q1:lexical@142; canonical-q1:rrf@36; deep-fibre-optique:dense@1; deep-fibre-optique:lexical@23; deep-fibre-optique:rrf@4; entity-orange-fibre:lexical@74; entity-orange-fibre:rrf@132; known-component-anchors:metadata_relation@276; outside-control-raccordement:dense@1; outside-control-raccordement:lexical@5; outside-control-raccordement:rrf@3; outside-control-telecom:dense@27; outside-control-telecom:rrf@54
unreviewed,,,control_candidate,component-08ebb40763b54c0d,thread:urn:openrag:openarchiver:thread:6ca4c5b5-3440-4c50-8666-cecfa25916d5:%3C1800913296.12085424.1615291649714%40app04-ddm-pr.phys.prod%3E,1,urn:openrag:openarchiver:email:6ca4c5b5-3440-4c50-8666-cecfa25916d5:1531a40d-f2d3-4977-b88d-8a162b43ba0c,0,required_query_intersection,alternate query; canonical query; control query; entity query; metadata_recovery,alternate-raccordement:dense@24; alternate-raccordement:rrf@44; canonical-q1:dense@85; canonical-q1:rrf@181; deep-fibre-optique:dense@25; deep-fibre-optique:lexical@71; deep-fibre-optique:rrf@36; entity-orange-fibre:lexical@85; entity-orange-fibre:rrf@154; known-component-anchors:metadata_relation@67; outside-control-raccordement:dense@2; outside-control-raccordement:lexical@49; outside-control-raccordement:rrf@6; outside-control-telecom:dense@8; outside-control-telecom:rrf@21
unreviewed,,,control_candidate,component-73c69e9de3d42ece,thread:urn:openrag:openarchiver:thread:9e325a3e-b01f-40bf-8890-b400d4e3d7f4:%3C17291026340.D13E0ffB.3287750%40freetelecom.fr%3E,1,urn:openrag:openarchiver:email:9e325a3e-b01f-40bf-8890-b400d4e3d7f4:737a56b8-9058-46ee-b8c3-65b12a608121,0,required_query_intersection,alternate query; canonical query; control query; entity query; metadata_recovery,alternate-raccordement:dense@12; alternate-raccordement:lexical@2; alternate-raccordement:rrf@2; alternate-travaux:dense@45; alternate-travaux:rrf@91; canonical-q1:dense@34; canonical-q1:lexical@97; canonical-q1:rrf@37; deep-fibre-optique:dense@23; deep-fibre-optique:lexical@19; deep-fibre-optique:rrf@11; entity-orange-fibre:lexical@99; entity-orange-fibre:rrf@172; known-component-anchors:metadata_relation@83; outside-control-raccordement:dense@44; outside-control-raccordement:rrf@73
unreviewed,,,outside_baseline_candidate,component-c547c5afd1fd4452,thread:urn:openrag:openarchiver:thread:6ca4c5b5-3440-4c50-8666-cecfa25916d5:%3C1610122702.126161654692413707.JavaMail.ad72bas1%40op72bas100%3E,3,urn:openrag:openarchiver:attachment:22308111-10e4-4342-8a06-195e7ff8ad9b; urn:openrag:openarchiver:attachment:77d8c9bc-9e71-4e73-bf47-42df648bb1b3; urn:openrag:openarchiver:email:6ca4c5b5-3440-4c50-8666-cecfa25916d5:12e5861c-a7c6-4c5c-a6ca-e99d7802930d,0,required_query_intersection,alternate query; canonical query; control query; entity query; metadata_recovery,alternate-raccordement:dense@41; alternate-raccordement:dense@7; alternate-raccordement:lexical@150; alternate-raccordement:lexical@33; alternate-raccordement:rrf@13; alternate-raccordement:rrf@68; alternate-raccordement:rrf@88; alternate-travaux:lexical@85; canonical-q1:dense@33; canonical-q1:dense@62; canonical-q1:dense@94; canonical-q1:lexical@87; canonical-q1:rrf@147; canonical-q1:rrf@69; canonical-q1:rrf@77; deep-fibre-optique:dense@102; deep-fibre-optique:dense@38; deep-fibre-optique:rrf@204; deep-fibre-optique:rrf@99; entity-orange-fibre:dense@25; entity-orange-fibre:dense@26; entity-orange-fibre:dense@39; entity-orange-fibre:lexical@169; entity-orange-fibre:lexical@70; entity-orange-fibre:rrf@39; entity-orange-fibre:rrf@41; entity-orange-fibre:rrf@57; known-component-anchors:metadata_relation@101; known-component-anchors:metadata_relation@109; known-component-anchors:metadata_relation@111; known-component-anchors:metadata_relation@143; known-component-anchors:metadata_relation@147; known-component-anchors:metadata_relation@72; outside-control-raccordement:dense@5; outside-control-raccordement:lexical@18; outside-control-raccordement:rrf@4
unreviewed,,,control_candidate,component-b92463bdb05ce095,thread:urn:openrag:openarchiver:thread:9e325a3e-b01f-40bf-8890-b400d4e3d7f4:%3Ca8b35c31ba357eed068f5b073c0296bd%40localhost.localdomain%3E,1,urn:openrag:openarchiver:email:9e325a3e-b01f-40bf-8890-b400d4e3d7f4:25e4a290-ae7f-40c3-94c5-f09f8a65ffbc,0,required_query_intersection,alternate query; canonical query; control query; entity query; metadata_recovery,alternate-raccordement:dense@28; alternate-raccordement:rrf@40; alternate-travaux:dense@142; canonical-q1:dense@38; canonical-q1:rrf@107; deep-fibre-optique:dense@4; deep-fibre-optique:lexical@43; deep-fibre-optique:rrf@7; entity-orange-fibre:lexical@42; entity-orange-fibre:rrf@86; known-component-anchors:metadata_relation@39; outside-control-raccordement:dense@14; outside-control-raccordement:rrf@63
unreviewed,,,control_candidate,component-ef2d0839e8fc8d5c,thread:urn:openrag:openarchiver:thread:9e325a3e-b01f-40bf-8890-b400d4e3d7f4:%3CE1svXZ9-0003Ps-Ud%40webdev-004.vit.mcra.fr%3E,1,urn:openrag:openarchiver:email:9e325a3e-b01f-40bf-8890-b400d4e3d7f4:9d456d92-6f0b-4071-bb19-066063224bc8,0,required_query_intersection,alternate query; canonical query; control query; entity query; metadata_recovery,alternate-raccordement:dense@31; alternate-raccordement:rrf@43; alternate-travaux:dense@27; alternate-travaux:rrf@56; canonical-q1:dense@45; canonical-q1:lexical@137; canonical-q1:rrf@58; deep-fibre-optique:dense@9; deep-fibre-optique:lexical@62; deep-fibre-optique:rrf@13; entity-orange-fibre:lexical@75; entity-orange-fibre:rrf@134; known-component-anchors:metadata_relation@69; outside-control-raccordement:dense@54
unreviewed,,,control_candidate,component-0f5c938228609387,thread:urn:openrag:openarchiver:thread:9e325a3e-b01f-40bf-8890-b400d4e3d7f4:%3C1051516951.276761621123619915.JavaMail.ad72bas1%40op72bas13%3E,1,urn:openrag:openarchiver:email:9e325a3e-b01f-40bf-8890-b400d4e3d7f4:cde27889-f221-4bfd-b5a2-3926da63a85d,0,required_query_intersection,alternate query; canonical query; control query; entity query; metadata_recovery,alternate-raccordement:dense@38; alternate-raccordement:rrf@83; alternate-travaux:dense@113; canonical-q1:dense@36; canonical-q1:rrf@103; deep-fibre-optique:dense@81; deep-fibre-optique:rrf@165; entity-orange-fibre:lexical@110; entity-orange-fibre:rrf@121; known-component-anchors:metadata_relation@53; outside-control-raccordement:dense@68
unreviewed,,,control_candidate,component-e65c4e41cf438405,thread:urn:openrag:openarchiver:thread:9e325a3e-b01f-40bf-8890-b400d4e3d7f4:%3C1767581548.260161626307401615.JavaMail.ad72bas1%40dr72bas24%3E,1,urn:openrag:openarchiver:email:9e325a3e-b01f-40bf-8890-b400d4e3d7f4:3978a1e9-85a3-4a29-8022-79afd7b6684d,0,required_query_intersection,alternate query; canonical query; control query; entity query; metadata_recovery,alternate-raccordement:dense@37; alternate-raccordement:rrf@80; alternate-travaux:dense@138; canonical-q1:dense@40; canonical-q1:rrf@114; deep-fibre-optique:dense@83; deep-fibre-optique:rrf@170; entity-orange-fibre:lexical@111; entity-orange-fibre:rrf@122; known-component-anchors:metadata_relation@69; outside-control-raccordement:dense@73
unreviewed,,,control_candidate,component-f7e91e81efe09b6e,thread:urn:openrag:openarchiver:thread:9e325a3e-b01f-40bf-8890-b400d4e3d7f4:%3C1684474009.427471618444889010.JavaMail.ad72bas1%40dr72bas20%3E,1,urn:openrag:openarchiver:email:9e325a3e-b01f-40bf-8890-b400d4e3d7f4:47f18705-a8de-4488-8ad9-c5eebc2ab3b1,0,required_query_intersection,alternate query; canonical query; control query; entity query; metadata_recovery,alternate-raccordement:dense@40; alternate-raccordement:rrf@86; alternate-travaux:dense@117; canonical-q1:dense@37; canonical-q1:rrf@105; deep-fibre-optique:dense@82; deep-fibre-optique:rrf@167; entity-orange-fibre:lexical@112; entity-orange-fibre:rrf@128; known-component-anchors:metadata_relation@64; outside-control-raccordement:dense@70
unreviewed,,,control_candidate,component-5f2623d86ab0a6f0,thread:urn:openrag:openarchiver:thread:6ca4c5b5-3440-4c50-8666-cecfa25916d5:%3CNM6B330B17302A36091PFO_PROD_DIF1%40infos.orange.fr%3E,1,urn:openrag:openarchiver:email:6ca4c5b5-3440-4c50-8666-cecfa25916d5:d81a8abb-0c06-4b79-bbda-97d9aa2465d4,1,required_query_intersection,alternate query; canonical query; control query; entity query; metadata_recovery,alternate-raccordement:dense@55; alternate-raccordement:lexical@18; alternate-raccordement:rrf@14; canonical-q1:dense@32; canonical-q1:lexical@37; canonical-q1:rrf@6; deep-fibre-optique:dense@80; deep-fibre-optique:lexical@67; deep-fibre-optique:rrf@49; entity-orange-fibre:dense@75; entity-orange-fibre:lexical@12; entity-orange-fibre:rrf@5; known-component-anchors:metadata_relation@143; outside-control-raccordement:dense@74; outside-control-raccordement:lexical@3; outside-control-raccordement:rrf@10
unreviewed,,,control_candidate,component-2cc9e7327f9cf085,thread:urn:openrag:openarchiver:thread:9e325a3e-b01f-40bf-8890-b400d4e3d7f4:%3C1729699555.B3fa3A1008.37366%40freetelecom.fr%3E,1,urn:openrag:openarchiver:email:9e325a3e-b01f-40bf-8890-b400d4e3d7f4:30992aae-1e6b-40da-8e8b-7365c566ca7e,1,required_query_intersection,alternate query; canonical query; control query; entity query; metadata_recovery,alternate-raccordement:dense@15; alternate-raccordement:lexical@6; alternate-raccordement:rrf@4; canonical-q1:dense@35; canonical-q1:lexical@25; canonical-q1:rrf@4; deep-fibre-optique:dense@31; deep-fibre-optique:lexical@20; deep-fibre-optique:rrf@15; entity-orange-fibre:lexical@109; entity-orange-fibre:rrf@189; known-component-anchors:metadata_relation@131; outside-control-raccordement:dense@62
unreviewed,,,uncertain_candidate,component-77eb513bad0fd5e5,thread:urn:openrag:openarchiver:thread:9e325a3e-b01f-40bf-8890-b400d4e3d7f4:%3CF4FFCA3A-4326-4FD8-8D62-E6052A5C674B%40ferme-de-pommerieux.fr%3E,2,urn:openrag:openarchiver:attachment:2cf49b73-f16a-42f8-a017-e4472adb6856; urn:openrag:openarchiver:email:9e325a3e-b01f-40bf-8890-b400d4e3d7f4:6af5fd05-6e46-426a-bb56-3174d113e27a,2,required_query_intersection,alternate query; canonical query; control query; entity query; metadata_recovery,alternate-raccordement:dense@30; alternate-raccordement:rrf@57; canonical-q1:dense@5; canonical-q1:rrf@20; deep-fibre-optique:dense@20; deep-fibre-optique:lexical@39; deep-fibre-optique:rrf@27; entity-orange-fibre:dense@10; entity-orange-fibre:lexical@34; entity-orange-fibre:rrf@16; known-component-anchors:metadata_relation@195; known-component-anchors:metadata_relation@198; outside-control-raccordement:dense@46
unreviewed,,,control_candidate,component-6fcbb5ca2d471ea4,thread:urn:openrag:openarchiver:thread:9e325a3e-b01f-40bf-8890-b400d4e3d7f4:%3C1729101508.1d3f18cB797.2332%40freetelecom.fr%3E,1,urn:openrag:openarchiver:email:9e325a3e-b01f-40bf-8890-b400d4e3d7f4:3d044b3a-4d22-4083-bdfc-9cf34f2b07cb,1,required_query_intersection,alternate query; canonical query; control query; entity query; metadata_recovery,alternate-raccordement:dense@9; alternate-raccordement:lexical@39; alternate-raccordement:rrf@6; canonical-q1:dense@29; canonical-q1:lexical@42; canonical-q1:rrf@5; deep-fibre-optique:dense@8; deep-fibre-optique:lexical@84; deep-fibre-optique:rrf@16; entity-orange-fibre:lexical@98; entity-orange-fibre:rrf@171; known-component-anchors:metadata_relation@69; outside-control-raccordement:dense@13; outside-control-raccordement:rrf@56
unreviewed,,,uncertain_candidate,component-ec4083201b0d0e44,thread:urn:openrag:openarchiver:thread:9e325a3e-b01f-40bf-8890-b400d4e3d7f4:%3C5AE93347-5912-4D6B-A38F-633EAF38267D%40ferme-de-pommerieux.fr%3E,2,urn:openrag:openarchiver:attachment:01dc5f1d-4699-4467-a5db-8c6683917c43; urn:openrag:openarchiver:email:9e325a3e-b01f-40bf-8890-b400d4e3d7f4:4e19718e-68ef-463f-8e16-5092587bfc5d,2,required_query_intersection,alternate query; canonical query; control query; entity query; metadata_recovery,alternate-raccordement:dense@36; alternate-raccordement:rrf@78; canonical-q1:dense@15; canonical-q1:rrf@47; deep-fibre-optique:dense@11; deep-fibre-optique:lexical@32; deep-fibre-optique:rrf@18; entity-orange-fibre:dense@6; entity-orange-fibre:lexical@26; entity-orange-fibre:rrf@10; known-component-anchors:metadata_relation@190; known-component-anchors:metadata_relation@225; known-component-anchors:metadata_relation@50; known-component-anchors:metadata_relation@51; outside-control-raccordement:dense@64
unreviewed,,,control_candidate,component-b05dede3cc69c830,thread:urn:openrag:openarchiver:thread:9e325a3e-b01f-40bf-8890-b400d4e3d7f4:%3Cb26fa060.CAAABhuQbPYAAAAAAAAAAIQWI8oAAAAAh9YAAAAAAB2i3gBnBNE5%40mailjet.com%3E,1,urn:openrag:openarchiver:email:9e325a3e-b01f-40bf-8890-b400d4e3d7f4:d0826233-e246-43f0-8a23-71995a28ef37,1,required_query_intersection,alternate query; canonical query; control query; entity query; metadata_recovery,alternate-raccordement:lexical@8; alternate-raccordement:rrf@30; canonical-q1:lexical@15; canonical-q1:rrf@29; deep-fibre-optique:lexical@136; deep-fibre-optique:rrf@183; entity-orange-fibre:lexical@10; entity-orange-fibre:rrf@34; known-component-anchors:metadata_relation@131; outside-control-telecom:lexical@26; outside-control-telecom:rrf@56
unreviewed,,,uncertain_candidate,component-797a348fa4269127,thread:urn:openrag:openarchiver:thread:9e325a3e-b01f-40bf-8890-b400d4e3d7f4:%3CBBFBC553-C0B2-4C3F-A742-60D7396D4E9B%40ferme-de-pommerieux.fr%3E,2,urn:openrag:openarchiver:attachment:124e92b9-cfd2-4045-9a35-f2ec1be1f786; urn:openrag:openarchiver:email:9e325a3e-b01f-40bf-8890-b400d4e3d7f4:415b23d3-f126-4490-9880-a2ed06732262,2,required_query_intersection,alternate query; canonical query; control query; entity query; metadata_recovery,alternate-raccordement:dense@32; alternate-raccordement:rrf@60; canonical-q1:dense@13; canonical-q1:rrf@38; deep-fibre-optique:dense@29; deep-fibre-optique:lexical@45; deep-fibre-optique:rrf@34; entity-orange-fibre:dense@9; entity-orange-fibre:lexical@44; entity-orange-fibre:rrf@13; known-component-anchors:metadata_relation@177; known-component-anchors:metadata_relation@280; known-component-anchors:metadata_relation@44; known-component-anchors:metadata_relation@70; outside-control-raccordement:dense@39
unreviewed,,,uncertain_candidate,component-d2b6ad97d19d7ea4,thread:urn:openrag:openarchiver:thread:9e325a3e-b01f-40bf-8890-b400d4e3d7f4:%3CC92E8EB1-EEA2-45DB-A970-2187B136B805%40ferme-de-pommerieux.fr%3E,2,urn:openrag:openarchiver:attachment:4a3bd200-156a-4830-8ee5-11731d42ca19; urn:openrag:openarchiver:email:9e325a3e-b01f-40bf-8890-b400d4e3d7f4:d94f7c98-3a0a-4d87-8f4e-9adf34e94eae,2,required_query_intersection,alternate query; canonical query; control query; entity query; metadata_recovery,alternate-raccordement:dense@33; alternate-raccordement:rrf@59; canonical-q1:dense@9; canonical-q1:rrf@28; deep-fibre-optique:dense@17; deep-fibre-optique:lexical@37; deep-fibre-optique:rrf@24; entity-orange-fibre:lexical@32; entity-orange-fibre:rrf@79; known-component-anchors:metadata_relation@133; known-component-anchors:metadata_relation@212; known-component-anchors:metadata_relation@24; known-component-anchors:metadata_relation@44; outside-control-raccordement:dense@43
unreviewed,,,control_candidate,component-453dbdf7df724ac7,thread:urn:openrag:openarchiver:thread:6ca4c5b5-3440-4c50-8666-cecfa25916d5:%3CNM6B485D7D802A7AD89PFO_PROD_DIF1%40infos.orange.fr%3E,1,urn:openrag:openarchiver:email:6ca4c5b5-3440-4c50-8666-cecfa25916d5:57c2ea79-6ee6-4c67-adf7-82d9ce54075a,1,required_query_intersection,alternate query; canonical query; control query; entity query; metadata_recovery,alternate-raccordement:dense@13; alternate-raccordement:lexical@80; alternate-raccordement:rrf@15; canonical-q1:dense@14; canonical-q1:rrf@44; deep-fibre-optique:dense@45; deep-fibre-optique:lexical@68; deep-fibre-optique:rrf@59; entity-orange-fibre:dense@146; entity-orange-fibre:lexical@30; entity-orange-fibre:rrf@52; known-component-anchors:metadata_relation@152; outside-control-raccordement:dense@20; outside-control-raccordement:lexical@74; outside-control-raccordement:rrf@28
unreviewed,,,control_candidate,component-33fd4c0d00e72722,thread:urn:openrag:openarchiver:thread:6ca4c5b5-3440-4c50-8666-cecfa25916d5:%3CNM6B6FE08D502AF3C33PFO_PROD_DIF1%40infos.orange.fr%3E,1,urn:openrag:openarchiver:email:6ca4c5b5-3440-4c50-8666-cecfa25916d5:3cd6d919-867b-475e-b155-92e0ec386879,1,required_query_intersection,alternate query; canonical query; control query; entity query; metadata_recovery,alternate-raccordement:dense@16; alternate-raccordement:lexical@84; alternate-raccordement:rrf@17; canonical-q1:dense@16; canonical-q1:rrf@50; deep-fibre-optique:dense@37; deep-fibre-optique:lexical@78; deep-fibre-optique:rrf@67; entity-orange-fibre:dense@161; entity-orange-fibre:lexical@36; entity-orange-fibre:rrf@56; known-component-anchors:metadata_relation@80; outside-control-raccordement:dense@19; outside-control-raccordement:lexical@71; outside-control-raccordement:rrf@27
unreviewed,,,control_candidate,component-d1ad367deb8c509b,thread:urn:openrag:openarchiver:thread:6ca4c5b5-3440-4c50-8666-cecfa25916d5:%3CNM6BA35477302B8720FPFO_PROD_DIF1%40infos.orange.fr%3E,1,urn:openrag:openarchiver:email:6ca4c5b5-3440-4c50-8666-cecfa25916d5:13ac4f3c-c9cd-40de-8b45-4c2660bfc3b6,1,required_query_intersection,alternate query; canonical query; control query; entity query; metadata_recovery,alternate-raccordement:dense@21; alternate-raccordement:lexical@82; alternate-raccordement:rrf@22; canonical-q1:dense@17; canonical-q1:rrf@52; deep-fibre-optique:dense@49; deep-fibre-optique:lexical@81; deep-fibre-optique:rrf@75; entity-orange-fibre:dense@136; entity-orange-fibre:lexical@39; entity-orange-fibre:rrf@53; known-component-anchors:metadata_relation@149; outside-control-raccordement:dense@21; outside-control-raccordement:rrf@29
unreviewed,,,control_candidate,component-307ae5eb5c76dcd1,thread:urn:openrag:openarchiver:thread:6ca4c5b5-3440-4c50-8666-cecfa25916d5:%3CNM6B90AC84E02B4C6EFPFO_PROD_DIF1%40infos.orange.fr%3E,1,urn:openrag:openarchiver:email:6ca4c5b5-3440-4c50-8666-cecfa25916d5:b24a17b5-0943-41ef-a13b-e6e78d0865f3,1,required_query_intersection,alternate query; canonical query; control query; entity query; metadata_recovery,alternate-raccordement:dense@20; alternate-raccordement:lexical@77; alternate-raccordement:rrf@20; canonical-q1:dense@18; canonical-q1:rrf@53; deep-fibre-optique:dense@44; deep-fibre-optique:lexical@77; deep-fibre-optique:rrf@53; entity-orange-fibre:dense@170; entity-orange-fibre:lexical@35; entity-orange-fibre:rrf@55; known-component-anchors:metadata_relation@3; outside-control-raccordement:dense@25; outside-control-raccordement:lexical@69; outside-control-raccordement:rrf@31
unreviewed,,,control_candidate,component-35d44546be74ed83,thread:urn:openrag:openarchiver:thread:6ca4c5b5-3440-4c50-8666-cecfa25916d5:%3CNM6B65D7A1D02AD37DAPFO_PROD_DIF1%40infos.orange.fr%3E,1,urn:openrag:openarchiver:email:6ca4c5b5-3440-4c50-8666-cecfa25916d5:ac0819c3-ce59-4a1b-9f13-4de72623935f,1,required_query_intersection,alternate query; canonical query; control query; entity query; metadata_recovery,alternate-raccordement:dense@18; alternate-raccordement:lexical@79; alternate-raccordement:rrf@18; canonical-q1:dense@20; canonical-q1:rrf@56; deep-fibre-optique:dense@42; deep-fibre-optique:lexical@66; deep-fibre-optique:rrf@52; entity-orange-fibre:dense@174; entity-orange-fibre:lexical@29; entity-orange-fibre:rrf@46; known-component-anchors:metadata_relation@102; outside-control-raccordement:dense@23; outside-control-raccordement:lexical@73; outside-control-raccordement:rrf@30
unreviewed,,,control_candidate,component-fe87c27fe64ba8d7,thread:urn:openrag:openarchiver:thread:6ca4c5b5-3440-4c50-8666-cecfa25916d5:%3CNM6B40E3BB802A5D2F9PFO_PROD_DIF1%40infos.orange.fr%3E,1,urn:openrag:openarchiver:email:6ca4c5b5-3440-4c50-8666-cecfa25916d5:da066a69-f964-4fb0-8467-724eb773aa90,1,required_query_intersection,alternate query; canonical query; control query; entity query; metadata_recovery,alternate-raccordement:dense@29; alternate-raccordement:lexical@54; alternate-raccordement:rrf@19; canonical-q1:dense@28; canonical-q1:rrf@72; deep-fibre-optique:dense@40; deep-fibre-optique:lexical@82; deep-fibre-optique:rrf@65; entity-orange-fibre:dense@171; entity-orange-fibre:lexical@40; entity-orange-fibre:rrf@62; known-component-anchors:metadata_relation@234; outside-control-raccordement:dense@24; outside-control-raccordement:lexical@62; outside-control-raccordement:rrf@26
unreviewed,,,control_candidate,component-2ee43b915ec7376f,thread:urn:openrag:openarchiver:thread:6ca4c5b5-3440-4c50-8666-cecfa25916d5:%3C634427549.274971655777237682.JavaMail.ad72bas1%40op72bas208%3E,1,urn:openrag:openarchiver:email:6ca4c5b5-3440-4c50-8666-cecfa25916d5:58bb328f-91e6-43dc-a575-494604bbb1b4,1,required_query_intersection,alternate query; canonical query; control query; metadata_recovery,alternate-raccordement:dense@22; alternate-raccordement:rrf@56; alternate-travaux:dense@141; alternate-travaux:rrf@142; canonical-q1:dense@21; canonical-q1:lexical@190; canonical-q1:rrf@22; deep-fibre-optique:dense@94; deep-fibre-optique:rrf@190; known-component-anchors:metadata_relation@205; outside-control-raccordement:dense@40
unreviewed,,,control_candidate,component-98e66afd225c8265,thread:urn:openrag:openarchiver:thread:6ca4c5b5-3440-4c50-8666-cecfa25916d5:%3CNM6B99BF8DA02B6A395PFO_PROD_DIF1%40infos.orange.fr%3E,1,urn:openrag:openarchiver:email:6ca4c5b5-3440-4c50-8666-cecfa25916d5:4b60a56d-8496-4d59-b9b0-894eff1b62e0,1,required_query_intersection,alternate query; canonical query; control query; entity query; metadata_recovery,alternate-raccordement:dense@25; alternate-raccordement:lexical@81; alternate-raccordement:rrf@27; canonical-q1:dense@22; canonical-q1:rrf@61; deep-fibre-optique:dense@47; deep-fibre-optique:lexical@80; deep-fibre-optique:rrf@71; entity-orange-fibre:dense@160; entity-orange-fibre:lexical@38; entity-orange-fibre:rrf@58; known-component-anchors:metadata_relation@135; outside-control-raccordement:dense@26; outside-control-raccordement:lexical@75; outside-control-raccordement:rrf@35
unreviewed,,,control_candidate,component-66f7c56f1d3908ca,thread:urn:openrag:openarchiver:thread:6ca4c5b5-3440-4c50-8666-cecfa25916d5:%3CNM6B594639502AB2DFCPFO_PROD_DIF1%40infos.orange.fr%3E,1,urn:openrag:openarchiver:email:6ca4c5b5-3440-4c50-8666-cecfa25916d5:e59b1cd6-1a38-44b2-961b-c5bfd22343ff,1,required_query_intersection,alternate query; canonical query; control query; entity query; metadata_recovery,alternate-raccordement:dense@23; alternate-raccordement:lexical@78; alternate-raccordement:rrf@25; canonical-q1:dense@23; canonical-q1:rrf@62; deep-fibre-optique:dense@50; deep-fibre-optique:lexical@79; deep-fibre-optique:rrf@63; entity-orange-fibre:dense@162; entity-orange-fibre:lexical@37; entity-orange-fibre:rrf@59; known-component-anchors:metadata_relation@89; outside-control-raccordement:dense@27; outside-control-raccordement:lexical@72; outside-control-raccordement:rrf@34
unreviewed,,,control_candidate,component-538ff02ec1e8894d,thread:urn:openrag:openarchiver:thread:6ca4c5b5-3440-4c50-8666-cecfa25916d5:%3CNM6BB9949AC02BDB2E1PFO_PROD_DIF1%40infos.orange.fr%3E,1,urn:openrag:openarchiver:email:6ca4c5b5-3440-4c50-8666-cecfa25916d5:63cbf914-ea19-4328-a970-ea96b3e7c38d,1,required_query_intersection,alternate query; canonical query; control query; entity query; metadata_recovery,alternate-raccordement:dense@26; alternate-raccordement:lexical@76; alternate-raccordement:rrf@26; canonical-q1:dense@27; canonical-q1:rrf@71; deep-fibre-optique:dense@53; deep-fibre-optique:lexical@95; deep-fibre-optique:rrf@64; entity-orange-fibre:dense@185; entity-orange-fibre:lexical@58; entity-orange-fibre:rrf@82; known-component-anchors:metadata_relation@47; outside-control-raccordement:dense@28; outside-control-raccordement:lexical@70; outside-control-raccordement:rrf@33
unreviewed,,,outside_baseline_candidate,component-3f70110c8f320fb1,thread:urn:openrag:openarchiver:thread:6ca4c5b5-3440-4c50-8666-cecfa25916d5:%3Cf731665f7ebb49efb86c02956be0b345%40santepubliquefrance.com%3E,3,urn:openrag:openarchiver:attachment:1ae6bd0b-a239-421c-8e00-7dfc09c470e7; urn:openrag:openarchiver:attachment:21430b58-18cf-4e22-b960-d2d51785aa26; urn:openrag:openarchiver:email:6ca4c5b5-3440-4c50-8666-cecfa25916d5:3b6056ea-98ad-430b-94fc-ad1f9e61cd16,0,required_query_intersection,alternate query; canonical query; entity query; metadata_recovery,alternate-raccordement:lexical@43; alternate-raccordement:rrf@89; alternate-travaux:lexical@69; alternate-travaux:rrf@147; canonical-q1:lexical@135; deep-fibre-optique:lexical@18; deep-fibre-optique:rrf@40; entity-orange-fibre:dense@30; entity-orange-fibre:dense@49; entity-orange-fibre:lexical@139; entity-orange-fibre:lexical@4; entity-orange-fibre:rrf@108; entity-orange-fibre:rrf@7; known-component-anchors:metadata_relation@138; known-component-anchors:metadata_relation@157; known-component-anchors:metadata_relation@16; known-component-anchors:metadata_relation@184; known-component-anchors:metadata_relation@23
unreviewed,,,outside_baseline_candidate,component-5c5f0371f4159308,thread:urn:openrag:openarchiver:thread:6ca4c5b5-3440-4c50-8666-cecfa25916d5:%3C1831787319.56701660390571951.JavaMail.ad72bas1%40op72bas201%3E,1,urn:openrag:openarchiver:email:6ca4c5b5-3440-4c50-8666-cecfa25916d5:65c7f248-31b6-487b-8639-84272da7d5ae,0,required_query_intersection,alternate query; canonical query; entity query; metadata_recovery,alternate-raccordement:dense@19; alternate-raccordement:rrf@33; alternate-travaux:dense@54; alternate-travaux:rrf@115; canonical-q1:dense@41; canonical-q1:rrf@82; deep-fibre-optique:dense@287; entity-orange-fibre:lexical@132; known-component-anchors:metadata_relation@137
unreviewed,,,outside_baseline_candidate,component-72906384480cc768,thread:urn:openrag:openarchiver:thread:6ca4c5b5-3440-4c50-8666-cecfa25916d5:%3C1272770859.150601655734074806.JavaMail.ad72bas1%40op72bas200%3E,1,urn:openrag:openarchiver:email:6ca4c5b5-3440-4c50-8666-cecfa25916d5:cfcda6d1-6c22-473c-be4d-6c1c379f7d10,0,required_query_intersection,alternate query; canonical query; entity query; metadata_recovery,alternate-raccordement:dense@50; alternate-raccordement:rrf@112; alternate-travaux:dense@149; canonical-q1:dense@30; canonical-q1:rrf@90; deep-fibre-optique:dense@238; entity-orange-fibre:dense@41; entity-orange-fibre:lexical@178; entity-orange-fibre:rrf@61; known-component-anchors:metadata_relation@10
unreviewed,,,outside_baseline_candidate,component-b7b671ba2d10e758,thread:urn:openrag:openarchiver:thread:9e325a3e-b01f-40bf-8890-b400d4e3d7f4:%3C1769689073.333441637197718016.JavaMail.ad72bas1%40op72bas201%3E,1,urn:openrag:openarchiver:email:9e325a3e-b01f-40bf-8890-b400d4e3d7f4:a686386e-219b-4919-89d8-b71708dc25f1,0,required_query_intersection,alternate query; canonical query; entity query; metadata_recovery,alternate-raccordement:dense@79; alternate-travaux:dense@35; alternate-travaux:rrf@72; canonical-q1:dense@69; canonical-q1:rrf@199; deep-fibre-optique:dense@118; deep-fibre-optique:rrf@235; entity-orange-fibre:dense@87; entity-orange-fibre:lexical@120; entity-orange-fibre:rrf@104; known-component-anchors:metadata_relation@75
unreviewed,,,outside_baseline_candidate,component-bf7f963098d4f96d,thread:urn:openrag:openarchiver:thread:9e325a3e-b01f-40bf-8890-b400d4e3d7f4:%3C113298099.427791645060368575.JavaMail.ad72bas1%40op72bas102%3E,1,urn:openrag:openarchiver:email:9e325a3e-b01f-40bf-8890-b400d4e3d7f4:875d7775-9cbb-42f8-9f97-f8eec3cf0db9,0,required_query_intersection,alternate query; canonical query; entity query; metadata_recovery,alternate-raccordement:dense@74; alternate-travaux:dense@37; alternate-travaux:rrf@75; canonical-q1:dense@70; canonical-q1:rrf@200; deep-fibre-optique:dense@113; deep-fibre-optique:rrf@225; entity-orange-fibre:dense@130; entity-orange-fibre:lexical@114; entity-orange-fibre:rrf@125; known-component-anchors:metadata_relation@10
unreviewed,,,outside_baseline_candidate,component-6b40254ee8115026,thread:urn:openrag:openarchiver:thread:9e325a3e-b01f-40bf-8890-b400d4e3d7f4:%3C1446440163.363971639617474866.JavaMail.ad72bas1%40op72bas209%3E,1,urn:openrag:openarchiver:email:9e325a3e-b01f-40bf-8890-b400d4e3d7f4:30e42024-1e33-43fd-9bce-56ada06a54c9,0,required_query_intersection,alternate query; canonical query; entity query; metadata_recovery,alternate-raccordement:dense@78; alternate-travaux:dense@38; alternate-travaux:rrf@78; canonical-q1:dense@71; deep-fibre-optique:dense@114; deep-fibre-optique:rrf@227; entity-orange-fibre:dense@169; entity-orange-fibre:lexical@116; entity-orange-fibre:rrf@139; known-component-anchors:metadata_relation@37
unreviewed,,,outside_baseline_candidate,component-7cc7ef08ab85d768,thread:urn:openrag:openarchiver:thread:9e325a3e-b01f-40bf-8890-b400d4e3d7f4:%3C71158621.382301631750894298.JavaMail.ad72bas1%40dr72bas29%3E,1,urn:openrag:openarchiver:email:9e325a3e-b01f-40bf-8890-b400d4e3d7f4:390c0b9b-f3a6-458d-bf00-cdf881aa3486,0,required_query_intersection,alternate query; canonical query; entity query; metadata_recovery,alternate-raccordement:dense@93; alternate-travaux:dense@39; alternate-travaux:rrf@80; canonical-q1:dense@72; deep-fibre-optique:dense@115; deep-fibre-optique:rrf@230; entity-orange-fibre:dense@108; entity-orange-fibre:lexical@118; entity-orange-fibre:rrf@113; known-component-anchors:metadata_relation@85
unreviewed,,,outside_baseline_candidate,component-20a7be24235c223a,thread:urn:openrag:openarchiver:thread:9e325a3e-b01f-40bf-8890-b400d4e3d7f4:%3C1023985870.214241634257802724.JavaMail.ad72bas1%40op72bas108%3E,1,urn:openrag:openarchiver:email:9e325a3e-b01f-40bf-8890-b400d4e3d7f4:2169e450-6131-4114-82ff-e8f9636ae2c9,0,required_query_intersection,alternate query; canonical query; entity query; metadata_recovery,alternate-raccordement:dense@80; alternate-travaux:dense@40; alternate-travaux:rrf@83; canonical-q1:dense@73; deep-fibre-optique:dense@116; deep-fibre-optique:rrf@231; entity-orange-fibre:dense@74; entity-orange-fibre:lexical@119; entity-orange-fibre:rrf@94; known-component-anchors:metadata_relation@65
unreviewed,,,outside_baseline_candidate,component-bf5c30f103114add,thread:urn:openrag:openarchiver:thread:9e325a3e-b01f-40bf-8890-b400d4e3d7f4:%3C2097952369.266801628985845743.JavaMail.ad72bas1%40dr72bas24%3E,1,urn:openrag:openarchiver:email:9e325a3e-b01f-40bf-8890-b400d4e3d7f4:86ee4f15-e9c6-4b48-9ca3-f497e2be3cce,0,required_query_intersection,alternate query; canonical query; entity query; metadata_recovery,alternate-raccordement:dense@94; alternate-travaux:dense@41; alternate-travaux:rrf@85; canonical-q1:dense@74; deep-fibre-optique:dense@117; deep-fibre-optique:rrf@234; entity-orange-fibre:dense@133; entity-orange-fibre:lexical@123; entity-orange-fibre:rrf@131; known-component-anchors:metadata_relation@210
unreviewed,,,outside_baseline_candidate,component-9dc868690ffe5af7,thread:urn:openrag:openarchiver:thread:9e325a3e-b01f-40bf-8890-b400d4e3d7f4:%3C1104341021.259481647475377768.JavaMail.ad72bas1%40op72bas108%3E,1,urn:openrag:openarchiver:email:9e325a3e-b01f-40bf-8890-b400d4e3d7f4:a67ad6a1-d5ac-4226-a50e-e64f63fac336,0,required_query_intersection,alternate query; canonical query; entity query; metadata_recovery,alternate-raccordement:dense@71; alternate-raccordement:rrf@146; alternate-travaux:dense@44; alternate-travaux:rrf@89; canonical-q1:dense@81; deep-fibre-optique:dense@126; deep-fibre-optique:rrf@247; entity-orange-fibre:dense@129; entity-orange-fibre:lexical@115; entity-orange-fibre:rrf@124; known-component-anchors:metadata_relation@15
unreviewed,,,outside_baseline_candidate,component-0c822a9a558e2cea,thread:urn:openrag:openarchiver:thread:9e325a3e-b01f-40bf-8890-b400d4e3d7f4:%3C493002304.315541653433832211.JavaMail.ad72bas1%40op72bas204%3E,1,urn:openrag:openarchiver:email:9e325a3e-b01f-40bf-8890-b400d4e3d7f4:a635c7de-0f65-4b75-9e93-43f9aac54847,0,required_query_intersection,alternate query; canonical query; entity query; metadata_recovery,alternate-raccordement:dense@95; alternate-travaux:dense@47; alternate-travaux:rrf@95; canonical-q1:dense@83; deep-fibre-optique:dense@134; deep-fibre-optique:rrf@258; entity-orange-fibre:dense@128; entity-orange-fibre:lexical@121; entity-orange-fibre:rrf@127; known-component-anchors:metadata_relation@124
unreviewed,,,outside_baseline_candidate,component-e12074bb88c51973,thread:urn:openrag:openarchiver:thread:9e325a3e-b01f-40bf-8890-b400d4e3d7f4:%3C2051505018.226581649977867966.JavaMail.ad72bas1%40op72bas208%3E,1,urn:openrag:openarchiver:email:9e325a3e-b01f-40bf-8890-b400d4e3d7f4:f755e211-287f-4f9a-8082-818831a0d26b,0,required_query_intersection,alternate query; canonical query; entity query; metadata_recovery,alternate-raccordement:dense@91; alternate-travaux:dense@48; alternate-travaux:rrf@98; canonical-q1:dense@84; deep-fibre-optique:dense@135; deep-fibre-optique:rrf@260; entity-orange-fibre:dense@163; entity-orange-fibre:lexical@122; entity-orange-fibre:rrf@145; known-component-anchors:metadata_relation@110
unreviewed,,,high_confidence_candidate,component-2f657ce12019f3d9,thread:urn:openrag:openarchiver:thread:9e325a3e-b01f-40bf-8890-b400d4e3d7f4:%3CPR0P264MB34349B90ACD0EEAFBF1244A987C49%40PR0P264MB3434.FRAP264.PROD.OUTLOOK.COM%3E,5,urn:openrag:openarchiver:email:9e325a3e-b01f-40bf-8890-b400d4e3d7f4:596caade-aaf5-46bd-963f-7ba3191f23d5; urn:openrag:openarchiver:email:9e325a3e-b01f-40bf-8890-b400d4e3d7f4:7913db01-7eef-46af-ad6e-ce41f0e775df; urn:openrag:openarchiver:email:9e325a3e-b01f-40bf-8890-b400d4e3d7f4:7f05558b-5cec-4db0-a569-2e9fa646d409; urn:openrag:openarchiver:email:9e325a3e-b01f-40bf-8890-b400d4e3d7f4:8fc0d2c0-bc3d-4c6b-a98b-21f1f308275a; urn:openrag:openarchiver:email:9e325a3e-b01f-40bf-8890-b400d4e3d7f4:bce89233-949f-433c-8e83-76d0cc2dcc6a,5,required_query_intersection,alternate query; canonical query; entity query; metadata_recovery,alternate-travaux:lexical@130; canonical-q1:lexical@149; canonical-q1:lexical@26; canonical-q1:lexical@4; canonical-q1:lexical@60; canonical-q1:lexical@82; canonical-q1:rrf@12; canonical-q1:rrf@127; canonical-q1:rrf@45; canonical-q1:rrf@95; deep-fibre-optique:lexical@225; entity-orange-fibre:lexical@57; entity-orange-fibre:rrf@106; known-component-anchors:metadata_relation@121; known-component-anchors:metadata_relation@133; known-component-anchors:metadata_relation@17; known-component-anchors:metadata_relation@178; known-component-anchors:metadata_relation@206; known-component-anchors:metadata_relation@215; known-component-anchors:metadata_relation@242; known-component-anchors:metadata_relation@252; known-component-anchors:metadata_relation@254; known-component-anchors:metadata_relation@300; known-component-anchors:metadata_relation@35; known-component-anchors:metadata_relation@52; known-component-anchors:metadata_relation@53; known-component-anchors:metadata_relation@66; known-component-anchors:metadata_relation@69
unreviewed,,,high_confidence_candidate,component-4842a5253018cef8,thread:urn:openrag:openarchiver:thread:9e325a3e-b01f-40bf-8890-b400d4e3d7f4:%3CA9BC6E98-0390-4A9F-9423-978EF02E7982%40ferme-de-pommerieux.fr%3E,2,urn:openrag:openarchiver:attachment:5200e9a0-4b9a-4df8-b260-4ff912eb1e9d; urn:openrag:openarchiver:email:9e325a3e-b01f-40bf-8890-b400d4e3d7f4:30b019f1-ceb6-418b-8917-ae170e53e814,2,required_query_intersection,alternate query; canonical query; entity query; metadata_recovery,alternate-raccordement:dense@44; alternate-raccordement:rrf@97; canonical-q1:dense@11; canonical-q1:rrf@33; deep-fibre-optique:dense@30; deep-fibre-optique:lexical@31; deep-fibre-optique:rrf@28; entity-orange-fibre:lexical@25; entity-orange-fibre:rrf@71; known-component-anchors:metadata_relation@106; known-component-anchors:metadata_relation@47; known-component-anchors:metadata_relation@66; known-component-anchors:metadata_relation@77
unreviewed,,,outside_baseline_candidate,component-97162335203ef55e,thread:urn:openrag:openarchiver:thread:6ca4c5b5-3440-4c50-8666-cecfa25916d5:%3C1013948166.1146681719780495174.JavaMail.ad72bas1%40op72bas101%3E,2,urn:openrag:openarchiver:attachment:2927e92d-fc41-47d2-aa23-7bd8461dbae9; urn:openrag:openarchiver:email:6ca4c5b5-3440-4c50-8666-cecfa25916d5:ad285480-b87e-4a04-beb5-611eea71299c,0,required_query_intersection,alternate query; canonical query; entity query; metadata_recovery,alternate-raccordement:dense@43; alternate-raccordement:lexical@141; alternate-raccordement:rrf@95; canonical-q1:dense@64; canonical-q1:lexical@107; canonical-q1:rrf@170; canonical-q1:rrf@177; deep-fibre-optique:dense@221; entity-orange-fibre:dense@2; entity-orange-fibre:dense@50; entity-orange-fibre:lexical@71; entity-orange-fibre:rrf@4; entity-orange-fibre:rrf@85; known-component-anchors:metadata_relation@105; known-component-anchors:metadata_relation@156; known-component-anchors:metadata_relation@38; known-component-anchors:metadata_relation@67
unreviewed,,,control_candidate,component-5123b36f7e3613df,thread:urn:openrag:openarchiver:thread:6ca4c5b5-3440-4c50-8666-cecfa25916d5:%3C3bb13c40-a4d4-408e-b2ee-c4646415e285%40xtgap4s7mta4580.xt.local%3E,1,urn:openrag:openarchiver:email:6ca4c5b5-3440-4c50-8666-cecfa25916d5:995bd202-3610-4934-9228-51db090b622f,0,required_query_intersection,alternate query; canonical query; control query; metadata_recovery,canonical-q1:dense@49; canonical-q1:rrf@138; deep-fibre-optique:dense@16; deep-fibre-optique:rrf@41; known-component-anchors:metadata_relation@90; outside-control-raccordement:dense@6; outside-control-raccordement:rrf@17; outside-control-telecom:dense@34; outside-control-telecom:rrf@70
unreviewed,,,control_candidate,component-fb4dbf488cce0f1c,thread:urn:openrag:openarchiver:thread:6ca4c5b5-3440-4c50-8666-cecfa25916d5:%3C4ce0b133-dacc-4a5c-9d9b-b8c5b6f0d66d%40xtgap4s7mta4580.xt.local%3E,1,urn:openrag:openarchiver:email:6ca4c5b5-3440-4c50-8666-cecfa25916d5:f071db96-29c0-40fa-92ca-bf42841bd06a,0,required_query_intersection,alternate query; canonical query; control query; metadata_recovery,canonical-q1:dense@88; deep-fibre-optique:dense@21; deep-fibre-optique:rrf@45; known-component-anchors:metadata_relation@132; outside-control-raccordement:dense@10; outside-control-raccordement:rrf@18; outside-control-telecom:dense@66
unreviewed,,,outside_baseline_candidate,component-defa6952bd91f9b3,thread:urn:openrag:openarchiver:thread:6ca4c5b5-3440-4c50-8666-cecfa25916d5:%3C7EB72B6A-9D0F-4634-9EB0-E75A439B9480%40wisearch.fr%3E,5,urn:openrag:openarchiver:attachment:1fde41c1-9fce-4e7c-81ec-82fc884957be; urn:openrag:openarchiver:attachment:28d802f9-5f06-40a5-bf8f-8c6267e28b9d; urn:openrag:openarchiver:attachment:4e767aaf-ef78-4c98-b5a3-bc947db3a9a3; urn:openrag:openarchiver:attachment:79e0666a-3cb0-4762-af18-5eb6be9329e5; urn:openrag:openarchiver:email:6ca4c5b5-3440-4c50-8666-cecfa25916d5:23ff72a7-3201-44b2-9ab2-561c88487ad9,0,required_query_intersection,alternate query; canonical query; entity query; metadata_recovery,alternate-raccordement:dense@86; canonical-q1:dense@57; canonical-q1:rrf@159; deep-fibre-optique:dense@189; deep-fibre-optique:dense@197; entity-orange-fibre:dense@11; entity-orange-fibre:dense@21; entity-orange-fibre:rrf@17; entity-orange-fibre:rrf@33; known-component-anchors:metadata_relation@143; known-component-anchors:metadata_relation@156; known-component-anchors:metadata_relation@158; known-component-anchors:metadata_relation@164; known-component-anchors:metadata_relation@167; known-component-anchors:metadata_relation@202; known-component-anchors:metadata_relation@205; known-component-anchors:metadata_relation@214
unreviewed,,,control_candidate,component-b9ae90590565d31a,thread:urn:openrag:openarchiver:thread:9e325a3e-b01f-40bf-8890-b400d4e3d7f4:%3C1727692341.cbECAb126.8127%40freetelecom.fr%3E,1,urn:openrag:openarchiver:email:9e325a3e-b01f-40bf-8890-b400d4e3d7f4:fb176bb8-9a91-4277-9b0a-3cc2e00a289a,0,required_query_intersection,alternate query; canonical query; control query; metadata_recovery,alternate-raccordement:dense@39; alternate-raccordement:lexical@60; alternate-raccordement:rrf@55; canonical-q1:dense@76; deep-fibre-optique:dense@52; deep-fibre-optique:lexical@11; deep-fibre-optique:rrf@14; known-component-anchors:metadata_relation@89; outside-control-raccordement:dense@45
unreviewed,,,outside_baseline_candidate,component-0e1296a2dd420060,thread:urn:openrag:openarchiver:thread:9e325a3e-b01f-40bf-8890-b400d4e3d7f4:%3C8A611290-645C-443A-964D-5E68E2AB72E0%40ferme-de-pommerieux.fr%3E,2,urn:openrag:openarchiver:attachment:163402ed-e853-4972-9b6f-213d9c39d4b8; urn:openrag:openarchiver:email:9e325a3e-b01f-40bf-8890-b400d4e3d7f4:2858e1bd-8b96-4c0e-8b1a-658aa311f73b,0,required_query_intersection,alternate query; canonical query; entity query; metadata_recovery,alternate-raccordement:dense@97; canonical-q1:dense@51; canonical-q1:rrf@148; deep-fibre-optique:dense@190; entity-orange-fibre:dense@13; entity-orange-fibre:rrf@20; known-component-anchors:metadata_relation@239; known-component-anchors:metadata_relation@66; known-component-anchors:metadata_relation@69
unreviewed,,,outside_baseline_candidate,component-83ff3fa21792ae68,thread:urn:openrag:openarchiver:thread:6ca4c5b5-3440-4c50-8666-cecfa25916d5:%3CE0B3DBE9-4548-4469-8753-26AEBD3994F4%40wisearch.eu%3E,2,urn:openrag:openarchiver:attachment:1beef0e1-6d76-4224-994d-1f9ddcc2a1fa; urn:openrag:openarchiver:email:6ca4c5b5-3440-4c50-8666-cecfa25916d5:71ce5656-76cc-469a-a9f8-1d814b7c9d17,0,required_query_intersection,alternate query; canonical query; entity query; metadata_recovery,alternate-raccordement:dense@85; canonical-q1:dense@56; canonical-q1:rrf@158; deep-fibre-optique:dense@201; entity-orange-fibre:dense@14; entity-orange-fibre:rrf@23; known-component-anchors:metadata_relation@227; known-component-anchors:metadata_relation@55; known-component-anchors:metadata_relation@68
unreviewed,,,outside_baseline_candidate,component-e3cb63c25826a0dc,thread:urn:openrag:openarchiver:thread:9e325a3e-b01f-40bf-8890-b400d4e3d7f4:%3CDA7FE180-11AD-4A80-BC1B-7802C164A1B9%40ferme-de-pommerieux.fr%3E,2,urn:openrag:openarchiver:attachment:098cf048-59cc-425f-a19b-d9f5f66a4441; urn:openrag:openarchiver:email:9e325a3e-b01f-40bf-8890-b400d4e3d7f4:3b82b0a8-92f5-4fef-a0c1-55e84ec03438,0,required_query_intersection,alternate query; canonical query; entity query; metadata_recovery,alternate-raccordement:dense@87; canonical-q1:dense@52; canonical-q1:rrf@151; deep-fibre-optique:dense@191; entity-orange-fibre:dense@15; entity-orange-fibre:rrf@25; known-component-anchors:metadata_relation@211; known-component-anchors:metadata_relation@35; known-component-anchors:metadata_relation@38
unreviewed,,,outside_baseline_candidate,component-d3e1db0c9a150834,thread:urn:openrag:openarchiver:thread:6ca4c5b5-3440-4c50-8666-cecfa25916d5:%3C0887A214-220D-43E1-93A9-2881776DFA05%40wisearch.eu%3E,2,urn:openrag:openarchiver:attachment:5dfb2dac-746e-4c51-9a5c-5020d5207b99; urn:openrag:openarchiver:email:6ca4c5b5-3440-4c50-8666-cecfa25916d5:738704bf-61e0-493c-8abb-bb2bc697613e,0,required_query_intersection,alternate query; canonical query; entity query; metadata_recovery,alternate-raccordement:dense@96; canonical-q1:dense@60; canonical-q1:rrf@166; deep-fibre-optique:dense@202; entity-orange-fibre:dense@16; entity-orange-fibre:rrf@26; known-component-anchors:metadata_relation@166; known-component-anchors:metadata_relation@168
unreviewed,,,outside_baseline_candidate,component-313e4a97b7fe726d,thread:urn:openrag:openarchiver:thread:6ca4c5b5-3440-4c50-8666-cecfa25916d5:%3C8519C202-AC67-4C1D-955F-41639E267A23%40wisearch.eu%3E,2,urn:openrag:openarchiver:attachment:2d46cec7-3fb3-468c-9dc2-9a3ca303ba20; urn:openrag:openarchiver:email:6ca4c5b5-3440-4c50-8666-cecfa25916d5:1e7a6bdb-0692-4aa5-8c28-22f5458b6001,0,required_query_intersection,alternate query; canonical query; entity query; metadata_recovery,alternate-raccordement:dense@90; canonical-q1:dense@54; canonical-q1:rrf@156; deep-fibre-optique:dense@200; entity-orange-fibre:dense@18; entity-orange-fibre:rrf@29; known-component-anchors:metadata_relation@100; known-component-anchors:metadata_relation@125; known-component-anchors:metadata_relation@53; known-component-anchors:metadata_relation@64
unreviewed,,,outside_baseline_candidate,component-44ba53412aaf5cd5,thread:urn:openrag:openarchiver:thread:9e325a3e-b01f-40bf-8890-b400d4e3d7f4:%3C1e012cfd-a492-b369-9f76-3ab452bf535e%40civam.org%3E,2,urn:openrag:openarchiver:attachment:576d8d3e-3a62-4514-abb2-70ac66cf5372; urn:openrag:openarchiver:email:9e325a3e-b01f-40bf-8890-b400d4e3d7f4:5139f617-c9cc-45dc-8cee-5fadf3522ff3,0,required_query_intersection,alternate query; canonical query; entity query; metadata_recovery,alternate-raccordement:lexical@59; alternate-raccordement:rrf@117; canonical-q1:lexical@146; deep-fibre-optique:lexical@29; deep-fibre-optique:rrf@60; entity-orange-fibre:lexical@19; entity-orange-fibre:rrf@51; known-component-anchors:metadata_relation@11; known-component-anchors:metadata_relation@163; known-component-anchors:metadata_relation@212; known-component-anchors:metadata_relation@7
unreviewed,,,outside_baseline_candidate,component-aa303f44b4bb54c6,thread:urn:openrag:openarchiver:thread:9e325a3e-b01f-40bf-8890-b400d4e3d7f4:%3C88502E73-58D1-4256-8FBF-0DDC644CA8B1%40ferme-de-pommerieux.fr%3E,2,urn:openrag:openarchiver:attachment:61fcae19-0776-4d2f-9c99-6d2c33cbceb1; urn:openrag:openarchiver:email:9e325a3e-b01f-40bf-8890-b400d4e3d7f4:8f880cd3-feda-4a7a-8dde-99dc820af328,0,required_query_intersection,alternate query; canonical query; entity query; metadata_recovery,alternate-raccordement:dense@102; canonical-q1:dense@65; canonical-q1:rrf@179; deep-fibre-optique:dense@220; entity-orange-fibre:dense@19; entity-orange-fibre:rrf@31; known-component-anchors:metadata_relation@12; known-component-anchors:metadata_relation@285; known-component-anchors:metadata_relation@9
unreviewed,,,outside_baseline_candidate,component-2fedb80d56261d81,thread:urn:openrag:openarchiver:thread:9e325a3e-b01f-40bf-8890-b400d4e3d7f4:%3C8B574F22-EB17-4239-9F2E-EB563D215543%40ferme-de-pommerieux.fr%3E,6,urn:openrag:openarchiver:attachment:293101e7-4a82-4190-b947-1785107fd7ff; urn:openrag:openarchiver:attachment:4fd8aa4a-a0cb-4670-8932-955b423337ce; urn:openrag:openarchiver:email:9e325a3e-b01f-40bf-8890-b400d4e3d7f4:2b61d237-51f5-4993-995c-a252e0e39f78; urn:openrag:openarchiver:email:9e325a3e-b01f-40bf-8890-b400d4e3d7f4:4552ed68-235c-4a3a-a9e6-94a18f6ae808; urn:openrag:openarchiver:email:9e325a3e-b01f-40bf-8890-b400d4e3d7f4:a1f3126f-b76d-4f27-a875-56635cdb3fdc; urn:openrag:openarchiver:email:9e325a3e-b01f-40bf-8890-b400d4e3d7f4:c7ad9732-2396-4d8e-9d46-97a94d1d4a93,0,required_query_intersection,alternate query; canonical query; control query; entity query; metadata_recovery,canonical-q1:dense@105; deep-fibre-optique:lexical@212; entity-orange-fibre:dense@115; entity-orange-fibre:rrf@162; known-component-anchors:metadata_relation@163; known-component-anchors:metadata_relation@180; known-component-anchors:metadata_relation@2; known-component-anchors:metadata_relation@26; known-component-anchors:metadata_relation@34; known-component-anchors:metadata_relation@40; known-component-anchors:metadata_relation@52; known-component-anchors:metadata_relation@83; outside-control-telecom:dense@22; outside-control-telecom:rrf@48
unreviewed,,,control_candidate,component-af71a238590a341a,thread:urn:openrag:openarchiver:thread:9e325a3e-b01f-40bf-8890-b400d4e3d7f4:%3Ce5b8a161-8a9f-4975-a87b-47926b4c7844%40atl1s07mta2183.xt.local%3E,1,urn:openrag:openarchiver:email:9e325a3e-b01f-40bf-8890-b400d4e3d7f4:629ca1ce-425f-4e0f-a928-a4ba09e4ade7,0,required_query_intersection,alternate query; canonical query; control query; metadata_recovery,canonical-q1:dense@95; deep-fibre-optique:dense@22; deep-fibre-optique:rrf@50; known-component-anchors:metadata_relation@293; outside-control-raccordement:dense@31; outside-control-telecom:dense@50
unreviewed,,,outside_baseline_candidate,component-ec0628ac32f203f0,thread:urn:openrag:openarchiver:thread:6ca4c5b5-3440-4c50-8666-cecfa25916d5:%3C17330_1675441450_63DD352A_17330_379_1_2088926338.91675441450701.JavaMail.psunit01%40opsasas12%3E,1,urn:openrag:openarchiver:email:6ca4c5b5-3440-4c50-8666-cecfa25916d5:c30d60d8-dabb-4cee-a915-23846448828a,0,required_query_intersection,alternate query; canonical query; entity query; metadata_recovery,alternate-raccordement:dense@45; alternate-raccordement:lexical@49; alternate-raccordement:rrf@29; alternate-travaux:dense@104; alternate-travaux:lexical@70; alternate-travaux:rrf@34; canonical-q1:dense@77; entity-orange-fibre:lexical@200; known-component-anchors:metadata_relation@35
unreviewed,,,outside_baseline_candidate,component-f5176ec032fe0624,thread:urn:openrag:openarchiver:thread:9e325a3e-b01f-40bf-8890-b400d4e3d7f4:%3CPR2PR03MB51618D6714C8CE2EC0E13F7DF7DD0%40PR2PR03MB5161.eurprd03.prod.outlook.com%3E,3,urn:openrag:openarchiver:attachment:1dbb7e84-2588-4b0c-aac8-a418a19a6ec4; urn:openrag:openarchiver:attachment:3d13fb19-41af-4a3f-a29d-3fa788cbaa19; urn:openrag:openarchiver:email:9e325a3e-b01f-40bf-8890-b400d4e3d7f4:9c67ab25-979b-43f8-affc-6f335f390f6e,0,required_query_intersection,alternate query; canonical query; entity query; metadata_recovery,alternate-raccordement:lexical@37; alternate-raccordement:rrf@74; canonical-q1:lexical@108; canonical-q1:rrf@171; deep-fibre-optique:lexical@114; deep-fibre-optique:rrf@141; entity-orange-fibre:lexical@149; known-component-anchors:metadata_relation@109; known-component-anchors:metadata_relation@134; known-component-anchors:metadata_relation@152; known-component-anchors:metadata_relation@170; known-component-anchors:metadata_relation@212; known-component-anchors:metadata_relation@310
unreviewed,,,outside_baseline_candidate,component-dbbc66c60a7592b3,thread:urn:openrag:openarchiver:thread:6ca4c5b5-3440-4c50-8666-cecfa25916d5:%3CA55828F6-E13B-4B67-828A-73C771B24046%40wisearch.fr%3E,2,urn:openrag:openarchiver:attachment:51454f6a-009a-449b-8e8e-8480686b6bde; urn:openrag:openarchiver:email:6ca4c5b5-3440-4c50-8666-cecfa25916d5:ab7d908d-03fd-4744-b038-b11a51b851ca,0,required_query_intersection,alternate query; canonical query; control query; metadata_recovery,alternate-raccordement:lexical@97; canonical-q1:lexical@162; deep-fibre-optique:lexical@284; known-component-anchors:metadata_relation@241; known-component-anchors:metadata_relation@56; known-component-anchors:metadata_relation@72; outside-control-raccordement:lexical@40; outside-control-raccordement:rrf@68
unreviewed,,,control_candidate,component-c5d92464737688ab,thread:urn:openrag:openarchiver:thread:9e325a3e-b01f-40bf-8890-b400d4e3d7f4:%3CE1t4HDF-00008L-7V%40webdev-004.vit3.mcra.fr%3E,1,urn:openrag:openarchiver:email:9e325a3e-b01f-40bf-8890-b400d4e3d7f4:373d8b8e-dd19-49e0-b3c8-05e29a23ccba,0,required_query_intersection,alternate query; canonical query; control query; metadata_recovery,alternate-raccordement:dense@57; alternate-raccordement:rrf@133; canonical-q1:dense@78; deep-fibre-optique:dense@41; deep-fibre-optique:rrf@103; known-component-anchors:metadata_relation@13; outside-control-raccordement:dense@75
unreviewed,,,outside_baseline_candidate,component-5778fdda66ecb48c,thread:urn:openrag:openarchiver:thread:9e325a3e-b01f-40bf-8890-b400d4e3d7f4:%3C1427098221.570861732306736281.JavaMail.ad72bas1%40op72bas104%3E,1,urn:openrag:openarchiver:email:9e325a3e-b01f-40bf-8890-b400d4e3d7f4:d2e05699-9ec5-4ed5-bce1-99ac1a1a566d,0,required_query_intersection,alternate query; canonical query; metadata_recovery,alternate-raccordement:dense@53; alternate-raccordement:rrf@128; alternate-travaux:dense@72; alternate-travaux:rrf@141; canonical-q1:dense@43; canonical-q1:rrf@125; deep-fibre-optique:dense@286; known-component-anchors:metadata_relation@94
unreviewed,,,outside_baseline_candidate,component-c9f489f95048d25a,thread:urn:openrag:openarchiver:thread:6ca4c5b5-3440-4c50-8666-cecfa25916d5:%3C120623435.206591592895888834.JavaMail.ad72bas1%40dr72bas24%3E,1,urn:openrag:openarchiver:email:6ca4c5b5-3440-4c50-8666-cecfa25916d5:6d628cc8-5996-4883-85a6-e0ba104fbadb,0,required_query_intersection,alternate query; canonical query; entity query; metadata_recovery,alternate-raccordement:dense@101; alternate-raccordement:rrf@138; alternate-travaux:dense@78; alternate-travaux:rrf@82; canonical-q1:dense@68; canonical-q1:lexical@78; canonical-q1:rrf@46; entity-orange-fibre:dense@72; entity-orange-fibre:lexical@96; entity-orange-fibre:rrf@73; known-component-anchors:metadata_relation@78
unreviewed,,,outside_baseline_candidate,component-08c3c86d0aadfb1d,thread:urn:openrag:openarchiver:thread:9e325a3e-b01f-40bf-8890-b400d4e3d7f4:%3CB02786E1-5D82-4870-BEAD-F03AB1106C9F%40ferme-de-pommerieux.fr%3E,5,urn:openrag:openarchiver:attachment:14c52838-c53f-4329-b6f3-b500852321d5; urn:openrag:openarchiver:attachment:34e1c7d6-85ba-4797-909b-fab7d27a301a; urn:openrag:openarchiver:attachment:630d171d-266b-4588-8376-d21cdf7f0c84; urn:openrag:openarchiver:attachment:776aa468-56d3-49e8-8498-22f54454bf5e; urn:openrag:openarchiver:email:9e325a3e-b01f-40bf-8890-b400d4e3d7f4:d54eb22c-300c-43be-98a8-2ce3b28469cd,0,required_query_intersection,alternate query; canonical query; entity query; metadata_recovery,alternate-raccordement:dense@66; alternate-raccordement:dense@67; alternate-raccordement:dense@89; alternate-raccordement:rrf@141; alternate-raccordement:rrf@143; canonical-q1:dense@97; deep-fibre-optique:dense@54; deep-fibre-optique:dense@55; deep-fibre-optique:dense@71; deep-fibre-optique:lexical@105; deep-fibre-optique:lexical@108; deep-fibre-optique:lexical@109; deep-fibre-optique:lexical@111; deep-fibre-optique:rrf@136; deep-fibre-optique:rrf@137; deep-fibre-optique:rrf@48; deep-fibre-optique:rrf@51; entity-orange-fibre:lexical@140; entity-orange-fibre:lexical@142; entity-orange-fibre:lexical@145; entity-orange-fibre:lexical@147; known-component-anchors:metadata_relation@103; known-component-anchors:metadata_relation@136; known-component-anchors:metadata_relation@216; known-component-anchors:metadata_relation@22; known-component-anchors:metadata_relation@237; known-component-anchors:metadata_relation@335; known-component-anchors:metadata_relation@39; known-component-anchors:metadata_relation@60
unreviewed,,,outside_baseline_candidate,component-2cdbd1a78adab052,thread:urn:openrag:openarchiver:thread:9e325a3e-b01f-40bf-8890-b400d4e3d7f4:%3CF3C7DA27-95B1-4A8E-9FC5-12320239B321%40ferme-de-pommerieux.fr%3E,4,urn:openrag:openarchiver:attachment:25292769-c40b-4fcb-8f63-89677d43a281; urn:openrag:openarchiver:attachment:3ace1ba8-1223-4da3-8e15-81a7d573a33c; urn:openrag:openarchiver:attachment:6a064fae-81e8-41c3-aa11-ee2f6afadbfb; urn:openrag:openarchiver:email:9e325a3e-b01f-40bf-8890-b400d4e3d7f4:90455ebd-4741-49d1-a105-1133d5af4455,0,required_query_intersection,alternate query; canonical query; entity query; metadata_recovery,alternate-raccordement:dense@69; alternate-raccordement:dense@77; alternate-raccordement:dense@83; alternate-raccordement:rrf@144; canonical-q1:dense@136; deep-fibre-optique:dense@58; deep-fibre-optique:dense@64; deep-fibre-optique:lexical@103; deep-fibre-optique:lexical@104; deep-fibre-optique:lexical@106; deep-fibre-optique:rrf@134; deep-fibre-optique:rrf@56; deep-fibre-optique:rrf@69; entity-orange-fibre:lexical@101; entity-orange-fibre:lexical@141; entity-orange-fibre:lexical@143; entity-orange-fibre:rrf@175; known-component-anchors:metadata_relation@108; known-component-anchors:metadata_relation@2; known-component-anchors:metadata_relation@3; known-component-anchors:metadata_relation@45; known-component-anchors:metadata_relation@49; known-component-anchors:metadata_relation@5
unreviewed,,,outside_baseline_candidate,component-aac8a9c134197ea7,thread:urn:openrag:openarchiver:thread:6ca4c5b5-3440-4c50-8666-cecfa25916d5:%3CC7ACFB10-EC70-475C-AF01-FF649DE7CB33%40chve-livet.com%3E,2,urn:openrag:openarchiver:attachment:443915bd-47e1-487f-824f-f27a249092f3; urn:openrag:openarchiver:email:6ca4c5b5-3440-4c50-8666-cecfa25916d5:db7bd852-97c8-4efe-aba5-926d80aa2cab,0,required_query_intersection,alternate query; canonical query; entity query; metadata_recovery,alternate-raccordement:lexical@101; canonical-q1:lexical@158; deep-fibre-optique:lexical@57; deep-fibre-optique:rrf@93; entity-orange-fibre:lexical@127; known-component-anchors:metadata_relation@113; known-component-anchors:metadata_relation@132; known-component-anchors:metadata_relation@20; known-component-anchors:metadata_relation@39
unreviewed,,,high_confidence_candidate,component-e33bffc9f65ada29,thread:urn:openrag:openarchiver:thread:6ca4c5b5-3440-4c50-8666-cecfa25916d5:%3CF5F41058-FC65-4891-8DCF-47DD1DC490A0%40wisearch.fr%3E,7,urn:openrag:openarchiver:attachment:49c2f86d-0c59-4940-adf5-689763bd4832; urn:openrag:openarchiver:attachment:746d1a4a-b411-4a74-9eab-e9bc1be0b54d; urn:openrag:openarchiver:email:6ca4c5b5-3440-4c50-8666-cecfa25916d5:0c9fefad-59d0-4e0d-bee1-c06001c81fc2; urn:openrag:openarchiver:email:6ca4c5b5-3440-4c50-8666-cecfa25916d5:3296a538-8262-49ba-8500-8d430dca8cc7; urn:openrag:openarchiver:email:6ca4c5b5-3440-4c50-8666-cecfa25916d5:5da4bb52-0486-4e66-b9f1-2dbe6a7905fc; urn:openrag:openarchiver:email:6ca4c5b5-3440-4c50-8666-cecfa25916d5:9b539e62-097d-4606-8840-3aa9e4fe5388; urn:openrag:openarchiver:email:6ca4c5b5-3440-4c50-8666-cecfa25916d5:e6140ba3-7812-4254-9f4f-21ef2701f111,7,required_query_intersection,alternate query; canonical query; metadata_recovery,alternate-raccordement:lexical@12; alternate-raccordement:lexical@126; alternate-raccordement:rrf@36; canonical-q1:lexical@11; canonical-q1:lexical@8; canonical-q1:rrf@18; canonical-q1:rrf@21; deep-fibre-optique:lexical@12; deep-fibre-optique:lexical@13; deep-fibre-optique:rrf@29; deep-fibre-optique:rrf@31; known-component-anchors:metadata_relation@239; known-component-anchors:metadata_relation@255; known-component-anchors:metadata_relation@263; known-component-anchors:metadata_relation@266; known-component-anchors:metadata_relation@274; known-component-anchors:metadata_relation@299; known-component-anchors:metadata_relation@311
unreviewed,,,high_confidence_candidate,component-4b070d9836a520b9,thread:urn:openrag:openarchiver:thread:9e325a3e-b01f-40bf-8890-b400d4e3d7f4:%3CPR0P264MB3434E2641383BF17AF072D9087CD9%40PR0P264MB3434.FRAP264.PROD.OUTLOOK.COM%3E,18,urn:openrag:openarchiver:attachment:116e7de4-0fbd-4cbb-896f-4d4aab93349c; urn:openrag:openarchiver:email:9e325a3e-b01f-40bf-8890-b400d4e3d7f4:0a4dcfb1-b9a9-4181-bcac-f3d676cf4ffb; urn:openrag:openarchiver:email:9e325a3e-b01f-40bf-8890-b400d4e3d7f4:250aaf8c-e8ab-4e24-b9cd-406caabed8f4; urn:openrag:openarchiver:email:9e325a3e-b01f-40bf-8890-b400d4e3d7f4:30c52bc5-f854-4241-97c7-6b0da3e0906b; urn:openrag:openarchiver:email:9e325a3e-b01f-40bf-8890-b400d4e3d7f4:375fd8cc-2691-4adb-b2d8-f2ee106ef690; urn:openrag:openarchiver:email:9e325a3e-b01f-40bf-8890-b400d4e3d7f4:3d14ea3a-d971-4c55-bef5-eca24d5ac256; urn:openrag:openarchiver:email:9e325a3e-b01f-40bf-8890-b400d4e3d7f4:3e9aafdd-217a-48cc-8239-7033dc3a0302; urn:openrag:openarchiver:email:9e325a3e-b01f-40bf-8890-b400d4e3d7f4:412c61fd-6537-4b54-ab62-11a95a6881ce; urn:openrag:openarchiver:email:9e325a3e-b01f-40bf-8890-b400d4e3d7f4:4c3e7c0f-ee9f-44a0-9e5a-6118d4d49507; urn:openrag:openarchiver:email:9e325a3e-b01f-40bf-8890-b400d4e3d7f4:5966c0ee-a014-4a4a-9dd4-40f88ffd98c4; urn:openrag:openarchiver:email:9e325a3e-b01f-40bf-8890-b400d4e3d7f4:689e5276-44c6-419e-86a2-8622dbc0729e; urn:openrag:openarchiver:email:9e325a3e-b01f-40bf-8890-b400d4e3d7f4:7046faa7-24fe-45b5-9824-4004341fc325; urn:openrag:openarchiver:email:9e325a3e-b01f-40bf-8890-b400d4e3d7f4:764feb46-d192-42f0-aa97-cad4f89a9b61; urn:openrag:openarchiver:email:9e325a3e-b01f-40bf-8890-b400d4e3d7f4:b8229212-0d8e-4a19-a8bb-38629eec7bda; urn:openrag:openarchiver:email:9e325a3e-b01f-40bf-8890-b400d4e3d7f4:c7c0036c-5d8a-4bd7-a3c7-f6acc9970cdf; urn:openrag:openarchiver:email:9e325a3e-b01f-40bf-8890-b400d4e3d7f4:ce14307c-f090-45aa-a5d4-d8569b741c51; urn:openrag:openarchiver:email:9e325a3e-b01f-40bf-8890-b400d4e3d7f4:ef42b57c-49e8-408b-8bd8-71c9c3c23314; urn:openrag:openarchiver:email:9e325a3e-b01f-40bf-8890-b400d4e3d7f4:f9a0e0ba-3259-443c-9968-6f755d30df1a,18,required_query_intersection,alternate query; canonical query; entity query; metadata_recovery,canonical-q1:lexical@17; canonical-q1:lexical@29; canonical-q1:lexical@30; canonical-q1:lexical@31; canonical-q1:lexical@36; canonical-q1:lexical@65; canonical-q1:lexical@66; canonical-q1:lexical@68; canonical-q1:lexical@71; canonical-q1:lexical@72; canonical-q1:lexical@73; canonical-q1:lexical@74; canonical-q1:lexical@75; canonical-q1:lexical@77; canonical-q1:lexical@81; canonical-q1:lexical@83; canonical-q1:lexical@86; canonical-q1:rrf@101; canonical-q1:rrf@102; canonical-q1:rrf@106; canonical-q1:rrf@111; canonical-q1:rrf@113; canonical-q1:rrf@115; canonical-q1:rrf@116; canonical-q1:rrf@117; canonical-q1:rrf@119; canonical-q1:rrf@126; canonical-q1:rrf@128; canonical-q1:rrf@131; canonical-q1:rrf@32; canonical-q1:rrf@51; canonical-q1:rrf@54; canonical-q1:rrf@55; canonical-q1:rrf@64; deep-fibre-optique:lexical@113; deep-fibre-optique:lexical@296; deep-fibre-optique:lexical@298; deep-fibre-optique:rrf@139; entity-orange-fibre:lexical@148; known-component-anchors:metadata_relation@1; known-component-anchors:metadata_relation@101; known-component-anchors:metadata_relation@109; known-component-anchors:metadata_relation@110; known-component-anchors:metadata_relation@117; known-component-anchors:metadata_relation@118; known-component-anchors:metadata_relation@121; known-component-anchors:metadata_relation@122; known-component-anchors:metadata_relation@129; known-component-anchors:metadata_relation@135; known-component-anchors:metadata_relation@139; known-component-anchors:metadata_relation@16; known-component-anchors:metadata_relation@163; known-component-anchors:metadata_relation@167; known-component-anchors:metadata_relation@169; known-component-anchors:metadata_relation@174; known-component-anchors:metadata_relation@178; known-component-anchors:metadata_relation@18; known-component-anchors:metadata_relation@181; known-component-anchors:metadata_relation@183; known-component-anchors:metadata_relation@19; known-component-anchors:metadata_relation@190; known-component-anchors:metadata_relation@197; known-component-anchors:metadata_relation@198; known-component-anchors:metadata_relation@2; known-component-anchors:metadata_relation@200; known-component-anchors:metadata_relation@208; known-component-anchors:metadata_relation@21; known-component-anchors:metadata_relation@22; known-component-anchors:metadata_relation@222; known-component-anchors:metadata_relation@234; known-component-anchors:metadata_relation@24; known-component-anchors:metadata_relation@247; known-component-anchors:metadata_relation@25; known-component-anchors:metadata_relation@258; known-component-anchors:metadata_relation@265; known-component-anchors:metadata_relation@27; known-component-anchors:metadata_relation@29; known-component-anchors:metadata_relation@3; known-component-anchors:metadata_relation@30; known-component-anchors:metadata_relation@32; known-component-anchors:metadata_relation@4
unreviewed,,,outside_baseline_candidate,component-272053b89239ba91,thread:urn:openrag:openarchiver:thread:9e325a3e-b01f-40bf-8890-b400d4e3d7f4:%3C7c47f50efbf743678ed7fe27bf6a01a5%40ca-valdefrance.fr%3E,3,urn:openrag:openarchiver:attachment:3118623c-e8c0-431d-85cd-f2c5685a85fa; urn:openrag:openarchiver:email:9e325a3e-b01f-40bf-8890-b400d4e3d7f4:37584462-5ac3-4c2c-9aef-15ba149086e8; urn:openrag:openarchiver:email:9e325a3e-b01f-40bf-8890-b400d4e3d7f4:4bdb2d50-5d08-422d-8a04-28c9e2882f5e,0,required_query_intersection,alternate query; canonical query; entity query; metadata_recovery,canonical-q1:dense@44; canonical-q1:rrf@96; deep-fibre-optique:dense@95; deep-fibre-optique:rrf@191; entity-orange-fibre:dense@5; entity-orange-fibre:lexical@80; entity-orange-fibre:rrf@8; known-component-anchors:metadata_relation@121; known-component-anchors:metadata_relation@166; known-component-anchors:metadata_relation@197; known-component-anchors:metadata_relation@260; known-component-anchors:metadata_relation@5
unreviewed,,,outside_baseline_candidate,component-70a0351cf3841ade,thread:urn:openrag:openarchiver:thread:9e325a3e-b01f-40bf-8890-b400d4e3d7f4:%3C4ED05C77-A211-4EC5-A197-CC2230E63440%40ferme-de-pommerieux.fr%3E,2,urn:openrag:openarchiver:attachment:1ec6a0e0-2e30-46fe-9ee2-0ea0d7c16eb1; urn:openrag:openarchiver:email:9e325a3e-b01f-40bf-8890-b400d4e3d7f4:60b67937-6443-4338-b1f2-43dbacf896b0,0,required_query_intersection,alternate query; canonical query; entity query; metadata_recovery,canonical-q1:dense@119; deep-fibre-optique:dense@193; entity-orange-fibre:dense@12; entity-orange-fibre:rrf@18; known-component-anchors:metadata_relation@104; known-component-anchors:metadata_relation@87; known-component-anchors:metadata_relation@92; known-component-anchors:metadata_relation@96
unreviewed,,,outside_baseline_candidate,component-d2295c2c64b6144c,thread:urn:openrag:openarchiver:thread:6ca4c5b5-3440-4c50-8666-cecfa25916d5:%3CAM4PR02MB13618F1AAA9FAA6B2220FDFCCF3A0%40AM4PR02MB1361.eurprd02.prod.outlook.com%3E,5,urn:openrag:openarchiver:attachment:031932c1-94fa-450a-858c-c0dc88fc00fb; urn:openrag:openarchiver:attachment:1d5f1db0-cf5e-4877-8584-c09e2b3d7d9b; urn:openrag:openarchiver:attachment:25ab0416-11a7-49dc-9d14-984165d13993; urn:openrag:openarchiver:attachment:4aab2c4d-0393-4d06-8b6c-a0d64c0aa23c; urn:openrag:openarchiver:email:6ca4c5b5-3440-4c50-8666-cecfa25916d5:82806f58-1fc1-4bd6-9b07-c430a7e6cc10,0,required_query_intersection,alternate query; canonical query; metadata_recovery,alternate-raccordement:lexical@27; alternate-raccordement:rrf@61; canonical-q1:lexical@167; deep-fibre-optique:lexical@16; deep-fibre-optique:lexical@201; deep-fibre-optique:rrf@38; known-component-anchors:metadata_relation@113; known-component-anchors:metadata_relation@150; known-component-anchors:metadata_relation@222; known-component-anchors:metadata_relation@283; known-component-anchors:metadata_relation@292; known-component-anchors:metadata_relation@33; known-component-anchors:metadata_relation@47
unreviewed,,,outside_baseline_candidate,component-b00dc1a64b77b578,thread:urn:openrag:openarchiver:thread:9e325a3e-b01f-40bf-8890-b400d4e3d7f4:%3C14A598D8-4616-4AA5-9393-9F15E5B406B3%40ferme-de-pommerieux.fr%3E,2,urn:openrag:openarchiver:attachment:61a37d8b-d88b-4be0-8add-a7c1ec03743d; urn:openrag:openarchiver:email:9e325a3e-b01f-40bf-8890-b400d4e3d7f4:06565d79-bc56-4629-8407-8964e3035dfc,0,required_query_intersection,alternate query; canonical query; entity query; metadata_recovery,canonical-q1:dense@87; deep-fibre-optique:dense@199; entity-orange-fibre:dense@17; entity-orange-fibre:rrf@27; known-component-anchors:metadata_relation@160; known-component-anchors:metadata_relation@40; known-component-anchors:metadata_relation@68
unreviewed,,,outside_baseline_candidate,component-e1f103ce76fab65f,thread:urn:openrag:openarchiver:thread:6ca4c5b5-3440-4c50-8666-cecfa25916d5:%3CDB7PR04MB5418DB80DCCF9B1CD475519C848AA%40DB7PR04MB5418.eurprd04.prod.outlook.com%3E,13,urn:openrag:openarchiver:attachment:055c1014-e27a-469e-b796-42f2c78d41ce; urn:openrag:openarchiver:attachment:2c89bdd8-0682-4cee-ae5b-074e368b9d0f; urn:openrag:openarchiver:attachment:31da24ba-1ce2-4322-a009-30ca0492763a; urn:openrag:openarchiver:attachment:391813b9-e006-4007-a502-32773bec603d; urn:openrag:openarchiver:attachment:42dcfa6b-1943-4eb0-8899-c926cfdfa012; urn:openrag:openarchiver:attachment:7212de69-b6f4-493c-8b38-7478791478ef; urn:openrag:openarchiver:email:6ca4c5b5-3440-4c50-8666-cecfa25916d5:0cddbbf3-b615-4f7b-9bbb-3d5b3419b101; urn:openrag:openarchiver:email:6ca4c5b5-3440-4c50-8666-cecfa25916d5:1667bdb8-056c-4c76-a47c-1bf23a0f7830; urn:openrag:openarchiver:email:6ca4c5b5-3440-4c50-8666-cecfa25916d5:2b0c24b8-691a-4406-ad58-806844a5e233; urn:openrag:openarchiver:email:6ca4c5b5-3440-4c50-8666-cecfa25916d5:4d3e6619-6118-4f20-a4f8-983e27c44135; urn:openrag:openarchiver:email:6ca4c5b5-3440-4c50-8666-cecfa25916d5:50c5f166-a6e4-4134-9223-ec199ce75634; urn:openrag:openarchiver:email:6ca4c5b5-3440-4c50-8666-cecfa25916d5:8e6b1398-32c0-45c8-8b9b-1ebeb52c1d3f; urn:openrag:openarchiver:email:6ca4c5b5-3440-4c50-8666-cecfa25916d5:af41d442-efd6-4f17-9bc9-c8d18269ae8e,0,required_query_intersection,canonical query; control query; entity query; metadata_recovery,canonical-q1:dense@139; entity-orange-fibre:lexical@23; entity-orange-fibre:rrf@67; known-component-anchors:metadata_relation@108; known-component-anchors:metadata_relation@153; known-component-anchors:metadata_relation@16; known-component-anchors:metadata_relation@199; known-component-anchors:metadata_relation@220; known-component-anchors:metadata_relation@229; known-component-anchors:metadata_relation@242; known-component-anchors:metadata_relation@269; known-component-anchors:metadata_relation@287; known-component-anchors:metadata_relation@288; known-component-anchors:metadata_relation@302; known-component-anchors:metadata_relation@309; known-component-anchors:metadata_relation@43; known-component-anchors:metadata_relation@8; outside-control-raccordement:lexical@17; outside-control-raccordement:rrf@36
unreviewed,,,outside_baseline_candidate,component-1b91797f9a9dab97,thread:urn:openrag:openarchiver:thread:6ca4c5b5-3440-4c50-8666-cecfa25916d5:%3C003d01d3e08f%24e05b2090%24a11161b0%24%40ecac.fr%3E,2,urn:openrag:openarchiver:attachment:508ac418-7b59-4435-bd0f-50784eff4061; urn:openrag:openarchiver:email:6ca4c5b5-3440-4c50-8666-cecfa25916d5:cb5c0277-d9fc-49e1-89e7-108f2ed8e96c,0,required_query_intersection,alternate query; canonical query; entity query; metadata_recovery,alternate-raccordement:dense@100; canonical-q1:dense@67; canonical-q1:rrf@189; entity-orange-fibre:lexical@18; entity-orange-fibre:rrf@50; known-component-anchors:metadata_relation@152; known-component-anchors:metadata_relation@29; known-component-anchors:metadata_relation@47
unreviewed,,,outside_baseline_candidate,component-f202e4ce9be9c90d,thread:urn:openrag:openarchiver:thread:6ca4c5b5-3440-4c50-8666-cecfa25916d5:%3CBDF8E550-083A-4693-A37B-441F566BFA3B%40wisearch.fr%3E,2,urn:openrag:openarchiver:attachment:28a0385a-fbef-4bcc-8e77-af5cd0792a81; urn:openrag:openarchiver:email:6ca4c5b5-3440-4c50-8666-cecfa25916d5:492abeea-672c-4870-b5e1-eb2c7597fa2a,0,required_query_intersection,alternate query; canonical query; control query; metadata_recovery,canonical-q1:dense@25; canonical-q1:rrf@66; deep-fibre-optique:dense@161; known-component-anchors:metadata_relation@121; known-component-anchors:metadata_relation@164; known-component-anchors:metadata_relation@228; outside-control-raccordement:dense@34
unreviewed,,,outside_baseline_candidate,component-02cd4ab679a785c2,thread:urn:openrag:openarchiver:thread:6ca4c5b5-3440-4c50-8666-cecfa25916d5:%3C1799553340.7412459.1615128768553%40app04-ddm-pr.phys.prod%3E,1,urn:openrag:openarchiver:email:6ca4c5b5-3440-4c50-8666-cecfa25916d5:25d10db8-a03c-47e8-b06a-0d79573e4545,0,required_query_intersection,alternate query; canonical query; metadata_recovery,alternate-raccordement:dense@27; alternate-raccordement:rrf@63; canonical-q1:dense@42; canonical-q1:rrf@124; deep-fibre-optique:dense@108; deep-fibre-optique:lexical@96; deep-fibre-optique:rrf@82; known-component-anchors:metadata_relation@127
unreviewed,,,control_candidate,component-08e2fae285d18865,thread:urn:openrag:openarchiver:thread:9e325a3e-b01f-40bf-8890-b400d4e3d7f4:%3CeofYADuwsKiUDBfsEXqewDQGfK0GHYQnEl0xTnV88%40lists.milkywan.fr%3E,1,urn:openrag:openarchiver:email:9e325a3e-b01f-40bf-8890-b400d4e3d7f4:55458988-7e8e-4061-bea4-e6e6bbb8f57c,0,required_query_intersection,alternate query; canonical query; control query; metadata_recovery,canonical-q1:lexical@98; canonical-q1:rrf@152; deep-fibre-optique:dense@73; deep-fibre-optique:rrf@149; known-component-anchors:metadata_relation@76; outside-control-telecom:dense@33; outside-control-telecom:rrf@67
unreviewed,,,outside_baseline_candidate,component-c96620399994b7c1,thread:urn:openrag:openarchiver:thread:6ca4c5b5-3440-4c50-8666-cecfa25916d5:%3C949409814.981048.1410075866273.JavaMail.ihdwls1%40bt1shl9p%3E,2,urn:openrag:openarchiver:attachment:46c05208-d704-4f23-a474-3af8485f6751; urn:openrag:openarchiver:email:6ca4c5b5-3440-4c50-8666-cecfa25916d5:43572216-b253-48f8-968d-a011c3acbb78,0,required_query_intersection,alternate query; canonical query; control query; metadata_recovery,canonical-q1:dense@86; deep-fibre-optique:dense@261; known-component-anchors:metadata_relation@131; known-component-anchors:metadata_relation@15; known-component-anchors:metadata_relation@19; outside-control-telecom:dense@40
unreviewed,,,outside_baseline_candidate,component-5b572ce9c264435e,thread:urn:openrag:openarchiver:thread:9e325a3e-b01f-40bf-8890-b400d4e3d7f4:%3C82F3AE8C-A47B-496F-A756-5F8C6465AA4C%40ferme-de-pommerieux.fr%3E,8,urn:openrag:openarchiver:attachment:35d6544a-249a-404e-b5b7-b35dbc9c18b9; urn:openrag:openarchiver:attachment:42e171ae-841f-4d0a-82b1-38bcf9d6cfaa; urn:openrag:openarchiver:email:9e325a3e-b01f-40bf-8890-b400d4e3d7f4:29c4e80a-87f2-4bd7-a052-f9caca9694eb; urn:openrag:openarchiver:email:9e325a3e-b01f-40bf-8890-b400d4e3d7f4:52403edf-153b-4fa3-9bb6-46ca44bab3cf; urn:openrag:openarchiver:email:9e325a3e-b01f-40bf-8890-b400d4e3d7f4:93ad79e0-2f42-4fe8-be89-58e47b0119d2; urn:openrag:openarchiver:email:9e325a3e-b01f-40bf-8890-b400d4e3d7f4:a5b31ed7-a719-4a4c-a49f-926ffae7b901; urn:openrag:openarchiver:email:9e325a3e-b01f-40bf-8890-b400d4e3d7f4:bf849c26-2fe6-49b4-95fe-26d2f4ec9b5f; urn:openrag:openarchiver:email:9e325a3e-b01f-40bf-8890-b400d4e3d7f4:c61ca45f-40cd-47d9-bcd8-19679b4e341a,0,required_query_intersection,alternate query; canonical query; entity query; metadata_recovery,alternate-raccordement:lexical@83; alternate-raccordement:rrf@140; canonical-q1:lexical@79; canonical-q1:rrf@120; entity-orange-fibre:lexical@45; entity-orange-fibre:rrf@90; known-component-anchors:metadata_relation@108; known-component-anchors:metadata_relation@147; known-component-anchors:metadata_relation@234; known-component-anchors:metadata_relation@246; known-component-anchors:metadata_relation@266; known-component-anchors:metadata_relation@281; known-component-anchors:metadata_relation@66; known-component-anchors:metadata_relation@88; known-component-anchors:metadata_relation@91
unreviewed,,,outside_baseline_candidate,component-0b24eb803f4d5a3d,thread:urn:openrag:openarchiver:thread:6ca4c5b5-3440-4c50-8666-cecfa25916d5:%3C2051639692.249381592906646464.JavaMail.ad72bas1%40op72bas16%3E,2,urn:openrag:openarchiver:attachment:3a610079-d9a2-44c5-94e9-3cb61bd0e05c; urn:openrag:openarchiver:email:6ca4c5b5-3440-4c50-8666-cecfa25916d5:e1b517bb-541f-498b-92cf-d5c024daf929,0,required_query_intersection,alternate query; canonical query; entity query; metadata_recovery,alternate-raccordement:dense@46; alternate-raccordement:rrf@66; canonical-q1:dense@66; canonical-q1:rrf@149; entity-orange-fibre:lexical@193; known-component-anchors:metadata_relation@17; known-component-anchors:metadata_relation@22
unreviewed,,,outside_baseline_candidate,component-aa34271a690068b1,thread:urn:openrag:openarchiver:thread:6ca4c5b5-3440-4c50-8666-cecfa25916d5:%3C20230207084607.1.bd3a245a0bbddd8%40network1.pickup.fr%3E,1,urn:openrag:openarchiver:email:6ca4c5b5-3440-4c50-8666-cecfa25916d5:fe79a915-a946-4280-adff-91e4880c0e51,0,required_query_intersection,alternate query; canonical query; entity query,alternate-raccordement:dense@136; canonical-q1:dense@46; canonical-q1:rrf@80; entity-orange-fibre:lexical@55; entity-orange-fibre:rrf@103
unreviewed,,,outside_baseline_candidate,component-64c0e94952c75093,thread:urn:openrag:openarchiver:thread:9e325a3e-b01f-40bf-8890-b400d4e3d7f4:%3C299e7609420c48c0c54c16dd2c8212cc%40milkywan.fr%3E,3,urn:openrag:openarchiver:email:9e325a3e-b01f-40bf-8890-b400d4e3d7f4:64fc0b0c-814a-4373-9c5c-c436aa86a9d5; urn:openrag:openarchiver:email:9e325a3e-b01f-40bf-8890-b400d4e3d7f4:6cba0396-e9af-4a97-92f7-292f5f03a022; urn:openrag:openarchiver:email:9e325a3e-b01f-40bf-8890-b400d4e3d7f4:6f9a9183-11ed-4882-84b7-c9f55417eec4,0,required_query_intersection,alternate query; canonical query; control query; metadata_recovery,canonical-q1:dense@75; deep-fibre-optique:dense@130; deep-fibre-optique:dense@65; deep-fibre-optique:rrf@135; deep-fibre-optique:rrf@253; known-component-anchors:metadata_relation@11; known-component-anchors:metadata_relation@12; known-component-anchors:metadata_relation@151; known-component-anchors:metadata_relation@155; known-component-anchors:metadata_relation@158; known-component-anchors:metadata_relation@168; outside-control-raccordement:dense@47
unreviewed,,,outside_baseline_candidate,component-aba52fc490c3104a,thread:urn:openrag:openarchiver:thread:6ca4c5b5-3440-4c50-8666-cecfa25916d5:%3C1110962451.14538089.1648402312447%40efm-orange-home.orange.itw%3E,1,urn:openrag:openarchiver:email:6ca4c5b5-3440-4c50-8666-cecfa25916d5:dfe24903-2621-422f-9203-2d60246370b3,0,required_query_intersection,alternate query; canonical query; entity query; metadata_recovery,canonical-q1:dense@48; canonical-q1:rrf@121; deep-fibre-optique:dense@240; entity-orange-fibre:dense@66; entity-orange-fibre:lexical@67; entity-orange-fibre:rrf@48; known-component-anchors:metadata_relation@160
unreviewed,,,outside_baseline_candidate,component-bd308e70d64590ec,thread:urn:openrag:openarchiver:thread:6ca4c5b5-3440-4c50-8666-cecfa25916d5:%3C1679121346.1090917.1668707039363%40efm-orange-home.orange.itw%3E,1,urn:openrag:openarchiver:email:6ca4c5b5-3440-4c50-8666-cecfa25916d5:5e2bf295-cfb4-4974-a813-863720f7da1a,0,required_query_intersection,alternate query; canonical query; entity query; metadata_recovery,canonical-q1:dense@50; canonical-q1:rrf@123; deep-fibre-optique:dense@256; entity-orange-fibre:dense@68; entity-orange-fibre:lexical@66; entity-orange-fibre:rrf@49; known-component-anchors:metadata_relation@42
unreviewed,,,outside_baseline_candidate,component-9ff173a358565323,thread:urn:openrag:openarchiver:thread:6ca4c5b5-3440-4c50-8666-cecfa25916d5:%3C276401292.8283780.1615229188779%40app09-ddm-pr.phys.prod%3E,1,urn:openrag:openarchiver:email:6ca4c5b5-3440-4c50-8666-cecfa25916d5:60322f5f-3b3e-474e-a3e9-88170ec6127a,0,required_query_intersection,alternate query; canonical query,alternate-raccordement:rrf@147; canonical-q1:dense@55; canonical-q1:rrf@157; deep-fibre-optique:dense@138; deep-fibre-optique:lexical@83; deep-fibre-optique:rrf@78
unreviewed,,,outside_baseline_candidate,component-95d692034a8a3a2e,thread:urn:openrag:openarchiver:thread:9e325a3e-b01f-40bf-8890-b400d4e3d7f4:%3CE10394C2-7C1F-4146-A8B4-BF97AAA5F277%40ferme-de-pommerieux.fr%3E,2,urn:openrag:openarchiver:attachment:50b89ad2-027f-4217-89b2-4b5c576f3faa; urn:openrag:openarchiver:email:9e325a3e-b01f-40bf-8890-b400d4e3d7f4:388d6c49-a48f-4e0c-bcd0-aee5444bff72,0,required_query_intersection,alternate query; canonical query; metadata_recovery,alternate-raccordement:dense@75; canonical-q1:dense@59; canonical-q1:rrf@163; deep-fibre-optique:dense@188; known-component-anchors:metadata_relation@144; known-component-anchors:metadata_relation@227
unreviewed,,,outside_baseline_candidate,component-57f29a190e3839e8,thread:urn:openrag:openarchiver:thread:6ca4c5b5-3440-4c50-8666-cecfa25916d5:%3C1123569195.172801595249001686.JavaMail.ad72bas1%40op72bas13%3E,1,urn:openrag:openarchiver:email:6ca4c5b5-3440-4c50-8666-cecfa25916d5:586c195c-b286-4123-bfa6-a9a4ef1e8b0b,0,required_query_intersection,alternate query; canonical query; entity query; metadata_recovery,alternate-raccordement:dense@138; canonical-q1:lexical@128; canonical-q1:rrf@132; entity-orange-fibre:lexical@63; entity-orange-fibre:rrf@110; known-component-anchors:metadata_relation@51
unreviewed,,,outside_baseline_candidate,component-76cd5e6452b558a0,thread:urn:openrag:openarchiver:thread:9e325a3e-b01f-40bf-8890-b400d4e3d7f4:%3CE1t5Mzz-0001kU-Tf%40webdev-004.vit.mcra.fr%3E,1,urn:openrag:openarchiver:email:9e325a3e-b01f-40bf-8890-b400d4e3d7f4:01e8dd87-a0e1-4121-9d11-9a3bf1d53534,0,required_query_intersection,alternate query; canonical query,alternate-raccordement:dense@112; canonical-q1:dense@194; deep-fibre-optique:dense@77; deep-fibre-optique:rrf@158
unreviewed,,,outside_baseline_candidate,component-70b19e290508aff5,thread:urn:openrag:openarchiver:thread:6ca4c5b5-3440-4c50-8666-cecfa25916d5:%3C720516172.34382266.1712825231470.JavaMail.tciop%40efm-orange-home2.orange.itw%3E,1,urn:openrag:openarchiver:email:6ca4c5b5-3440-4c50-8666-cecfa25916d5:473a7639-410d-4365-9b9f-47addcc13d37,0,required_query_intersection,alternate query; canonical query; entity query; metadata_recovery,canonical-q1:dense@125; deep-fibre-optique:dense@254; entity-orange-fibre:dense@79; entity-orange-fibre:rrf@176; known-component-anchors:metadata_relation@42
unreviewed,,,outside_baseline_candidate,component-485843d0b91da73a,occurrence:urn:openrag:local-file:cdb4ee2aea69cc6a83331bbe96dc2caa9a299d21329efb0336fc02a82e1839a8:6fe8ea8b464a8459bc9225a069fe21ed9d3bfeaf9054e63ec291ee163f4ed6e6,1,urn:openrag:local-file:cdb4ee2aea69cc6a83331bbe96dc2caa9a299d21329efb0336fc02a82e1839a8:6fe8ea8b464a8459bc9225a069fe21ed9d3bfeaf9054e63ec291ee163f4ed6e6,0,required_query_intersection,alternate query; canonical query; entity query,alternate-raccordement:lexical@124; canonical-q1:lexical@140; entity-orange-fibre:lexical@82; entity-orange-fibre:rrf@150
unreviewed,,,outside_baseline_candidate,component-9b28b0fbcb0672b2,thread:urn:openrag:openarchiver:thread:9e325a3e-b01f-40bf-8890-b400d4e3d7f4:%3C978636156.1628331729788128020.JavaMail.ad72bas1%40op72bas205%3E,1,urn:openrag:openarchiver:email:9e325a3e-b01f-40bf-8890-b400d4e3d7f4:52c0dafd-625c-411b-8754-4c6288a638ee,0,required_query_intersection,alternate query; canonical query; metadata_recovery,alternate-raccordement:dense@113; canonical-q1:dense@89; deep-fibre-optique:dense@162; known-component-anchors:metadata_relation@78
unreviewed,,,outside_baseline_candidate,component-ef66a0b06b4ca063,thread:urn:openrag:openarchiver:thread:9e325a3e-b01f-40bf-8890-b400d4e3d7f4:%3C1532732038.127061727682126581.JavaMail.ad72bas1%40op72bas107%3E,1,urn:openrag:openarchiver:email:9e325a3e-b01f-40bf-8890-b400d4e3d7f4:0274eb62-83e1-45ea-b9bd-1cea950a6cc8,0,required_query_intersection,alternate query; canonical query; metadata_recovery,alternate-raccordement:dense@123; canonical-q1:dense@90; deep-fibre-optique:dense@158; deep-fibre-optique:rrf@299; known-component-anchors:metadata_relation@87
unreviewed,,,outside_baseline_candidate,component-bb7e2dd7a9ca4712,thread:urn:openrag:openarchiver:thread:9e325a3e-b01f-40bf-8890-b400d4e3d7f4:%3C315241482.812111642209185196.JavaMail.ad72bas1%40op72bas103%3E,1,urn:openrag:openarchiver:email:9e325a3e-b01f-40bf-8890-b400d4e3d7f4:55ecff24-00aa-45fd-a08b-85903d38ab90,0,required_query_intersection,alternate query; canonical query; entity query; metadata_recovery,alternate-raccordement:dense@92; canonical-q1:dense@168; entity-orange-fibre:dense@140; entity-orange-fibre:lexical@117; entity-orange-fibre:rrf@133; known-component-anchors:metadata_relation@67
unreviewed,,,outside_baseline_candidate,component-7bbbdc1bd00a68cb,thread:urn:openrag:openarchiver:thread:9e325a3e-b01f-40bf-8890-b400d4e3d7f4:%3C39CCC762-40C1-40A3-AAA4-4B7C5944BA32%40gmail.com%3E,7,urn:openrag:openarchiver:email:9e325a3e-b01f-40bf-8890-b400d4e3d7f4:30dc3eae-d8a3-4f5f-8917-61a90735729b; urn:openrag:openarchiver:email:9e325a3e-b01f-40bf-8890-b400d4e3d7f4:5c45fcc0-6a43-4e84-8301-b3d14f010a53; urn:openrag:openarchiver:email:9e325a3e-b01f-40bf-8890-b400d4e3d7f4:6100c845-ec10-4c05-a87b-bff407fb4118; urn:openrag:openarchiver:email:9e325a3e-b01f-40bf-8890-b400d4e3d7f4:6f2a764c-ecac-43b7-b252-669aff40f045; urn:openrag:openarchiver:email:9e325a3e-b01f-40bf-8890-b400d4e3d7f4:8d589878-a47e-46c0-ad07-3e9a28698d0a; urn:openrag:openarchiver:email:9e325a3e-b01f-40bf-8890-b400d4e3d7f4:f9e51f89-a74f-45d1-9b70-17f5028c6604; urn:openrag:openarchiver:email:9e325a3e-b01f-40bf-8890-b400d4e3d7f4:fb80b8e3-f53e-49d5-9c64-823f15777b9c,0,required_query_intersection,alternate query; canonical query; metadata_recovery,alternate-raccordement:lexical@100; alternate-raccordement:lexical@109; alternate-raccordement:lexical@111; alternate-raccordement:lexical@112; alternate-raccordement:lexical@133; canonical-q1:lexical@199; deep-fibre-optique:lexical@277; known-component-anchors:metadata_relation@1; known-component-anchors:metadata_relation@110; known-component-anchors:metadata_relation@117; known-component-anchors:metadata_relation@207; known-component-anchors:metadata_relation@217; known-component-anchors:metadata_relation@227; known-component-anchors:metadata_relation@23; known-component-anchors:metadata_relation@231; known-component-anchors:metadata_relation@31; known-component-anchors:metadata_relation@44; known-component-anchors:metadata_relation@73; known-component-anchors:metadata_relation@75; known-component-anchors:metadata_relation@77; known-component-anchors:metadata_relation@9; known-component-anchors:metadata_relation@90; known-component-anchors:metadata_relation@99
unreviewed,,,outside_baseline_candidate,component-858b4d09b94d2913,thread:urn:openrag:openarchiver:thread:6ca4c5b5-3440-4c50-8666-cecfa25916d5:%3C1876757649.310801715069518182.JavaMail.ad72bas1%40op72bas207%3E,1,urn:openrag:openarchiver:email:6ca4c5b5-3440-4c50-8666-cecfa25916d5:f1dec6ee-d5c8-4214-8903-69941695c086,0,required_query_intersection,alternate query; canonical query; entity query; metadata_recovery,alternate-raccordement:dense@142; canonical-q1:dense@109; entity-orange-fibre:dense@151; known-component-anchors:metadata_relation@6
unreviewed,,,outside_baseline_candidate,component-fe573d8abcf697ae,thread:urn:openrag:openarchiver:thread:6ca4c5b5-3440-4c50-8666-cecfa25916d5:%3C79487980.1197441707267661085.JavaMail.ad72bas1%40op72bas108%3E,1,urn:openrag:openarchiver:email:6ca4c5b5-3440-4c50-8666-cecfa25916d5:ce42333d-f7ba-4f1e-92d9-db2308667174,0,required_query_intersection,alternate query; canonical query; entity query; metadata_recovery,alternate-raccordement:dense@143; canonical-q1:dense@110; entity-orange-fibre:dense@152; known-component-anchors:metadata_relation@14
unreviewed,,,outside_baseline_candidate,component-d04e549cef3dfa09,thread:urn:openrag:openarchiver:thread:6ca4c5b5-3440-4c50-8666-cecfa25916d5:%3C1243163016.1243791722970274297.JavaMail.ad72bas1%40op72bas105%3E,1,urn:openrag:openarchiver:email:6ca4c5b5-3440-4c50-8666-cecfa25916d5:97e886e0-7b41-4301-a18f-e6ea5a81bc20,0,required_query_intersection,alternate query; canonical query; entity query; metadata_recovery,alternate-raccordement:dense@144; canonical-q1:dense@111; entity-orange-fibre:dense@153; known-component-anchors:metadata_relation@60
unreviewed,,,outside_baseline_candidate,component-b6d63a6db4c6ea5b,thread:urn:openrag:openarchiver:thread:6ca4c5b5-3440-4c50-8666-cecfa25916d5:%3C835630327.3477481775796004329.JavaMail.ad72bas1%40op72bas201%3E,1,urn:openrag:openarchiver:email:6ca4c5b5-3440-4c50-8666-cecfa25916d5:a1b0ac03-e51c-449d-b9ef-f8ed92adae56,0,required_query_intersection,alternate query; canonical query; entity query; metadata_recovery,alternate-raccordement:dense@145; canonical-q1:dense@112; entity-orange-fibre:dense@154; known-component-anchors:metadata_relation@108
unreviewed,,,outside_baseline_candidate,component-1eb749e1bcb25a1b,thread:urn:openrag:openarchiver:thread:6ca4c5b5-3440-4c50-8666-cecfa25916d5:%3C1078428328.2106661770340207838.JavaMail.ad72bas1%40op72bas101%3E,1,urn:openrag:openarchiver:email:6ca4c5b5-3440-4c50-8666-cecfa25916d5:e0015bbe-3207-47cf-af19-03a373e2d33e,0,required_query_intersection,alternate query; canonical query; entity query; metadata_recovery,alternate-raccordement:dense@146; canonical-q1:dense@113; entity-orange-fibre:dense@155; known-component-anchors:metadata_relation@95
unreviewed,,,outside_baseline_candidate,component-79f6c1dd0356de4b,thread:urn:openrag:openarchiver:thread:6ca4c5b5-3440-4c50-8666-cecfa25916d5:%3C585835680.3194211764998491351.JavaMail.ad72bas1%40op72bas101%3E,1,urn:openrag:openarchiver:email:6ca4c5b5-3440-4c50-8666-cecfa25916d5:a85bff10-f67c-4092-8d68-b71b60e310bd,0,required_query_intersection,alternate query; canonical query; entity query; metadata_recovery,alternate-raccordement:dense@147; canonical-q1:dense@114; entity-orange-fibre:dense@156; known-component-anchors:metadata_relation@124
unreviewed,,,outside_baseline_candidate,component-a9d52499f1573c8c,thread:urn:openrag:openarchiver:thread:6ca4c5b5-3440-4c50-8666-cecfa25916d5:%3C788394934.732341717599634953.JavaMail.ad72bas1%40op72bas109%3E,1,urn:openrag:openarchiver:email:6ca4c5b5-3440-4c50-8666-cecfa25916d5:065b1fb7-db9b-4f98-81a1-bedf2a78a638,0,required_query_intersection,alternate query; canonical query; entity query; metadata_recovery,alternate-raccordement:dense@148; canonical-q1:dense@115; entity-orange-fibre:dense@157; known-component-anchors:metadata_relation@168
unreviewed,,,outside_baseline_candidate,component-7459c64f03d7f784,thread:urn:openrag:openarchiver:thread:6ca4c5b5-3440-4c50-8666-cecfa25916d5:%3C650303092.986741712318278237.JavaMail.ad72bas1%40op72bas106%3E,1,urn:openrag:openarchiver:email:6ca4c5b5-3440-4c50-8666-cecfa25916d5:5ed66cc9-8636-4907-a339-3c2e78cd6926,0,required_query_intersection,alternate query; canonical query; entity query; metadata_recovery,alternate-raccordement:dense@149; canonical-q1:dense@116; entity-orange-fibre:dense@158; known-component-anchors:metadata_relation@190
unreviewed,,,outside_baseline_candidate,component-a108197d9d11ae8f,thread:urn:openrag:openarchiver:thread:6ca4c5b5-3440-4c50-8666-cecfa25916d5:%3C498786759.1664361762326932835.JavaMail.ad72bas1%40op72bas100%3E,1,urn:openrag:openarchiver:email:6ca4c5b5-3440-4c50-8666-cecfa25916d5:6027aa7b-f779-4bd6-8a6b-9d62a57736b9,0,required_query_intersection,alternate query; canonical query; entity query,alternate-raccordement:dense@150; canonical-q1:dense@117; entity-orange-fibre:dense@159
unreviewed,,,outside_baseline_candidate,component-5ff5f81673106f80,thread:urn:openrag:openarchiver:thread:6ca4c5b5-3440-4c50-8666-cecfa25916d5:%3C2187174-510291-166121b0-1671603528%40MCMS%3E,1,urn:openrag:openarchiver:email:6ca4c5b5-3440-4c50-8666-cecfa25916d5:486860e9-67e5-443d-8c58-be97ca9544c7,0,required_query_intersection,alternate query; canonical query; entity query; metadata_recovery,alternate-travaux:dense@145; canonical-q1:dense@126; entity-orange-fibre:lexical@182; known-component-anchors:metadata_relation@66
unreviewed,,,outside_baseline_candidate,component-87b001e621c80d58,thread:urn:openrag:openarchiver:thread:6ca4c5b5-3440-4c50-8666-cecfa25916d5:%3C1268086953.622721683289492532.JavaMail.ad72bas1%40op72bas205%3E,1,urn:openrag:openarchiver:email:6ca4c5b5-3440-4c50-8666-cecfa25916d5:63225106-accd-420c-8bbc-0a877fa174ea,0,required_query_intersection,alternate query; canonical query; entity query; metadata_recovery,alternate-raccordement:dense@128; canonical-q1:dense@191; entity-orange-fibre:dense@143; known-component-anchors:metadata_relation@166
unreviewed,,,outside_baseline_candidate,component-10ad7fac7272029c,thread:urn:openrag:openarchiver:thread:6ca4c5b5-3440-4c50-8666-cecfa25916d5:%3C848124756.179781688620454261.JavaMail.ad72bas1%40op72bas108%3E,1,urn:openrag:openarchiver:email:6ca4c5b5-3440-4c50-8666-cecfa25916d5:765aff9a-38a2-4e24-be5a-8b5eb4b62245,0,required_query_intersection,alternate query; canonical query; entity query; metadata_recovery,alternate-raccordement:dense@129; canonical-q1:dense@185; entity-orange-fibre:dense@141; known-component-anchors:metadata_relation@52
unreviewed,,,outside_baseline_candidate,component-9ed71fb0d1cb8ac3,thread:urn:openrag:openarchiver:thread:6ca4c5b5-3440-4c50-8666-cecfa25916d5:%3C1375977927.1524441693957002353.JavaMail.ad72bas1%40op72bas208%3E,1,urn:openrag:openarchiver:email:6ca4c5b5-3440-4c50-8666-cecfa25916d5:6dbe2d49-ff33-4bfd-8df7-d44f88b8a212,0,required_query_intersection,alternate query; canonical query; entity query; metadata_recovery,alternate-raccordement:dense@132; canonical-q1:dense@188; entity-orange-fibre:dense@142; known-component-anchors:metadata_relation@133
unreviewed,,,high_confidence_candidate,component-f9a8c940adb9cb73,thread:urn:openrag:openarchiver:thread:9e325a3e-b01f-40bf-8890-b400d4e3d7f4:%3C477129061.949221.1717744195489.JavaMail.open-xchange%40opme11oxa16nd1.rouen.francetelecom.fr%3E,4,urn:openrag:openarchiver:attachment:1df1de61-f9db-4665-b582-eacd91b8a152; urn:openrag:openarchiver:attachment:465c1570-22ee-404a-a221-7dddf234fe2a; urn:openrag:openarchiver:attachment:4d0e5be8-e37c-40b5-9cb9-9d1739c1d6f2; urn:openrag:openarchiver:email:9e325a3e-b01f-40bf-8890-b400d4e3d7f4:1264b113-b38b-447e-afef-e1469502d906,4,required_query_intersection,canonical query; entity query; metadata_recovery,canonical-q1:lexical@16; canonical-q1:rrf@30; entity-orange-fibre:lexical@136; known-component-anchors:metadata_relation@117; known-component-anchors:metadata_relation@209; known-component-anchors:metadata_relation@68; known-component-anchors:metadata_relation@95
unreviewed,,,high_confidence_candidate,component-2b729119dc01784b,thread:urn:openrag:openarchiver:thread:9e325a3e-b01f-40bf-8890-b400d4e3d7f4:%3CPA0P264MB702319EF137BBE05605A33CF8579A%40PA0P264MB7023.FRAP264.PROD.OUTLOOK.COM%3E,2,urn:openrag:openarchiver:attachment:3e84d898-e8fc-4060-9289-e0a42faa5208; urn:openrag:openarchiver:email:9e325a3e-b01f-40bf-8890-b400d4e3d7f4:2e68bc76-d467-4569-a941-819dfdf055ba,2,required_query_intersection,canonical query; control query; metadata_recovery,canonical-q1:lexical@41; canonical-q1:rrf@73; known-component-anchors:metadata_relation@173; known-component-anchors:metadata_relation@19; known-component-anchors:metadata_relation@237; known-component-anchors:metadata_relation@25; outside-control-telecom:lexical@70
unreviewed,,,uncertain_candidate,component-8bc07eb57739820e,thread:urn:openrag:openarchiver:thread:9e325a3e-b01f-40bf-8890-b400d4e3d7f4:%3CCAGwYficAD520qWpjqq7MYvSqd-%3D31JG4A2V-xnQjCEOkD_wDEw%40mail.gmail.com%3E,1,urn:openrag:openarchiver:email:9e325a3e-b01f-40bf-8890-b400d4e3d7f4:7dcb3517-49ae-4c4a-8112-f7f728e4fb2d,1,required_query_intersection,alternate query; canonical query; metadata_recovery,canonical-q1:lexical@52; canonical-q1:rrf@86; deep-fibre-optique:lexical@278; known-component-anchors:metadata_relation@15; known-component-anchors:metadata_relation@150
unreviewed,,,uncertain_candidate,component-a4d1d2a7286f20e1,thread:urn:openrag:openarchiver:thread:9e325a3e-b01f-40bf-8890-b400d4e3d7f4:%3CC6977D26-1B5E-44B0-85C9-4ED172562C45%40gmail.com%3E,5,urn:openrag:openarchiver:email:9e325a3e-b01f-40bf-8890-b400d4e3d7f4:6ca6d30e-29b3-44b3-9e33-f5758d3ba2bd; urn:openrag:openarchiver:email:9e325a3e-b01f-40bf-8890-b400d4e3d7f4:70c3f747-86fc-4ddd-af9b-d1f3fa1a930a; urn:openrag:openarchiver:email:9e325a3e-b01f-40bf-8890-b400d4e3d7f4:7a529d3d-3b14-4c9e-8f1e-bf541ba45719; urn:openrag:openarchiver:email:9e325a3e-b01f-40bf-8890-b400d4e3d7f4:7f27b268-9a3e-41c3-ae32-f0c09a300a61; urn:openrag:openarchiver:email:9e325a3e-b01f-40bf-8890-b400d4e3d7f4:d4e994fb-3bde-4ea9-9816-d7cfc9337d06,5,required_query_intersection,alternate query; canonical query; metadata_recovery,canonical-q1:lexical@100; canonical-q1:lexical@59; canonical-q1:lexical@63; canonical-q1:lexical@64; canonical-q1:lexical@76; canonical-q1:rrf@100; canonical-q1:rrf@118; canonical-q1:rrf@155; canonical-q1:rrf@94; canonical-q1:rrf@99; deep-fibre-optique:lexical@237; known-component-anchors:metadata_relation@10; known-component-anchors:metadata_relation@100; known-component-anchors:metadata_relation@121; known-component-anchors:metadata_relation@142; known-component-anchors:metadata_relation@164; known-component-anchors:metadata_relation@168; known-component-anchors:metadata_relation@183; known-component-anchors:metadata_relation@207; known-component-anchors:metadata_relation@225; known-component-anchors:metadata_relation@227; known-component-anchors:metadata_relation@23; known-component-anchors:metadata_relation@26; known-component-anchors:metadata_relation@29; known-component-anchors:metadata_relation@293; known-component-anchors:metadata_relation@3; known-component-anchors:metadata_relation@47; known-component-anchors:metadata_relation@5; known-component-anchors:metadata_relation@98
unreviewed,,,outside_baseline_candidate,component-060b2794708fbc5d,thread:urn:openrag:openarchiver:thread:9e325a3e-b01f-40bf-8890-b400d4e3d7f4:%3CVI1PR04MB5422C40A2E45E681FD3F0B4884832%40VI1PR04MB5422.eurprd04.prod.outlook.com%3E,2,urn:openrag:openarchiver:attachment:1b5a9678-0c59-4310-88e6-042acdf3f3cd; urn:openrag:openarchiver:email:9e325a3e-b01f-40bf-8890-b400d4e3d7f4:90f11bf6-b856-4a07-b547-7ca9feda9ea6,0,required_query_intersection,canonical query; entity query; metadata_recovery,canonical-q1:dense@120; entity-orange-fibre:lexical@16; entity-orange-fibre:rrf@45; known-component-anchors:metadata_relation@14; known-component-anchors:metadata_relation@150; known-component-anchors:metadata_relation@188; known-component-anchors:metadata_relation@22
unreviewed,,,outside_baseline_candidate,component-59c38e15df4e4b1d,thread:urn:openrag:openarchiver:thread:9e325a3e-b01f-40bf-8890-b400d4e3d7f4:%3CMR1P264MB3075A211C5D413970C2B7E39B80F9%40MR1P264MB3075.FRAP264.PROD.OUTLOOK.COM%3E,2,urn:openrag:openarchiver:attachment:4eecad35-3cec-48d6-b6cc-8329df3a63c6; urn:openrag:openarchiver:email:9e325a3e-b01f-40bf-8890-b400d4e3d7f4:8360e5aa-aa58-4bbb-9304-cb2a2754dce2,0,required_query_intersection,alternate query; canonical query; metadata_recovery,alternate-raccordement:lexical@19; alternate-raccordement:rrf@46; canonical-q1:lexical@131; canonical-q1:rrf@196; known-component-anchors:metadata_relation@83
unreviewed,,,outside_baseline_candidate,component-092442ee72db97b4,thread:urn:openrag:openarchiver:thread:6ca4c5b5-3440-4c50-8666-cecfa25916d5:%3C163913201.101861755500419758.JavaMail.ad72bas1%40op72bas209%3E,1,urn:openrag:openarchiver:email:6ca4c5b5-3440-4c50-8666-cecfa25916d5:b44eb33d-7373-4f8e-a740-2fee0785f53f,0,required_query_intersection,canonical query; entity query; metadata_recovery,canonical-q1:rrf@192; entity-orange-fibre:dense@44; entity-orange-fibre:lexical@60; entity-orange-fibre:rrf@21; known-component-anchors:metadata_relation@134
unreviewed,,,outside_baseline_candidate,component-722cf44faa9cc976,thread:urn:openrag:openarchiver:thread:6ca4c5b5-3440-4c50-8666-cecfa25916d5:%3C8476DA69-338B-4417-ACEA-291FB2BC3CF0%40wisearch.fr%3E,2,urn:openrag:openarchiver:attachment:4525adbe-43f6-45d9-87a5-2ee27fc434b6; urn:openrag:openarchiver:email:6ca4c5b5-3440-4c50-8666-cecfa25916d5:220a2a68-fb6a-47a5-ace9-36904dcd46ae,0,required_query_intersection,canonical query; control query; metadata_recovery,canonical-q1:dense@153; known-component-anchors:metadata_relation@117; known-component-anchors:metadata_relation@142; known-component-anchors:metadata_relation@187; known-component-anchors:metadata_relation@290; outside-control-telecom:dense@38; outside-control-telecom:rrf@75
unreviewed,,,outside_baseline_candidate,component-572d45af61d7d861,thread:urn:openrag:openarchiver:thread:9e325a3e-b01f-40bf-8890-b400d4e3d7f4:%3C950176218.199211730732806241.JavaMail.ad72bas1%40op72bas200%3E,1,urn:openrag:openarchiver:email:9e325a3e-b01f-40bf-8890-b400d4e3d7f4:a1a01481-e8c2-4df3-9198-ecdb05caa619,0,required_query_intersection,canonical query; entity query; metadata_recovery,canonical-q1:dense@138; canonical-q1:rrf@195; entity-orange-fibre:dense@59; entity-orange-fibre:lexical@56; entity-orange-fibre:rrf@42; known-component-anchors:metadata_relation@156
unreviewed,,,outside_baseline_candidate,component-80a0671efaca1205,thread:urn:openrag:openarchiver:thread:9e325a3e-b01f-40bf-8890-b400d4e3d7f4:%3CPR3PR04MB746787E19648738981298578EB6C2%40PR3PR04MB7467.eurprd04.prod.outlook.com%3E,2,urn:openrag:openarchiver:attachment:31decb43-be87-4b9a-9a6b-fe700bb5afdd; urn:openrag:openarchiver:email:9e325a3e-b01f-40bf-8890-b400d4e3d7f4:99eaca50-10f0-408b-b776-379b4df17c72,0,required_query_intersection,canonical query; control query; metadata_recovery,canonical-q1:lexical@161; known-component-anchors:metadata_relation@107; known-component-anchors:metadata_relation@127; known-component-anchors:metadata_relation@59; known-component-anchors:metadata_relation@64; outside-control-raccordement:lexical@45; outside-control-raccordement:rrf@75
unreviewed,,,outside_baseline_candidate,component-a10a4c90ae0782cb,thread:urn:openrag:openarchiver:thread:6ca4c5b5-3440-4c50-8666-cecfa25916d5:%3C870568765.7952938.1619286936884%40app09-ddm-pr.phys.prod%3E,1,urn:openrag:openarchiver:email:6ca4c5b5-3440-4c50-8666-cecfa25916d5:1458a62b-dfe1-435f-a3c6-e9579b4e3199,0,required_query_intersection,alternate query; canonical query; metadata_recovery,alternate-raccordement:dense@48; alternate-raccordement:rrf@110; canonical-q1:dense@155; known-component-anchors:metadata_relation@55
unreviewed,,,outside_baseline_candidate,component-9b71807a4e4a5df0,thread:urn:openrag:openarchiver:thread:9e325a3e-b01f-40bf-8890-b400d4e3d7f4:%3C0FF68651-8209-40E5-93E7-54FF91183B23%40ferme-de-pommerieux.fr%3E,3,urn:openrag:openarchiver:attachment:11684681-fac4-43a8-88e0-0a2e628428be; urn:openrag:openarchiver:attachment:70bf9cb6-e15c-401f-8887-16258046d9e1; urn:openrag:openarchiver:email:9e325a3e-b01f-40bf-8890-b400d4e3d7f4:64caac3b-f69c-4959-b7dd-a52a782d2b97,0,required_query_intersection,alternate query; canonical query; metadata_recovery,canonical-q1:lexical@49; canonical-q1:rrf@83; deep-fibre-optique:lexical@232; known-component-anchors:metadata_relation@104; known-component-anchors:metadata_relation@124; known-component-anchors:metadata_relation@39; known-component-anchors:metadata_relation@49; known-component-anchors:metadata_relation@50; known-component-anchors:metadata_relation@58; known-component-anchors:metadata_relation@59; known-component-anchors:metadata_relation@65; known-component-anchors:metadata_relation@75; known-component-anchors:metadata_relation@78; known-component-anchors:metadata_relation@79; known-component-anchors:metadata_relation@82
unreviewed,,,outside_baseline_candidate,component-1c6a1e3221f81eae,thread:urn:openrag:openarchiver:thread:6ca4c5b5-3440-4c50-8666-cecfa25916d5:%3C1240425078.47321673860657362.JavaMail.ad72bas1%40op72bas202%3E,1,urn:openrag:openarchiver:email:6ca4c5b5-3440-4c50-8666-cecfa25916d5:acf0a3de-9623-441a-9085-dc244a23079c,0,required_query_intersection,alternate query; canonical query; metadata_recovery,alternate-raccordement:dense@52; alternate-raccordement:rrf@121; canonical-q1:dense@100; known-component-anchors:metadata_relation@102
unreviewed,,,outside_baseline_candidate,component-c051a24ab3c8f8fb,thread:urn:openrag:openarchiver:thread:6ca4c5b5-3440-4c50-8666-cecfa25916d5:%3C220313366.81371730184093541.JavaMail.ad72bas1%40op72bas102%3E,1,urn:openrag:openarchiver:email:6ca4c5b5-3440-4c50-8666-cecfa25916d5:eff6f3b1-7076-4799-ae64-0c84a43791f3,0,required_query_intersection,canonical query; entity query,canonical-q1:dense@58; canonical-q1:rrf@146; entity-orange-fibre:dense@80; entity-orange-fibre:lexical@129; entity-orange-fibre:rrf@101
unreviewed,,,outside_baseline_candidate,component-3aca33adcb651a50,thread:urn:openrag:openarchiver:thread:6ca4c5b5-3440-4c50-8666-cecfa25916d5:%3C1260657425.80141774944006634.JavaMail.ad72bas1%40op72bas205%3E,1,urn:openrag:openarchiver:email:6ca4c5b5-3440-4c50-8666-cecfa25916d5:4d2e7bc5-0fce-4f10-9b72-1958cde2f5eb,0,required_query_intersection,canonical query; entity query; metadata_recovery,canonical-q1:dense@61; canonical-q1:rrf@112; entity-orange-fibre:lexical@108; entity-orange-fibre:rrf@118; known-component-anchors:metadata_relation@76
unreviewed,,,outside_baseline_candidate,component-fd58e1d41566a04f,thread:urn:openrag:openarchiver:thread:9e325a3e-b01f-40bf-8890-b400d4e3d7f4:%3CE1svBiG-0001Tr-WF%40webdev-004.vit.mcra.fr%3E,1,urn:openrag:openarchiver:email:9e325a3e-b01f-40bf-8890-b400d4e3d7f4:17e57430-27a8-434e-8497-c7f818069b3c,0,required_query_intersection,alternate query; canonical query,canonical-q1:dense@199; deep-fibre-optique:dense@61; deep-fibre-optique:rrf@126
unreviewed,,,outside_baseline_candidate,component-eafc15b16e1b8f63,thread:urn:openrag:openarchiver:thread:6ca4c5b5-3440-4c50-8666-cecfa25916d5:%3C1681321373.888771743776092665.JavaMail.ad72bas1%40op72bas209%3E,1,urn:openrag:openarchiver:email:6ca4c5b5-3440-4c50-8666-cecfa25916d5:2c81c087-dc3a-4066-9c7f-bff30df7df34,0,required_query_intersection,alternate query; canonical query; metadata_recovery,alternate-raccordement:dense@137; canonical-q1:dense@63; canonical-q1:rrf@173; known-component-anchors:metadata_relation@84
unreviewed,,,outside_baseline_candidate,component-1464a301fa1422a6,thread:urn:openrag:openarchiver:thread:6ca4c5b5-3440-4c50-8666-cecfa25916d5:%3CF4C5A749-8725-4CEF-A685-A9DB00359A19%40wisearch.eu%3E,2,urn:openrag:openarchiver:attachment:3af839df-187e-4bed-bc94-2dc521a42e63; urn:openrag:openarchiver:email:6ca4c5b5-3440-4c50-8666-cecfa25916d5:ba19aac0-2da9-4100-aec4-4a49112660f7,0,required_query_intersection,canonical query; control query; metadata_recovery,canonical-q1:dense@160; known-component-anchors:metadata_relation@112; known-component-anchors:metadata_relation@144; known-component-anchors:metadata_relation@70; known-component-anchors:metadata_relation@97; outside-control-telecom:dense@68
unreviewed,,,outside_baseline_candidate,component-4b7b5d2496f7179e,thread:urn:openrag:openarchiver:thread:6ca4c5b5-3440-4c50-8666-cecfa25916d5:%3C2.1.5.1100009565.1114520440.1119725833968%40bouyguestelecom.cccampaigns.net%3E,1,urn:openrag:openarchiver:email:6ca4c5b5-3440-4c50-8666-cecfa25916d5:69922eda-84f5-4601-9fa3-1747cadd564d,0,required_query_intersection,alternate query; canonical query; metadata_recovery,canonical-q1:lexical@134; canonical-q1:rrf@150; deep-fibre-optique:dense@76; deep-fibre-optique:rrf@157; known-component-anchors:metadata_relation@182
unreviewed,,,outside_baseline_candidate,component-99536ec273778814,thread:urn:openrag:openarchiver:thread:6ca4c5b5-3440-4c50-8666-cecfa25916d5:%3C821502977.35561995.1713084402623.JavaMail.tciop%40efm-orange-home2.orange.itw%3E,1,urn:openrag:openarchiver:email:6ca4c5b5-3440-4c50-8666-cecfa25916d5:d44ef0ba-198c-4a8b-8cf8-815804b9eb1b,0,required_query_intersection,canonical query; entity query; metadata_recovery,canonical-q1:dense@170; entity-orange-fibre:dense@78; entity-orange-fibre:rrf@173; known-component-anchors:metadata_relation@172
unreviewed,,,outside_baseline_candidate,component-76621d9f7139b680,thread:urn:openrag:openarchiver:thread:9e325a3e-b01f-40bf-8890-b400d4e3d7f4:%3C6AB1F338-398E-47F6-861D-F48DFDDD129A%40ferme-de-pommerieux.fr%3E,2,urn:openrag:openarchiver:attachment:555bcc26-f2d5-413a-a93f-c48b2dac53b0; urn:openrag:openarchiver:email:9e325a3e-b01f-40bf-8890-b400d4e3d7f4:f7e8ab62-d1f3-471c-814d-b2d095c2946d,0,required_query_intersection,alternate query; canonical query; metadata_recovery,canonical-q1:dense@79; deep-fibre-optique:dense@187; known-component-anchors:metadata_relation@158; known-component-anchors:metadata_relation@34; known-component-anchors:metadata_relation@59; known-component-anchors:metadata_relation@98
unreviewed,,,outside_baseline_candidate,component-f6ace7b986e681e4,thread:urn:openrag:openarchiver:thread:9e325a3e-b01f-40bf-8890-b400d4e3d7f4:%3C1016570064.404521774944006752.JavaMail.ad72bas1%40op72bas206%3E,1,urn:openrag:openarchiver:email:9e325a3e-b01f-40bf-8890-b400d4e3d7f4:df265559-67e1-4334-978e-91f8b3b49cfc,0,required_query_intersection,canonical query; entity query; metadata_recovery,canonical-q1:dense@82; canonical-q1:rrf@161; entity-orange-fibre:dense@94; entity-orange-fibre:lexical@128; entity-orange-fibre:rrf@109; known-component-anchors:metadata_relation@44
unreviewed,,,outside_baseline_candidate,component-988057439660e65e,thread:urn:openrag:openarchiver:thread:9e325a3e-b01f-40bf-8890-b400d4e3d7f4:%3C1209248924.2299751730502398527.JavaMail.ad72bas1%40op72bas100%3E,1,urn:openrag:openarchiver:email:9e325a3e-b01f-40bf-8890-b400d4e3d7f4:ea843f3b-e565-41b0-ba78-615f1cae5118,0,required_query_intersection,canonical query; entity query; metadata_recovery,canonical-q1:dense@171; entity-orange-fibre:dense@85; entity-orange-fibre:rrf@184; known-component-anchors:metadata_relation@33
unreviewed,,,outside_baseline_candidate,component-b90477890a358bcd,thread:urn:openrag:openarchiver:thread:9e325a3e-b01f-40bf-8890-b400d4e3d7f4:%3Cfacd76c2-87b1-4ccd-9660-8c4598ac7356%40loir-et-cher.chambagri.fr%3E,10,urn:openrag:openarchiver:email:9e325a3e-b01f-40bf-8890-b400d4e3d7f4:19a6cff2-c740-4711-9406-95288aa7b55f; urn:openrag:openarchiver:email:9e325a3e-b01f-40bf-8890-b400d4e3d7f4:2392cf6f-3c6e-48aa-870b-74ba8bf094a1; urn:openrag:openarchiver:email:9e325a3e-b01f-40bf-8890-b400d4e3d7f4:387fd8a1-6651-4551-ab6b-5dce0b46873a; urn:openrag:openarchiver:email:9e325a3e-b01f-40bf-8890-b400d4e3d7f4:3f8bb289-6b05-4926-807a-308ecba9f34f; urn:openrag:openarchiver:email:9e325a3e-b01f-40bf-8890-b400d4e3d7f4:7e75fbdf-148e-448b-a69f-b20cabe071ac; urn:openrag:openarchiver:email:9e325a3e-b01f-40bf-8890-b400d4e3d7f4:825e6f25-4bf9-42e1-8f9e-f641f94bf95e; urn:openrag:openarchiver:email:9e325a3e-b01f-40bf-8890-b400d4e3d7f4:85172b4e-9044-4859-8116-2645ec3aa40e; urn:openrag:openarchiver:email:9e325a3e-b01f-40bf-8890-b400d4e3d7f4:90904bba-6515-4477-b858-fc019f02d386; urn:openrag:openarchiver:email:9e325a3e-b01f-40bf-8890-b400d4e3d7f4:9d9b2fec-07d1-4fc4-ba82-7fd304417698; urn:openrag:openarchiver:email:9e325a3e-b01f-40bf-8890-b400d4e3d7f4:c307e713-f576-4978-b4dc-4987d36557c7,0,required_query_intersection,alternate query; canonical query; metadata_recovery,alternate-travaux:dense@136; canonical-q1:lexical@89; canonical-q1:rrf@134; known-component-anchors:metadata_relation@101; known-component-anchors:metadata_relation@137; known-component-anchors:metadata_relation@153; known-component-anchors:metadata_relation@158; known-component-anchors:metadata_relation@16; known-component-anchors:metadata_relation@160; known-component-anchors:metadata_relation@17; known-component-anchors:metadata_relation@173; known-component-anchors:metadata_relation@18; known-component-anchors:metadata_relation@188; known-component-anchors:metadata_relation@204; known-component-anchors:metadata_relation@206; known-component-anchors:metadata_relation@208; known-component-anchors:metadata_relation@21; known-component-anchors:metadata_relation@230; known-component-anchors:metadata_relation@306; known-component-anchors:metadata_relation@38; known-component-anchors:metadata_relation@49; known-component-anchors:metadata_relation@50; known-component-anchors:metadata_relation@51; known-component-anchors:metadata_relation@57; known-component-anchors:metadata_relation@78; known-component-anchors:metadata_relation@79; known-component-anchors:metadata_relation@82; known-component-anchors:metadata_relation@84; known-component-anchors:metadata_relation@89; known-component-anchors:metadata_relation@9; known-component-anchors:metadata_relation@93
unreviewed,,,outside_baseline_candidate,component-9419cbcfea5934bd,thread:urn:openrag:openarchiver:thread:6ca4c5b5-3440-4c50-8666-cecfa25916d5:%3C7A80B013-8F45-486D-8069-0C835E1B5C5D%40wisearch.eu%3E,2,urn:openrag:openarchiver:attachment:6d20a80e-46f2-4956-9c74-3c5d70daecf7; urn:openrag:openarchiver:email:6ca4c5b5-3440-4c50-8666-cecfa25916d5:d095fa34-aa45-4011-a719-45ec098ca8a9,0,required_query_intersection,alternate query; canonical query; metadata_recovery,canonical-q1:dense@91; deep-fibre-optique:dense@198; known-component-anchors:metadata_relation@106; known-component-anchors:metadata_relation@136; known-component-anchors:metadata_relation@203
unreviewed,,,outside_baseline_candidate,component-211068713381f4a1,thread:urn:openrag:openarchiver:thread:6ca4c5b5-3440-4c50-8666-cecfa25916d5:%3C652632793.190223.1425549120958.JavaMail.ihdwls1%40bt1shl9p%3E,2,urn:openrag:openarchiver:attachment:2245a74e-4db3-47cf-a64b-74660c0da6d1; urn:openrag:openarchiver:email:6ca4c5b5-3440-4c50-8666-cecfa25916d5:22f2f500-f5f1-43f6-9d7f-93a94d8325ab,0,required_query_intersection,alternate query; canonical query; metadata_recovery,canonical-q1:dense@193; deep-fibre-optique:dense@183; deep-fibre-optique:dense@92; deep-fibre-optique:rrf@187; known-component-anchors:metadata_relation@125; known-component-anchors:metadata_relation@157
unreviewed,,,outside_baseline_candidate,component-0b3a251a55e31125,thread:urn:openrag:openarchiver:thread:9e325a3e-b01f-40bf-8890-b400d4e3d7f4:%3C109733756.371078.1423131157991.JavaMail.ihdwls2%40bt1shl9q%3E,2,urn:openrag:openarchiver:attachment:028d7a83-41c5-4275-b17e-aa34b5a81b4c; urn:openrag:openarchiver:email:9e325a3e-b01f-40bf-8890-b400d4e3d7f4:1707f57d-cafb-41ca-af67-fe78a301d9a3,0,required_query_intersection,alternate query; canonical query; metadata_recovery,canonical-q1:dense@192; deep-fibre-optique:dense@93; deep-fibre-optique:dense@98; deep-fibre-optique:rrf@188; deep-fibre-optique:rrf@199; known-component-anchors:metadata_relation@41; known-component-anchors:metadata_relation@69; known-component-anchors:metadata_relation@85
unreviewed,,,outside_baseline_candidate,component-84d001884416cb62,thread:urn:openrag:openarchiver:thread:9e325a3e-b01f-40bf-8890-b400d4e3d7f4:%3Cf46e3fb441f75a38d995910571cfe247%40milkywan.fr%3E,3,urn:openrag:openarchiver:email:9e325a3e-b01f-40bf-8890-b400d4e3d7f4:3bc58e0e-eab0-412b-bef4-9d4780cb0e01; urn:openrag:openarchiver:email:9e325a3e-b01f-40bf-8890-b400d4e3d7f4:bfaaefd4-cac4-4a1b-be15-e095acdfca1e; urn:openrag:openarchiver:email:9e325a3e-b01f-40bf-8890-b400d4e3d7f4:e83442a7-5a82-4ec1-96c6-1d4b555caf74,0,required_query_intersection,alternate query; canonical query; metadata_recovery,canonical-q1:dense@93; deep-fibre-optique:dense@145; deep-fibre-optique:rrf@274; known-component-anchors:metadata_relation@17; known-component-anchors:metadata_relation@176; known-component-anchors:metadata_relation@193; known-component-anchors:metadata_relation@239; known-component-anchors:metadata_relation@243; known-component-anchors:metadata_relation@278; known-component-anchors:metadata_relation@46; known-component-anchors:metadata_relation@59; known-component-anchors:metadata_relation@64
unreviewed,,,outside_baseline_candidate,component-cb58ab3c68915023,thread:urn:openrag:openarchiver:thread:6ca4c5b5-3440-4c50-8666-cecfa25916d5:%3C1581705093.406521649829782928.JavaMail.ad72bas1%40op72bas106%3E,1,urn:openrag:openarchiver:email:6ca4c5b5-3440-4c50-8666-cecfa25916d5:d8456021-7b0e-4704-9132-5daa2c90424a,0,required_query_intersection,canonical query; entity query; metadata_recovery,canonical-q1:lexical@125; canonical-q1:rrf@135; entity-orange-fibre:lexical@94; entity-orange-fibre:rrf@166; known-component-anchors:metadata_relation@19
unreviewed,,,outside_baseline_candidate,component-719e40f3171b0c7d,thread:urn:openrag:openarchiver:thread:6ca4c5b5-3440-4c50-8666-cecfa25916d5:%3C1946154876.289871660390408642.JavaMail.ad72bas1%40op72bas208%3E,1,urn:openrag:openarchiver:email:6ca4c5b5-3440-4c50-8666-cecfa25916d5:4e57c5a2-eff8-4103-829b-074e3b22ba1a,0,required_query_intersection,canonical query; entity query; metadata_recovery,canonical-q1:lexical@126; canonical-q1:rrf@136; entity-orange-fibre:lexical@95; entity-orange-fibre:rrf@168; known-component-anchors:metadata_relation@33
unreviewed,,,outside_baseline_candidate,component-4e98e1168f8039f5,thread:urn:openrag:openarchiver:thread:6ca4c5b5-3440-4c50-8666-cecfa25916d5:%3C234155647.132781613058899332.JavaMail.ad72bas1%40dr72bas23%3E,1,urn:openrag:openarchiver:email:6ca4c5b5-3440-4c50-8666-cecfa25916d5:d21c6566-45a5-4b4f-999f-04661746e766,0,required_query_intersection,canonical query; entity query,canonical-q1:lexical@139; canonical-q1:rrf@145; entity-orange-fibre:lexical@97; entity-orange-fibre:rrf@170
unreviewed,,,outside_baseline_candidate,component-dca725566c399d43,thread:urn:openrag:openarchiver:thread:6ca4c5b5-3440-4c50-8666-cecfa25916d5:%3C1424579594.4914443.1486204736876.JavaMail.ihdwls1%40bt1shl9t%3E,2,urn:openrag:openarchiver:attachment:10ca7340-959e-4c9c-a5b7-f2eee1f60b7f; urn:openrag:openarchiver:email:6ca4c5b5-3440-4c50-8666-cecfa25916d5:cbe7c2d5-8e64-4bcc-8026-3b8706ca4c65,0,required_query_intersection,alternate query; canonical query; metadata_recovery,canonical-q1:dense@99; deep-fibre-optique:dense@124; deep-fibre-optique:rrf@244; known-component-anchors:metadata_relation@3; known-component-anchors:metadata_relation@54; known-component-anchors:metadata_relation@92
unreviewed,,,outside_baseline_candidate,component-cd19a41ae4365482,thread:urn:openrag:openarchiver:thread:6ca4c5b5-3440-4c50-8666-cecfa25916d5:%3C1425157878.28233720.1483526419663.JavaMail.ihdwls1%40bt1shl9p%3E,2,urn:openrag:openarchiver:attachment:754c1868-5afd-4d1d-876a-c832905c2399; urn:openrag:openarchiver:email:6ca4c5b5-3440-4c50-8666-cecfa25916d5:6b24a2ec-d246-4e86-9111-91f7c425aa6b,0,required_query_intersection,alternate query; canonical query; metadata_recovery,canonical-q1:dense@101; deep-fibre-optique:dense@109; deep-fibre-optique:rrf@217; known-component-anchors:metadata_relation@179; known-component-anchors:metadata_relation@22; known-component-anchors:metadata_relation@43
unreviewed,,,outside_baseline_candidate,component-c4945f0532927cf4,thread:urn:openrag:openarchiver:thread:6ca4c5b5-3440-4c50-8666-cecfa25916d5:%3C2023379842.2972034.1501932522325.JavaMail.ihdwls2%40bt1shl9q%3E,2,urn:openrag:openarchiver:attachment:731ec8ff-69ec-4edf-9f5b-9f9ec8a559f9; urn:openrag:openarchiver:email:6ca4c5b5-3440-4c50-8666-cecfa25916d5:5aab4cfe-98f4-439a-94c3-229199ff9fc6,0,required_query_intersection,alternate query; canonical query; metadata_recovery,canonical-q1:dense@102; deep-fibre-optique:dense@110; deep-fibre-optique:rrf@219; known-component-anchors:metadata_relation@33; known-component-anchors:metadata_relation@34; known-component-anchors:metadata_relation@94; known-component-anchors:metadata_relation@98
unreviewed,,,outside_baseline_candidate,component-80e1f999c507bce4,thread:urn:openrag:openarchiver:thread:6ca4c5b5-3440-4c50-8666-cecfa25916d5:%3C1713561743.88625803.1528105292828.JavaMail.ihdwls1%40bt1shl9t%3E,2,urn:openrag:openarchiver:attachment:72345025-8d0c-41cc-b2ff-e811cacee3f4; urn:openrag:openarchiver:email:6ca4c5b5-3440-4c50-8666-cecfa25916d5:369e5ef7-465b-4b5f-bff6-ef89d5f6a2ae,0,required_query_intersection,alternate query; canonical query; metadata_recovery,canonical-q1:dense@103; deep-fibre-optique:dense@111; deep-fibre-optique:rrf@221; known-component-anchors:metadata_relation@143; known-component-anchors:metadata_relation@153
unreviewed,,,outside_baseline_candidate,component-340a62fbdcf5e7e1,thread:urn:openrag:openarchiver:thread:6ca4c5b5-3440-4c50-8666-cecfa25916d5:%3Ce723e870-8dff-42aa-9385-ff1bf1ec0be8%40BT1SVK40.prod.service.bouygues-telecom.fr%3E,2,urn:openrag:openarchiver:attachment:386913e0-dcfc-40b4-922a-fd12ece5a96d; urn:openrag:openarchiver:email:6ca4c5b5-3440-4c50-8666-cecfa25916d5:f2bc7610-d7c6-48b0-b575-2558148d7b2d,0,required_query_intersection,alternate query; canonical query; metadata_recovery,alternate-raccordement:dense@109; canonical-q1:dense@106; known-component-anchors:metadata_relation@142; known-component-anchors:metadata_relation@148; known-component-anchors:metadata_relation@179
unreviewed,,,outside_baseline_candidate,component-af3652bbebf8ca2e,thread:urn:openrag:openarchiver:thread:6ca4c5b5-3440-4c50-8666-cecfa25916d5:%3C1050693055.360827.1515169235830.JavaMail.ihdwls1%40bt1shl9t%3E,2,urn:openrag:openarchiver:attachment:68487a8b-c302-43b3-b26f-8e41b941978e; urn:openrag:openarchiver:email:6ca4c5b5-3440-4c50-8666-cecfa25916d5:7cd1f613-8057-4d14-b1f5-9bf94c90eaff,0,required_query_intersection,alternate query; canonical query; metadata_recovery,canonical-q1:dense@108; deep-fibre-optique:dense@119; deep-fibre-optique:rrf@238; known-component-anchors:metadata_relation@103; known-component-anchors:metadata_relation@131; known-component-anchors:metadata_relation@62
unreviewed,,,outside_baseline_candidate,component-09dac0822cb88802,thread:urn:openrag:openarchiver:thread:9e325a3e-b01f-40bf-8890-b400d4e3d7f4:%3C351808450.1735884.1785165016977%40pc2fy77h.pcy.edf.fr%3E,3,urn:openrag:openarchiver:attachment:27539d50-3f4c-4dd4-9eb0-32479ca9ad8b; urn:openrag:openarchiver:email:9e325a3e-b01f-40bf-8890-b400d4e3d7f4:30da79f6-9351-403f-a36e-a0b0c61ee60c; urn:openrag:openarchiver:email:9e325a3e-b01f-40bf-8890-b400d4e3d7f4:69f63cd5-ec25-47dd-9730-a6fd4cae77c4,0,required_query_intersection,canonical query; entity query; metadata_recovery,canonical-q1:lexical@179; entity-orange-fibre:dense@111; known-component-anchors:metadata_relation@175; known-component-anchors:metadata_relation@203; known-component-anchors:metadata_relation@4; known-component-anchors:metadata_relation@54; known-component-anchors:metadata_relation@57; known-component-anchors:metadata_relation@6
unreviewed,,,outside_baseline_candidate,component-4b8a07a2e2c97743,thread:urn:openrag:openarchiver:thread:6ca4c5b5-3440-4c50-8666-cecfa25916d5:%3C66084586.889961688665395854.JavaMail.ad72bas1%40op72bas204%3E,1,urn:openrag:openarchiver:email:6ca4c5b5-3440-4c50-8666-cecfa25916d5:3a8f4b61-8c57-4df3-b051-f554e06e3de4,0,required_query_intersection,alternate query; canonical query; metadata_recovery,alternate-raccordement:dense@114; canonical-q1:dense@173; known-component-anchors:metadata_relation@46
unreviewed,,,outside_baseline_candidate,component-30c170fde376280a,thread:urn:openrag:openarchiver:thread:6ca4c5b5-3440-4c50-8666-cecfa25916d5:%3C494495567.1409681701844731341.JavaMail.ad72bas1%40op72bas103%3E,1,urn:openrag:openarchiver:email:6ca4c5b5-3440-4c50-8666-cecfa25916d5:03eaec0f-1d44-4ac4-bf98-229732a3aebb,0,required_query_intersection,alternate query; canonical query; metadata_recovery,alternate-raccordement:dense@115; canonical-q1:dense@174; known-component-anchors:metadata_relation@95
unreviewed,,,outside_baseline_candidate,component-4c32544a4833d8f0,thread:urn:openrag:openarchiver:thread:6ca4c5b5-3440-4c50-8666-cecfa25916d5:%3C747418628.451971707182267156.JavaMail.ad72bas1%40op72bas202%3E,1,urn:openrag:openarchiver:email:6ca4c5b5-3440-4c50-8666-cecfa25916d5:dd169e10-c847-4316-93ad-2ecab3dd45ec,0,required_query_intersection,alternate query; canonical query; metadata_recovery,alternate-raccordement:dense@116; canonical-q1:dense@175; known-component-anchors:metadata_relation@107
unreviewed,,,outside_baseline_candidate,component-67f9e7e27bc3cee5,thread:urn:openrag:openarchiver:thread:6ca4c5b5-3440-4c50-8666-cecfa25916d5:%3C85703372.316901699317820843.JavaMail.ad72bas1%40op72bas103%3E,1,urn:openrag:openarchiver:email:6ca4c5b5-3440-4c50-8666-cecfa25916d5:16d93ee6-cd92-4b35-965d-c671cf60587b,0,required_query_intersection,alternate query; canonical query; metadata_recovery,alternate-raccordement:dense@117; canonical-q1:dense@176; known-component-anchors:metadata_relation@118
unreviewed,,,outside_baseline_candidate,component-1c617559fb89f5ee,thread:urn:openrag:openarchiver:thread:6ca4c5b5-3440-4c50-8666-cecfa25916d5:%3C1336773004.393851686018280964.JavaMail.ad72bas1%40op72bas207%3E,1,urn:openrag:openarchiver:email:6ca4c5b5-3440-4c50-8666-cecfa25916d5:02b69f1e-97b3-4784-a06f-3cd9ac2e1494,0,required_query_intersection,alternate query; canonical query; metadata_recovery,alternate-raccordement:dense@118; canonical-q1:dense@177; known-component-anchors:metadata_relation@103
unreviewed,,,outside_baseline_candidate,component-3b4608b8c4b2cfe9,thread:urn:openrag:openarchiver:thread:6ca4c5b5-3440-4c50-8666-cecfa25916d5:%3C1120455199.91881694059891810.JavaMail.ad72bas1%40op72bas209%3E,1,urn:openrag:openarchiver:email:6ca4c5b5-3440-4c50-8666-cecfa25916d5:d45ffdc4-2e6e-4381-ae43-3fa595abaded,0,required_query_intersection,alternate query; canonical query; metadata_recovery,alternate-raccordement:dense@119; canonical-q1:dense@178; known-component-anchors:metadata_relation@130
unreviewed,,,outside_baseline_candidate,component-3e9370d839088ebe,thread:urn:openrag:openarchiver:thread:6ca4c5b5-3440-4c50-8666-cecfa25916d5:%3C223648125.931696470114101.JavaMail.ad72bas1%40op72bas207%3E,1,urn:openrag:openarchiver:email:6ca4c5b5-3440-4c50-8666-cecfa25916d5:8bb5401c-9b97-46a3-90b2-66f06b5bdab8,0,required_query_intersection,alternate query; canonical query,alternate-raccordement:dense@120; canonical-q1:dense@179
unreviewed,,,outside_baseline_candidate,component-1458fdf3ae1bb1b7,thread:urn:openrag:openarchiver:thread:6ca4c5b5-3440-4c50-8666-cecfa25916d5:%3C2054144694.1056451704546274352.JavaMail.ad72bas1%40op72bas109%3E,1,urn:openrag:openarchiver:email:6ca4c5b5-3440-4c50-8666-cecfa25916d5:7f1657d5-b542-49ae-a5ba-6f172792f6a9,0,required_query_intersection,canonical query; entity query; metadata_recovery,canonical-q1:dense@121; entity-orange-fibre:dense@181; known-component-anchors:metadata_relation@59
unreviewed,,,outside_baseline_candidate,component-65281fd33eb33740,thread:urn:openrag:openarchiver:thread:6ca4c5b5-3440-4c50-8666-cecfa25916d5:%3C1674156556.423661691118212362.JavaMail.ad72bas1%40op72bas205%3E,1,urn:openrag:openarchiver:email:6ca4c5b5-3440-4c50-8666-cecfa25916d5:6b6b76c1-3c51-42bd-a804-783fa0afe703,0,required_query_intersection,alternate query; canonical query; metadata_recovery,alternate-raccordement:dense@121; canonical-q1:dense@180; known-component-anchors:metadata_relation@174
unreviewed,,,outside_baseline_candidate,component-d2f1c6d177c82542,thread:urn:openrag:openarchiver:thread:6ca4c5b5-3440-4c50-8666-cecfa25916d5:%3CC465F0A8-B49E-45BF-B21D-6859EE043B4B%40wisearch.fr%3E,4,urn:openrag:openarchiver:attachment:29472391-6e06-44ff-b059-3b7bc50b7b71; urn:openrag:openarchiver:attachment:77368f1a-9ddf-4dba-b362-18f28e5511c2; urn:openrag:openarchiver:email:6ca4c5b5-3440-4c50-8666-cecfa25916d5:8928ad12-6aa4-4e93-ae9b-7e66d6a3ee7d; urn:openrag:openarchiver:email:6ca4c5b5-3440-4c50-8666-cecfa25916d5:edd29382-9af7-4a05-b2d2-e114b63dfcd8,0,required_query_intersection,alternate query; canonical query; metadata_recovery,canonical-q1:lexical@121; canonical-q1:rrf@186; deep-fibre-optique:lexical@153; deep-fibre-optique:rrf@215; known-component-anchors:metadata_relation@1; known-component-anchors:metadata_relation@155; known-component-anchors:metadata_relation@200; known-component-anchors:metadata_relation@295; known-component-anchors:metadata_relation@303
unreviewed,,,outside_baseline_candidate,component-a6ae4b9d55668e19,thread:urn:openrag:openarchiver:thread:6ca4c5b5-3440-4c50-8666-cecfa25916d5:%3C1001617424.221371772768371688.JavaMail.ad72bas1%40op72bas100%3E,1,urn:openrag:openarchiver:email:6ca4c5b5-3440-4c50-8666-cecfa25916d5:49599c03-9597-4b1a-a89b-22bd42d451bb,0,required_query_intersection,canonical query; entity query; metadata_recovery,canonical-q1:dense@122; entity-orange-fibre:dense@182; known-component-anchors:metadata_relation@93
unreviewed,,,outside_baseline_candidate,component-4323b0f6ef42140c,thread:urn:openrag:openarchiver:thread:6ca4c5b5-3440-4c50-8666-cecfa25916d5:%3C1031944124.1011711709757377176.JavaMail.ad72bas1%40op72bas208%3E,1,urn:openrag:openarchiver:email:6ca4c5b5-3440-4c50-8666-cecfa25916d5:a49c47da-ca0f-4bc1-8484-f93d4d0e4829,0,required_query_intersection,canonical query; entity query; metadata_recovery,canonical-q1:dense@123; entity-orange-fibre:dense@183; known-component-anchors:metadata_relation@111
unreviewed,,,outside_baseline_candidate,component-219be54afca9ba6a,thread:urn:openrag:openarchiver:thread:6ca4c5b5-3440-4c50-8666-cecfa25916d5:%3C1722146374.47241677902421387.JavaMail.ad72bas1%40op72bas106%3E,1,urn:openrag:openarchiver:email:6ca4c5b5-3440-4c50-8666-cecfa25916d5:7cc17447-e661-4694-9d50-15d6154edb35,0,required_query_intersection,alternate query; canonical query; metadata_recovery,alternate-raccordement:dense@124; canonical-q1:dense@172; known-component-anchors:metadata_relation@119
unreviewed,,,outside_baseline_candidate,component-22726b66f06c5ebc,thread:urn:openrag:openarchiver:thread:6ca4c5b5-3440-4c50-8666-cecfa25916d5:%3C18561_1581415314_5E427B91_18561_148_1_05b33443-db8f-6b80-b3ec-64c21620159a%40dgfip.finances.gouv.fr%3E,6,urn:openrag:openarchiver:attachment:4faf9195-124b-4ccf-b960-bc89b8fed1b5; urn:openrag:openarchiver:email:6ca4c5b5-3440-4c50-8666-cecfa25916d5:000b789d-9469-4b8a-b092-6163b1bf6e9b; urn:openrag:openarchiver:email:6ca4c5b5-3440-4c50-8666-cecfa25916d5:5c9566d2-77c7-47d0-be6e-3ee833734eca; urn:openrag:openarchiver:email:6ca4c5b5-3440-4c50-8666-cecfa25916d5:c58df573-6116-4255-a71a-c1758415dce1; urn:openrag:openarchiver:email:6ca4c5b5-3440-4c50-8666-cecfa25916d5:d69d9061-cb6b-46d4-a236-148869de464c; urn:openrag:openarchiver:email:6ca4c5b5-3440-4c50-8666-cecfa25916d5:e729da45-13c2-4ed9-872b-132e7ca77feb,0,required_query_intersection,alternate query; canonical query; metadata_recovery,canonical-q1:lexical@124; canonical-q1:rrf@190; deep-fibre-optique:lexical@158; deep-fibre-optique:rrf@224; known-component-anchors:metadata_relation@121; known-component-anchors:metadata_relation@125; known-component-anchors:metadata_relation@170; known-component-anchors:metadata_relation@180; known-component-anchors:metadata_relation@80; known-component-anchors:metadata_relation@9; known-component-anchors:metadata_relation@91
unreviewed,,,outside_baseline_candidate,component-2efe8142feda356b,thread:urn:openrag:openarchiver:thread:6ca4c5b5-3440-4c50-8666-cecfa25916d5:%3C1335051024.4257281767833346557.JavaMail.ad72bas1%40op72bas100%3E,1,urn:openrag:openarchiver:email:6ca4c5b5-3440-4c50-8666-cecfa25916d5:62302aeb-957d-4ed4-8568-77d41603fc1b,0,required_query_intersection,canonical query; entity query; metadata_recovery,canonical-q1:dense@124; entity-orange-fibre:dense@184; known-component-anchors:metadata_relation@123
unreviewed,,,outside_baseline_candidate,component-5e4ca5060e385a0c,thread:urn:openrag:openarchiver:thread:6ca4c5b5-3440-4c50-8666-cecfa25916d5:%3C1794978679.533441667267465183.JavaMail.ad72bas1%40op72bas102%3E,1,urn:openrag:openarchiver:email:6ca4c5b5-3440-4c50-8666-cecfa25916d5:588a9c10-2792-4677-a8aa-9ce9d6c3ff60,0,required_query_intersection,alternate query; canonical query; metadata_recovery,alternate-raccordement:dense@125; canonical-q1:dense@182; known-component-anchors:metadata_relation@53
unreviewed,,,outside_baseline_candidate,component-22d043f15bdd420e,thread:urn:openrag:openarchiver:thread:6ca4c5b5-3440-4c50-8666-cecfa25916d5:%3C1521753258.234341661985968380.JavaMail.ad72bas1%40op72bas203%3E,1,urn:openrag:openarchiver:email:6ca4c5b5-3440-4c50-8666-cecfa25916d5:55e1c878-b79a-47ee-a8ad-772dc5c26dcb,0,required_query_intersection,alternate query; canonical query; metadata_recovery,alternate-raccordement:dense@126; canonical-q1:dense@183; known-component-anchors:metadata_relation@117
unreviewed,,,outside_baseline_candidate,component-b8c70e09a51f49bb,thread:urn:openrag:openarchiver:thread:6ca4c5b5-3440-4c50-8666-cecfa25916d5:%3C1896508771.374151678181053223.JavaMail.ad72bas1%40op72bas209%3E,1,urn:openrag:openarchiver:email:6ca4c5b5-3440-4c50-8666-cecfa25916d5:27f8e0ad-0ce5-4abc-ab39-8c46a4c09683,0,required_query_intersection,alternate query; canonical query; metadata_recovery,alternate-raccordement:dense@127; canonical-q1:dense@190; known-component-anchors:metadata_relation@87
unreviewed,,,outside_baseline_candidate,component-bb5aa9a0ed884760,thread:urn:openrag:openarchiver:thread:6ca4c5b5-3440-4c50-8666-cecfa25916d5:%3C1085433286.17864400.1491587087926.JavaMail.ihdwls1%40bt1shl9p%3E,2,urn:openrag:openarchiver:attachment:5b3f77d8-2a24-43ce-8020-790443e97954; urn:openrag:openarchiver:email:6ca4c5b5-3440-4c50-8666-cecfa25916d5:8c6142b2-7324-4011-839c-475e16e008e1,0,required_query_intersection,alternate query; canonical query; metadata_recovery,canonical-q1:dense@128; deep-fibre-optique:dense@127; deep-fibre-optique:rrf@249; known-component-anchors:metadata_relation@117; known-component-anchors:metadata_relation@57; known-component-anchors:metadata_relation@71; known-component-anchors:metadata_relation@94
unreviewed,,,outside_baseline_candidate,component-c4f21cc3dfb5e91b,thread:urn:openrag:openarchiver:thread:6ca4c5b5-3440-4c50-8666-cecfa25916d5:%3C409644327.2740667.1493893325802.JavaMail.ihdwls2%40bt1shl9q%3E,1,urn:openrag:openarchiver:attachment:11bad62e-3ae7-4ef2-ba94-4609de6b4dc7,0,required_query_intersection,alternate query; canonical query; metadata_recovery,canonical-q1:dense@129; deep-fibre-optique:dense@128; deep-fibre-optique:rrf@250; known-component-anchors:metadata_relation@106; known-component-anchors:metadata_relation@115
unreviewed,,,outside_baseline_candidate,component-108a67c06a7fd75f,thread:urn:openrag:openarchiver:thread:6ca4c5b5-3440-4c50-8666-cecfa25916d5:%3C172717472.2666995.1475660591880.JavaMail.ihdwls1%40bt1shl9t%3E,2,urn:openrag:openarchiver:attachment:501cd4b6-9899-419c-8247-7214c1b3426b; urn:openrag:openarchiver:email:6ca4c5b5-3440-4c50-8666-cecfa25916d5:052c2e1e-79d8-42ea-9667-b314c8e1e92b,0,required_query_intersection,alternate query; canonical query; metadata_recovery,canonical-q1:dense@130; deep-fibre-optique:dense@129; deep-fibre-optique:rrf@252; known-component-anchors:metadata_relation@125; known-component-anchors:metadata_relation@159
unreviewed,,,outside_baseline_candidate,component-7069fc7796e4131c,thread:urn:openrag:openarchiver:thread:6ca4c5b5-3440-4c50-8666-cecfa25916d5:%3C1822791461.1152031699406593279.JavaMail.ad72bas1%40op72bas105%3E,1,urn:openrag:openarchiver:email:6ca4c5b5-3440-4c50-8666-cecfa25916d5:1eea0530-f559-4349-b21c-dd0493ea84b4,0,required_query_intersection,alternate query; canonical query; metadata_recovery,alternate-raccordement:dense@130; canonical-q1:dense@186; known-component-anchors:metadata_relation@50
unreviewed,,,outside_baseline_candidate,component-3addd027f23027b8,thread:urn:openrag:openarchiver:thread:6ca4c5b5-3440-4c50-8666-cecfa25916d5:%3C1604782976.7703240.1480853284876.JavaMail.ihdwls1%40bt1shl9p%3E,2,urn:openrag:openarchiver:attachment:46b4c39d-ee67-47b0-bf2a-6cdfdc33a161; urn:openrag:openarchiver:email:6ca4c5b5-3440-4c50-8666-cecfa25916d5:b3448a3a-808e-42b3-b902-0b29d4882181,0,required_query_intersection,alternate query; canonical query; metadata_recovery,canonical-q1:dense@132; deep-fibre-optique:dense@131; deep-fibre-optique:rrf@254; known-component-anchors:metadata_relation@13; known-component-anchors:metadata_relation@15; known-component-anchors:metadata_relation@27; known-component-anchors:metadata_relation@28
unreviewed,,,outside_baseline_candidate,component-80f972b3a9b33f0f,thread:urn:openrag:openarchiver:thread:6ca4c5b5-3440-4c50-8666-cecfa25916d5:%3C1231510667.368901670287962657.JavaMail.ad72bas1%40op72bas205%3E,1,urn:openrag:openarchiver:email:6ca4c5b5-3440-4c50-8666-cecfa25916d5:4a45a927-5058-446f-8694-f358fa8bc085,0,required_query_intersection,alternate query; canonical query; metadata_recovery,alternate-raccordement:dense@131; canonical-q1:dense@187; known-component-anchors:metadata_relation@73
unreviewed,,,outside_baseline_candidate,component-ef24a43c9ea901d8,thread:urn:openrag:openarchiver:thread:6ca4c5b5-3440-4c50-8666-cecfa25916d5:%3C1675131179.15984079.1504522702347.JavaMail.ihdwls1%40bt1shl9t%3E,2,urn:openrag:openarchiver:attachment:5669dae4-0f23-47e0-8648-db7088995fa7; urn:openrag:openarchiver:email:6ca4c5b5-3440-4c50-8666-cecfa25916d5:47d56552-0188-43f5-ad1f-035d4b8d5431,0,required_query_intersection,alternate query; canonical query; metadata_recovery,canonical-q1:dense@133; deep-fibre-optique:dense@132; deep-fibre-optique:rrf@256; known-component-anchors:metadata_relation@147; known-component-anchors:metadata_relation@161
unreviewed,,,outside_baseline_candidate,component-68e57df30b135b95,thread:urn:openrag:openarchiver:thread:6ca4c5b5-3440-4c50-8666-cecfa25916d5:%3C892790089.44750594.1522845748074.JavaMail.ihdwls1%40bt1shl9t%3E,2,urn:openrag:openarchiver:attachment:4f7749ab-bb3a-45f3-8995-c1604cadbe4a; urn:openrag:openarchiver:email:6ca4c5b5-3440-4c50-8666-cecfa25916d5:d60eb6f0-7423-446a-8d22-a0fcb4192bb7,0,required_query_intersection,alternate query; canonical query; metadata_recovery,canonical-q1:dense@134; deep-fibre-optique:dense@133; deep-fibre-optique:rrf@257; known-component-anchors:metadata_relation@192; known-component-anchors:metadata_relation@51; known-component-anchors:metadata_relation@65
unreviewed,,,outside_baseline_candidate,component-1267cc6f7f3ab306,thread:urn:openrag:openarchiver:thread:9e325a3e-b01f-40bf-8890-b400d4e3d7f4:%3CCAGwYficSZ83FKeofha-6oaF9ebkW%2BfWgy%2B9RMCuWqmz9-1JQow%40mail.gmail.com%3E,1,urn:openrag:openarchiver:email:9e325a3e-b01f-40bf-8890-b400d4e3d7f4:63c709a8-8344-49e6-a5f6-80437fef41b4,0,required_query_intersection,alternate query; canonical query; metadata_recovery,canonical-q1:lexical@136; deep-fibre-optique:lexical@230; known-component-anchors:metadata_relation@115; known-component-anchors:metadata_relation@166
unreviewed,,,outside_baseline_candidate,component-530bba1248b3afd3,thread:urn:openrag:openarchiver:thread:6ca4c5b5-3440-4c50-8666-cecfa25916d5:%3C1663036236.11264114.1662242822479%40bt8svu72.adb.dolmen.bouyguestelecom.fr%3E,1,urn:openrag:openarchiver:email:6ca4c5b5-3440-4c50-8666-cecfa25916d5:6b3588b1-e770-47ba-a81e-d86a57eb87da,0,required_query_intersection,alternate query; canonical query; metadata_recovery,canonical-q1:dense@137; deep-fibre-optique:dense@173; known-component-anchors:metadata_relation@75
unreviewed,,,outside_baseline_candidate,component-92b30199ac28acef,thread:urn:openrag:openarchiver:thread:9e325a3e-b01f-40bf-8890-b400d4e3d7f4:%3CE1t4HJe-0005nE-9W%40webdev-004.vit3.mcra.fr%3E,1,urn:openrag:openarchiver:email:9e325a3e-b01f-40bf-8890-b400d4e3d7f4:ec0e2d07-4dc5-470d-84b4-d2ea9c9b0325,0,required_query_intersection,alternate query; canonical query,canonical-q1:dense@195; deep-fibre-optique:dense@149; deep-fibre-optique:rrf@281
unreviewed,,,outside_baseline_candidate,component-2db257b3b8947d14,thread:urn:openrag:openarchiver:thread:6ca4c5b5-3440-4c50-8666-cecfa25916d5:%3C1971005643.104261592670631324.JavaMail.ad72bas1%40dr72bas22%3E,1,urn:openrag:openarchiver:email:6ca4c5b5-3440-4c50-8666-cecfa25916d5:10d1ee69-4111-4cc6-a450-aa71c991d94c,0,required_query_intersection,canonical query; entity query; metadata_recovery,canonical-q1:lexical@181; canonical-q1:rrf@168; entity-orange-fibre:lexical@198; known-component-anchors:metadata_relation@49
unreviewed,,,outside_baseline_candidate,component-9d7435e61a87be17,thread:urn:openrag:openarchiver:thread:6ca4c5b5-3440-4c50-8666-cecfa25916d5:%3C35b996493a704b5b86f12d1c40bc4b68%40vetoequin.fr%3E,2,urn:openrag:openarchiver:attachment:3cb3c79a-bf22-49ae-b797-ffcb123ef05e; urn:openrag:openarchiver:email:6ca4c5b5-3440-4c50-8666-cecfa25916d5:936ef3fe-134f-4181-89a0-1a95efb6557f,0,required_query_intersection,alternate query; canonical query; metadata_recovery,canonical-q1:lexical@174; deep-fibre-optique:lexical@194; deep-fibre-optique:rrf@296; known-component-anchors:metadata_relation@32; known-component-anchors:metadata_relation@41; known-component-anchors:metadata_relation@51; known-component-anchors:metadata_relation@60
unreviewed,,,outside_baseline_candidate,component-665e19eaa5af669b,thread:urn:openrag:openarchiver:thread:6ca4c5b5-3440-4c50-8666-cecfa25916d5:%3Cfcf8f956ae7745fdb9869e7b81bf530a%40MBX005.indiv.local%3E,4,urn:openrag:openarchiver:attachment:186dc4d7-cf49-476e-9aaf-62438a31b9c7; urn:openrag:openarchiver:attachment:69db8341-ebb0-496e-985b-796e382e5825; urn:openrag:openarchiver:email:6ca4c5b5-3440-4c50-8666-cecfa25916d5:ba329f31-1948-4caa-b54b-730caf460795; urn:openrag:openarchiver:email:6ca4c5b5-3440-4c50-8666-cecfa25916d5:e5ed0909-1cb4-488d-9cde-e85e832e5acb,0,required_query_intersection,alternate query; canonical query; metadata_recovery,canonical-q1:lexical@176; deep-fibre-optique:lexical@195; deep-fibre-optique:rrf@298; known-component-anchors:metadata_relation@119; known-component-anchors:metadata_relation@12; known-component-anchors:metadata_relation@131; known-component-anchors:metadata_relation@14; known-component-anchors:metadata_relation@152; known-component-anchors:metadata_relation@19; known-component-anchors:metadata_relation@9
unreviewed,,,outside_baseline_candidate,component-1eb6f5b463ccd2d5,thread:urn:openrag:openarchiver:thread:9e325a3e-b01f-40bf-8890-b400d4e3d7f4:%3C1748585675.1736590.1785165113800%40pc2fy77h.pcy.edf.fr%3E,3,urn:openrag:openarchiver:attachment:711efe79-c2dc-4e74-9625-ac1a5ed2e14f; urn:openrag:openarchiver:email:9e325a3e-b01f-40bf-8890-b400d4e3d7f4:6103f4d3-462b-4057-949c-8cde9bd644f6; urn:openrag:openarchiver:email:9e325a3e-b01f-40bf-8890-b400d4e3d7f4:f38546aa-6585-4763-8939-56c1d705d59c,0,required_query_intersection,canonical query; entity query; metadata_recovery,canonical-q1:lexical@180; entity-orange-fibre:dense@198; known-component-anchors:metadata_relation@1; known-component-anchors:metadata_relation@125; known-component-anchors:metadata_relation@130; known-component-anchors:metadata_relation@151; known-component-anchors:metadata_relation@160; known-component-anchors:metadata_relation@176; known-component-anchors:metadata_relation@2
unreviewed,,,outside_baseline_candidate,component-e943111e74321a59,thread:urn:openrag:openarchiver:thread:6ca4c5b5-3440-4c50-8666-cecfa25916d5:%3C1203457840.6041908.1488624386171.JavaMail.ihdwls1%40bt1shl9t%3E,2,urn:openrag:openarchiver:attachment:03b41205-9026-4c74-8169-5ac36f056a23; urn:openrag:openarchiver:email:6ca4c5b5-3440-4c50-8666-cecfa25916d5:7d6658b6-aae0-4f5b-ac2d-b81e4e70ed4c,0,required_query_intersection,alternate query; canonical query; metadata_recovery,canonical-q1:dense@189; deep-fibre-optique:dense@222; known-component-anchors:metadata_relation@152; known-component-anchors:metadata_relation@157
unreviewed,,,outside_baseline_candidate,component-830e0a942b2b2cd1,thread:urn:openrag:openarchiver:thread:9e325a3e-b01f-40bf-8890-b400d4e3d7f4:%3C2062421032.10337.1755087486900%40atrium.axereal.hosting.priv.atolcd.com%3E,1,urn:openrag:openarchiver:email:9e325a3e-b01f-40bf-8890-b400d4e3d7f4:42e66bc1-a37e-4b73-b73b-d69c285e00d1,0,required_query_intersection,alternate query; canonical query; metadata_recovery,canonical-q1:dense@198; deep-fibre-optique:dense@255; known-component-anchors:metadata_relation@125
unreviewed,,,high_confidence_candidate,component-d1edbc8f9531a7c7,thread:urn:openrag:openarchiver:thread:9e325a3e-b01f-40bf-8890-b400d4e3d7f4:%3C2a5d567678ca2178f23a402989eddb52%40civam.org%3E,4,urn:openrag:openarchiver:email:9e325a3e-b01f-40bf-8890-b400d4e3d7f4:056abe0d-0bb7-4f0f-a52a-08ea8ecd92d6; urn:openrag:openarchiver:email:9e325a3e-b01f-40bf-8890-b400d4e3d7f4:125e5040-ca12-4f7e-81b6-1d431c08d6a9; urn:openrag:openarchiver:email:9e325a3e-b01f-40bf-8890-b400d4e3d7f4:60512623-634e-4770-913b-b3efae1459dd; urn:openrag:openarchiver:email:9e325a3e-b01f-40bf-8890-b400d4e3d7f4:798f59e5-f997-4bdc-90e2-599517be6f4c,4,required_query_intersection,canonical query; metadata_recovery,canonical-q1:lexical@2; canonical-q1:rrf@10; known-component-anchors:metadata_relation@117; known-component-anchors:metadata_relation@122; known-component-anchors:metadata_relation@134; known-component-anchors:metadata_relation@204; known-component-anchors:metadata_relation@216; known-component-anchors:metadata_relation@243; known-component-anchors:metadata_relation@244; known-component-anchors:metadata_relation@28; known-component-anchors:metadata_relation@60; known-component-anchors:metadata_relation@67; known-component-anchors:metadata_relation@98
unreviewed,,,high_confidence_candidate,component-91eb13e3a5b5cdfc,thread:urn:openrag:openarchiver:thread:9e325a3e-b01f-40bf-8890-b400d4e3d7f4:%3CCAEngEUazgURC4HsmpM20gLPL657cGs7kXhFwkJPiFSF3sQMimw%40mail.gmail.com%3E,4,urn:openrag:openarchiver:email:9e325a3e-b01f-40bf-8890-b400d4e3d7f4:01efb190-9a29-49cc-af8b-678aebb01ef4; urn:openrag:openarchiver:email:9e325a3e-b01f-40bf-8890-b400d4e3d7f4:bc68f324-861a-4be1-bf18-dccb108f3ad9; urn:openrag:openarchiver:email:9e325a3e-b01f-40bf-8890-b400d4e3d7f4:cbf24b6c-8ffc-4dea-bac6-b1fd6ddd3563; urn:openrag:openarchiver:email:9e325a3e-b01f-40bf-8890-b400d4e3d7f4:eb57452a-77e3-4bd8-9481-4bfe6e4c9d53,4,required_query_intersection,canonical query; metadata_recovery,canonical-q1:lexical@3; canonical-q1:rrf@11; known-component-anchors:metadata_relation@150; known-component-anchors:metadata_relation@185; known-component-anchors:metadata_relation@21; known-component-anchors:metadata_relation@24; known-component-anchors:metadata_relation@270; known-component-anchors:metadata_relation@313; known-component-anchors:metadata_relation@60; known-component-anchors:metadata_relation@70
unreviewed,,,high_confidence_candidate,component-0018d37f3ef07b82,thread:urn:openrag:openarchiver:thread:9e325a3e-b01f-40bf-8890-b400d4e3d7f4:%3CCADnAYpg8192JPQiGH-QiB1%2BY0weKfMJnF_BU5Sskb4nT51sqAw%40mail.gmail.com%3E,2,urn:openrag:openarchiver:attachment:3f5c0c11-ca58-4a01-a8bf-563167424a4b; urn:openrag:openarchiver:email:9e325a3e-b01f-40bf-8890-b400d4e3d7f4:45c333aa-eca2-4ca2-a986-87b65a1db578,2,required_query_intersection,canonical query; metadata_recovery,canonical-q1:lexical@5; canonical-q1:rrf@13; known-component-anchors:metadata_relation@135; known-component-anchors:metadata_relation@178; known-component-anchors:metadata_relation@227
unreviewed,,,high_confidence_candidate,component-058e4653f377142c,thread:urn:openrag:openarchiver:thread:9e325a3e-b01f-40bf-8890-b400d4e3d7f4:%3C011B041C-DC66-4AE6-9DBA-C773A48ABF24%40harasdebondereau.com%3E,2,urn:openrag:openarchiver:attachment:2f5c7a82-0e21-404f-ba46-130275d0968e; urn:openrag:openarchiver:email:9e325a3e-b01f-40bf-8890-b400d4e3d7f4:e8bf2bd9-c1ce-4dd1-a5fd-6b579d2246fc,2,required_query_intersection,canonical query; metadata_recovery,canonical-q1:lexical@6; canonical-q1:rrf@15; known-component-anchors:metadata_relation@127; known-component-anchors:metadata_relation@182; known-component-anchors:metadata_relation@24; known-component-anchors:metadata_relation@41
unreviewed,,,high_confidence_candidate,component-588a38e330000481,thread:urn:openrag:openarchiver:thread:9e325a3e-b01f-40bf-8890-b400d4e3d7f4:%3CA551FAFC-C674-46A9-AB91-56DF693B2F3A%40ferme-de-pommerieux.fr%3E,2,urn:openrag:openarchiver:attachment:11f0bf97-fafe-4b43-b927-d9ed6dd0e127; urn:openrag:openarchiver:email:9e325a3e-b01f-40bf-8890-b400d4e3d7f4:d04de078-e8de-4f2d-8ea7-cc542e2061bb,2,required_query_intersection,canonical query; metadata_recovery,canonical-q1:lexical@7; canonical-q1:rrf@17; known-component-anchors:metadata_relation@139; known-component-anchors:metadata_relation@141; known-component-anchors:metadata_relation@146; known-component-anchors:metadata_relation@191; known-component-anchors:metadata_relation@225; known-component-anchors:metadata_relation@234
unreviewed,,,high_confidence_candidate,component-0b2a36fcee030cc6,thread:urn:openrag:openarchiver:thread:6ca4c5b5-3440-4c50-8666-cecfa25916d5:%3C14851388.6889.1545049345842.JavaMail.vmojmsp8%40grasse%3E,1,urn:openrag:openarchiver:email:6ca4c5b5-3440-4c50-8666-cecfa25916d5:3cfeac08-2388-4532-b991-66dab472e25e,1,required_query_intersection,canonical query; metadata_recovery,canonical-q1:lexical@9; canonical-q1:rrf@19; known-component-anchors:metadata_relation@173
unreviewed,,,high_confidence_candidate,component-ae6421de181a2cf1,thread:urn:openrag:openarchiver:thread:9e325a3e-b01f-40bf-8890-b400d4e3d7f4:%3C0986EB8E-83E7-4245-9810-44588CCDDF0F%40ferme-de-pommerieux.fr%3E,5,urn:openrag:openarchiver:email:9e325a3e-b01f-40bf-8890-b400d4e3d7f4:0e76498f-8aea-4b7c-8104-b6ba3e29f5a7; urn:openrag:openarchiver:email:9e325a3e-b01f-40bf-8890-b400d4e3d7f4:20d4c499-c69b-4054-8197-c31e2825f275; urn:openrag:openarchiver:email:9e325a3e-b01f-40bf-8890-b400d4e3d7f4:56446d9a-8e59-4695-8599-7f3a4e91a4d8; urn:openrag:openarchiver:email:9e325a3e-b01f-40bf-8890-b400d4e3d7f4:d678119e-f708-4ecc-9f7f-7ca1f6645390; urn:openrag:openarchiver:email:9e325a3e-b01f-40bf-8890-b400d4e3d7f4:f149f056-b7fc-42f9-9faf-39d0559fb1da,5,required_query_intersection,canonical query; metadata_recovery,canonical-q1:lexical@12; canonical-q1:rrf@23; known-component-anchors:metadata_relation@107; known-component-anchors:metadata_relation@112; known-component-anchors:metadata_relation@114; known-component-anchors:metadata_relation@15; known-component-anchors:metadata_relation@23; known-component-anchors:metadata_relation@24; known-component-anchors:metadata_relation@49; known-component-anchors:metadata_relation@50; known-component-anchors:metadata_relation@51; known-component-anchors:metadata_relation@66; known-component-anchors:metadata_relation@82
unreviewed,,,high_confidence_candidate,component-79fe68d84cdf6e18,thread:urn:openrag:openarchiver:thread:6ca4c5b5-3440-4c50-8666-cecfa25916d5:%3C26074064.133648.1548360329737.JavaMail.vmojmsp6%40arlet%3E,1,urn:openrag:openarchiver:email:6ca4c5b5-3440-4c50-8666-cecfa25916d5:ea21fa4f-11d8-4cba-b547-2950c446b3c9,1,required_query_intersection,canonical query; metadata_recovery,canonical-q1:lexical@13; canonical-q1:rrf@25; known-component-anchors:metadata_relation@3
unreviewed,,,high_confidence_candidate,component-1864edbfec1e3557,thread:urn:openrag:openarchiver:thread:6ca4c5b5-3440-4c50-8666-cecfa25916d5:%3C8284499.7237.1554270208564.JavaMail.vmojmsp8%40grasse%3E,1,urn:openrag:openarchiver:email:6ca4c5b5-3440-4c50-8666-cecfa25916d5:f88732e1-7a00-4149-97c2-8c0016801331,1,required_query_intersection,canonical query; metadata_recovery,canonical-q1:lexical@14; canonical-q1:rrf@27; known-component-anchors:metadata_relation@113
unreviewed,,,high_confidence_candidate,component-ec3bcf1c779c716b,thread:urn:openrag:openarchiver:thread:9e325a3e-b01f-40bf-8890-b400d4e3d7f4:%3CDUZPR10MB8226AE50D258196F9EDF6FB5F1DBA%40DUZPR10MB8226.EURPRD10.PROD.OUTLOOK.COM%3E,2,urn:openrag:openarchiver:email:9e325a3e-b01f-40bf-8890-b400d4e3d7f4:39c502a3-7f1d-4dba-8e41-5814a9f7f605; urn:openrag:openarchiver:email:9e325a3e-b01f-40bf-8890-b400d4e3d7f4:a8e5d70d-aa43-4207-bdac-7b6837a694a1,2,required_query_intersection,canonical query; metadata_recovery,canonical-q1:lexical@18; canonical-q1:lexical@27; canonical-q1:rrf@34; canonical-q1:rrf@48; known-component-anchors:metadata_relation@112; known-component-anchors:metadata_relation@133; known-component-anchors:metadata_relation@213; known-component-anchors:metadata_relation@261
unreviewed,,,high_confidence_candidate,component-1198945f57a68cab,thread:urn:openrag:openarchiver:thread:6ca4c5b5-3440-4c50-8666-cecfa25916d5:%3C33299120.1475.1535269403558.JavaMail.vmojmsp7%40arlet%3E,1,urn:openrag:openarchiver:email:6ca4c5b5-3440-4c50-8666-cecfa25916d5:4a566468-1e95-4c95-8f69-8fe6bf3c1b8c,1,required_query_intersection,canonical query; metadata_recovery,canonical-q1:lexical@19; canonical-q1:rrf@35; known-component-anchors:metadata_relation@33
unreviewed,,,high_confidence_candidate,component-23379eed206b127c,thread:urn:openrag:openarchiver:thread:9e325a3e-b01f-40bf-8890-b400d4e3d7f4:%3CCAEngEUYwfh4wY0MisYcFdMXTqKQf__QfqviyfZrxRwrX7N%2BUBQ%40mail.gmail.com%3E,5,urn:openrag:openarchiver:attachment:580bfca8-68ac-432e-8cb3-24eeddc5094d; urn:openrag:openarchiver:attachment:61e77e8a-cd8a-4577-842c-153b92cb7bbc; urn:openrag:openarchiver:email:9e325a3e-b01f-40bf-8890-b400d4e3d7f4:b540a928-5b96-4b9f-8f91-4e5285fd1929; urn:openrag:openarchiver:email:9e325a3e-b01f-40bf-8890-b400d4e3d7f4:ce33efa3-1535-46d4-9f1e-6e97ff070cd1; urn:openrag:openarchiver:email:9e325a3e-b01f-40bf-8890-b400d4e3d7f4:d61f224a-948a-499c-9d1c-d69894ad844a,5,required_query_intersection,canonical query; metadata_recovery,canonical-q1:lexical@21; canonical-q1:lexical@34; canonical-q1:rrf@39; canonical-q1:rrf@60; known-component-anchors:metadata_relation@100; known-component-anchors:metadata_relation@107; known-component-anchors:metadata_relation@114; known-component-anchors:metadata_relation@172; known-component-anchors:metadata_relation@178; known-component-anchors:metadata_relation@268; known-component-anchors:metadata_relation@338; known-component-anchors:metadata_relation@57
unreviewed,,,high_confidence_candidate,component-9656ee324091ae36,thread:urn:openrag:openarchiver:thread:9e325a3e-b01f-40bf-8890-b400d4e3d7f4:%3C202530091230.35pibnyw3wg8jj%40shared-p900-i3.d.sender-sib.com%3E,1,urn:openrag:openarchiver:email:9e325a3e-b01f-40bf-8890-b400d4e3d7f4:b168c0a0-2822-4831-8dc1-caafafc877c3,1,required_query_intersection,canonical query; metadata_recovery,canonical-q1:lexical@22; canonical-q1:rrf@41; known-component-anchors:metadata_relation@27
unreviewed,,,high_confidence_candidate,component-f9d298d8271f537e,thread:urn:openrag:openarchiver:thread:6ca4c5b5-3440-4c50-8666-cecfa25916d5:%3C006001d5c718%24eed09fd0%24cc71df70%24%40gmail.com%3E,3,urn:openrag:openarchiver:email:6ca4c5b5-3440-4c50-8666-cecfa25916d5:1125197b-e00d-4aa4-9644-e5c681d8deff; urn:openrag:openarchiver:email:6ca4c5b5-3440-4c50-8666-cecfa25916d5:84f39e47-8e91-4123-9866-0b10d626249c; urn:openrag:openarchiver:email:6ca4c5b5-3440-4c50-8666-cecfa25916d5:b4826445-b17e-4da0-8b8f-7b74702f956d,3,required_query_intersection,canonical query; metadata_recovery,canonical-q1:lexical@23; canonical-q1:lexical@24; canonical-q1:rrf@42; canonical-q1:rrf@43; known-component-anchors:metadata_relation@143; known-component-anchors:metadata_relation@147; known-component-anchors:metadata_relation@201; known-component-anchors:metadata_relation@255; known-component-anchors:metadata_relation@87; known-component-anchors:metadata_relation@93
unreviewed,,,high_confidence_candidate,component-d2949ad5aa38c4c2,thread:urn:openrag:openarchiver:thread:9e325a3e-b01f-40bf-8890-b400d4e3d7f4:%3CMRZP264MB261741A1B7F3E9037B8EC7E0855FA%40MRZP264MB2617.FRAP264.PROD.OUTLOOK.COM%3E,16,urn:openrag:openarchiver:attachment:25eb42d3-e673-47f6-bed8-e1b38fe5c704; urn:openrag:openarchiver:attachment:29877f8b-ff09-4deb-b15c-2e5efe315706; urn:openrag:openarchiver:attachment:4770e348-9ee8-4cc4-9adf-d3eb160891e3; urn:openrag:openarchiver:email:9e325a3e-b01f-40bf-8890-b400d4e3d7f4:09a8a8fc-0d63-4072-8b57-238e6578f696; urn:openrag:openarchiver:email:9e325a3e-b01f-40bf-8890-b400d4e3d7f4:1918ce02-f791-4af1-89c7-4c0414b0e5fb; urn:openrag:openarchiver:email:9e325a3e-b01f-40bf-8890-b400d4e3d7f4:48c57df8-ba2f-46e5-a811-780f31e4b9f2; urn:openrag:openarchiver:email:9e325a3e-b01f-40bf-8890-b400d4e3d7f4:54f194d3-9416-4419-9337-7b44035a1a7b; urn:openrag:openarchiver:email:9e325a3e-b01f-40bf-8890-b400d4e3d7f4:5b1e1071-f8e4-412b-8208-a6b8e0098ccb; urn:openrag:openarchiver:email:9e325a3e-b01f-40bf-8890-b400d4e3d7f4:61490f2c-8bd8-4226-8ad6-d00b1bc264c9; urn:openrag:openarchiver:email:9e325a3e-b01f-40bf-8890-b400d4e3d7f4:70516e48-d686-47cc-b9f8-918db1a56cdd; urn:openrag:openarchiver:email:9e325a3e-b01f-40bf-8890-b400d4e3d7f4:778e1286-e68a-4801-b404-347993e6311f; urn:openrag:openarchiver:email:9e325a3e-b01f-40bf-8890-b400d4e3d7f4:9bf4a05d-173e-49c8-a361-b1a113ce7ce7; urn:openrag:openarchiver:email:9e325a3e-b01f-40bf-8890-b400d4e3d7f4:cc14e0d6-61a0-4c79-8027-52b29c9c286d; urn:openrag:openarchiver:email:9e325a3e-b01f-40bf-8890-b400d4e3d7f4:ccebc758-e96f-4f2d-a945-ea4950c00866; urn:openrag:openarchiver:email:9e325a3e-b01f-40bf-8890-b400d4e3d7f4:e8a5250a-9234-4e38-bf78-120b26149fa3; urn:openrag:openarchiver:email:9e325a3e-b01f-40bf-8890-b400d4e3d7f4:f5f6b611-1ad4-4324-8c47-2f7db1ad978c,16,required_query_intersection,canonical query; metadata_recovery,canonical-q1:lexical@28; canonical-q1:lexical@54; canonical-q1:rrf@49; canonical-q1:rrf@88; known-component-anchors:metadata_relation@103; known-component-anchors:metadata_relation@120; known-component-anchors:metadata_relation@121; known-component-anchors:metadata_relation@13; known-component-anchors:metadata_relation@137; known-component-anchors:metadata_relation@148; known-component-anchors:metadata_relation@149; known-component-anchors:metadata_relation@151; known-component-anchors:metadata_relation@152; known-component-anchors:metadata_relation@211; known-component-anchors:metadata_relation@24; known-component-anchors:metadata_relation@260; known-component-anchors:metadata_relation@290; known-component-anchors:metadata_relation@32; known-component-anchors:metadata_relation@39; known-component-anchors:metadata_relation@55; known-component-anchors:metadata_relation@56; known-component-anchors:metadata_relation@82; known-component-anchors:metadata_relation@88; known-component-anchors:metadata_relation@90; known-component-anchors:metadata_relation@96
unreviewed,,,high_confidence_candidate,component-18735918f9bc7c25,thread:urn:openrag:openarchiver:thread:6ca4c5b5-3440-4c50-8666-cecfa25916d5:%3C04ed01d583ff%24f0380540%24d0a80fc0%24%40wilegal.fr%3E,4,urn:openrag:openarchiver:attachment:0078f47f-6470-449f-be65-3d67ec757cee; urn:openrag:openarchiver:email:6ca4c5b5-3440-4c50-8666-cecfa25916d5:29fc2ab3-c412-40a4-a34c-6cf58efbd7f7; urn:openrag:openarchiver:email:6ca4c5b5-3440-4c50-8666-cecfa25916d5:2a997cee-6146-4493-a2d6-3ae2b2864350; urn:openrag:openarchiver:email:6ca4c5b5-3440-4c50-8666-cecfa25916d5:c9ea68ce-0db9-4cad-ae21-492fdb1fa0d6,4,required_query_intersection,canonical query; metadata_recovery,canonical-q1:lexical@32; canonical-q1:rrf@57; known-component-anchors:metadata_relation@114; known-component-anchors:metadata_relation@171; known-component-anchors:metadata_relation@185; known-component-anchors:metadata_relation@195; known-component-anchors:metadata_relation@229; known-component-anchors:metadata_relation@235; known-component-anchors:metadata_relation@49; known-component-anchors:metadata_relation@86; known-component-anchors:metadata_relation@88
unreviewed,,,high_confidence_candidate,component-1fa8ed35a78138ef,thread:urn:openrag:openarchiver:thread:9e325a3e-b01f-40bf-8890-b400d4e3d7f4:%3C9A18205A-256F-48D8-935C-AF82E319FD4B%40ferme-de-pommerieux.fr%3E,3,urn:openrag:openarchiver:attachment:682a3f39-8e6c-4979-aebe-f18a02f35b7f; urn:openrag:openarchiver:email:9e325a3e-b01f-40bf-8890-b400d4e3d7f4:bff14f46-7cd8-46b1-b5c0-83a874f368f7; urn:openrag:openarchiver:email:9e325a3e-b01f-40bf-8890-b400d4e3d7f4:f89920c0-70c0-4f52-ba16-0294418dbcec,3,required_query_intersection,canonical query; metadata_recovery,canonical-q1:lexical@33; canonical-q1:rrf@59; known-component-anchors:metadata_relation@101; known-component-anchors:metadata_relation@144; known-component-anchors:metadata_relation@157; known-component-anchors:metadata_relation@207; known-component-anchors:metadata_relation@57
unreviewed,,,high_confidence_candidate,component-bb9164170cf71392,thread:urn:openrag:openarchiver:thread:9e325a3e-b01f-40bf-8890-b400d4e3d7f4:%3C1580118a44c14a31b4c55ef93.d64c0514fc.20181121083626.a474185a4a.6a069940%40mail99.sea31.mcsv.net%3E,1,urn:openrag:openarchiver:email:9e325a3e-b01f-40bf-8890-b400d4e3d7f4:30aebe68-472b-43d7-a570-9603eaca3dc1,1,required_query_intersection,canonical query; metadata_recovery,canonical-q1:lexical@35; canonical-q1:rrf@63; known-component-anchors:metadata_relation@52
unreviewed,,,high_confidence_candidate,component-a944c055d2d47974,thread:urn:openrag:openarchiver:thread:9e325a3e-b01f-40bf-8890-b400d4e3d7f4:%3CPR0P264MB1673A2AA25023438496AB49B95022%40PR0P264MB1673.FRAP264.PROD.OUTLOOK.COM%3E,2,urn:openrag:openarchiver:attachment:05609579-5fce-4824-ac35-bd6f07d74a29; urn:openrag:openarchiver:email:9e325a3e-b01f-40bf-8890-b400d4e3d7f4:45d9b88d-0481-4266-b1e3-0042067b1b7c,2,required_query_intersection,canonical query; metadata_recovery,canonical-q1:lexical@38; canonical-q1:rrf@65; known-component-anchors:metadata_relation@155; known-component-anchors:metadata_relation@2
unreviewed,,,high_confidence_candidate,component-da29942de6c9b8e7,thread:urn:openrag:openarchiver:thread:9e325a3e-b01f-40bf-8890-b400d4e3d7f4:%3C003701dac63c%246881ded0%2439859c70%24%40geodesheep.com%3E,2,urn:openrag:openarchiver:attachment:0003a37b-f4a4-4872-a22f-388e7edd1add; urn:openrag:openarchiver:email:9e325a3e-b01f-40bf-8890-b400d4e3d7f4:bbf98031-9f5a-4f9e-89b2-2af9342c6065,2,required_query_intersection,canonical query; metadata_recovery,canonical-q1:lexical@39; canonical-q1:rrf@67; known-component-anchors:metadata_relation@57
unreviewed,,,high_confidence_candidate,component-0727a75ae6088c86,thread:urn:openrag:openarchiver:thread:9e325a3e-b01f-40bf-8890-b400d4e3d7f4:%3CAM0PR03MB5634FC42F4211F9DD29E186ED10C0%40AM0PR03MB5634.eurprd03.prod.outlook.com%3E,2,urn:openrag:openarchiver:attachment:32f42741-b553-4a2d-a97b-4ee80f0cde70; urn:openrag:openarchiver:email:9e325a3e-b01f-40bf-8890-b400d4e3d7f4:cacf3bc6-89a9-4d73-a68c-d391459783ac,2,required_query_intersection,canonical query; metadata_recovery,canonical-q1:lexical@40; canonical-q1:rrf@70; known-component-anchors:metadata_relation@18; known-component-anchors:metadata_relation@252; known-component-anchors:metadata_relation@31
unreviewed,,,high_confidence_candidate,component-efaacc99d775013a,thread:urn:openrag:openarchiver:thread:9e325a3e-b01f-40bf-8890-b400d4e3d7f4:%3CFDB25112-B78B-454E-83F3-D7AB0F68CD50%40gmail.com%3E,1,urn:openrag:openarchiver:email:9e325a3e-b01f-40bf-8890-b400d4e3d7f4:61ea2e01-1377-437c-a951-15e51de14e0e,1,required_query_intersection,canonical query,canonical-q1:lexical@43; canonical-q1:rrf@74
unreviewed,,,high_confidence_candidate,component-5532cf212636b9cc,thread:urn:openrag:openarchiver:thread:9e325a3e-b01f-40bf-8890-b400d4e3d7f4:%3C001901dc3469%240c6135a0%242523a0e0%24%40geodesheep.com%3E,8,urn:openrag:openarchiver:attachment:35d7380d-6ecb-474f-a6d7-2a17a9923de0; urn:openrag:openarchiver:attachment:6190f29c-eaaa-4de2-9dba-f65f8c138077; urn:openrag:openarchiver:email:9e325a3e-b01f-40bf-8890-b400d4e3d7f4:274db864-584a-42d8-ad47-12c0e8c5be45; urn:openrag:openarchiver:email:9e325a3e-b01f-40bf-8890-b400d4e3d7f4:276b920b-0f84-4bc6-914b-02caae9234de; urn:openrag:openarchiver:email:9e325a3e-b01f-40bf-8890-b400d4e3d7f4:71fc1bf8-c33a-4667-98a9-06756aeb1b18; urn:openrag:openarchiver:email:9e325a3e-b01f-40bf-8890-b400d4e3d7f4:824828a5-8c5e-4d57-b516-b479decbfd79; urn:openrag:openarchiver:email:9e325a3e-b01f-40bf-8890-b400d4e3d7f4:b7de67ff-1749-44e0-bd62-e0ce83c815a0; urn:openrag:openarchiver:email:9e325a3e-b01f-40bf-8890-b400d4e3d7f4:c7a01fad-abd9-4784-a9df-b0da098c27ea,8,required_query_intersection,canonical query; metadata_recovery,canonical-q1:lexical@104; canonical-q1:lexical@170; canonical-q1:lexical@44; canonical-q1:lexical@45; canonical-q1:lexical@90; canonical-q1:lexical@91; canonical-q1:rrf@137; canonical-q1:rrf@139; canonical-q1:rrf@165; canonical-q1:rrf@75; canonical-q1:rrf@76; known-component-anchors:metadata_relation@107; known-component-anchors:metadata_relation@108; known-component-anchors:metadata_relation@115; known-component-anchors:metadata_relation@136; known-component-anchors:metadata_relation@140; known-component-anchors:metadata_relation@144; known-component-anchors:metadata_relation@148; known-component-anchors:metadata_relation@187; known-component-anchors:metadata_relation@188; known-component-anchors:metadata_relation@192; known-component-anchors:metadata_relation@25; known-component-anchors:metadata_relation@45; known-component-anchors:metadata_relation@58; known-component-anchors:metadata_relation@59; known-component-anchors:metadata_relation@68; known-component-anchors:metadata_relation@98
unreviewed,,,high_confidence_candidate,component-ba661a3f14e857db,thread:urn:openrag:openarchiver:thread:9e325a3e-b01f-40bf-8890-b400d4e3d7f4:%3C977060393.473901.1677528770537.JavaMail.open-xchange%40opme11oxm15aub.pom.fr.intraorange%3E,12,urn:openrag:openarchiver:email:9e325a3e-b01f-40bf-8890-b400d4e3d7f4:04c205c3-01eb-410b-93e3-f1f3568adddd; urn:openrag:openarchiver:email:9e325a3e-b01f-40bf-8890-b400d4e3d7f4:05586371-5105-4160-b1db-c006e750eb96; urn:openrag:openarchiver:email:9e325a3e-b01f-40bf-8890-b400d4e3d7f4:0962e504-4dcc-4128-b562-a729d3fece2a; urn:openrag:openarchiver:email:9e325a3e-b01f-40bf-8890-b400d4e3d7f4:2e347a2b-edca-4ee6-bfd5-032e406699bc; urn:openrag:openarchiver:email:9e325a3e-b01f-40bf-8890-b400d4e3d7f4:30b70ee4-fb85-4c95-867f-2d47e20b91c9; urn:openrag:openarchiver:email:9e325a3e-b01f-40bf-8890-b400d4e3d7f4:55848ccb-2055-445f-a661-eb29c67bf8af; urn:openrag:openarchiver:email:9e325a3e-b01f-40bf-8890-b400d4e3d7f4:5bf7cb07-8111-4360-a06b-12b956a411ed; urn:openrag:openarchiver:email:9e325a3e-b01f-40bf-8890-b400d4e3d7f4:63bed4ff-6378-4770-a39d-f28341a4d710; urn:openrag:openarchiver:email:9e325a3e-b01f-40bf-8890-b400d4e3d7f4:7955662c-0199-4fa3-811b-37696ce1d3fd; urn:openrag:openarchiver:email:9e325a3e-b01f-40bf-8890-b400d4e3d7f4:85660292-2c05-4dcc-af97-88ceed54ab97; urn:openrag:openarchiver:email:9e325a3e-b01f-40bf-8890-b400d4e3d7f4:9a17b98f-4f16-46a8-8525-3ec2c87e1f09; urn:openrag:openarchiver:email:9e325a3e-b01f-40bf-8890-b400d4e3d7f4:bad39c3e-6831-4aba-9b5d-4ef72c725bda,12,required_query_intersection,canonical query; metadata_recovery,canonical-q1:lexical@46; canonical-q1:lexical@47; canonical-q1:lexical@62; canonical-q1:rrf@78; canonical-q1:rrf@79; canonical-q1:rrf@98; known-component-anchors:metadata_relation@105; known-component-anchors:metadata_relation@106; known-component-anchors:metadata_relation@112; known-component-anchors:metadata_relation@122; known-component-anchors:metadata_relation@132; known-component-anchors:metadata_relation@161; known-component-anchors:metadata_relation@164; known-component-anchors:metadata_relation@202; known-component-anchors:metadata_relation@21; known-component-anchors:metadata_relation@212; known-component-anchors:metadata_relation@216; known-component-anchors:metadata_relation@222; known-component-anchors:metadata_relation@233; known-component-anchors:metadata_relation@237; known-component-anchors:metadata_relation@246; known-component-anchors:metadata_relation@26; known-component-anchors:metadata_relation@270; known-component-anchors:metadata_relation@3; known-component-anchors:metadata_relation@32; known-component-anchors:metadata_relation@35; known-component-anchors:metadata_relation@44; known-component-anchors:metadata_relation@59; known-component-anchors:metadata_relation@7; known-component-anchors:metadata_relation@95
unreviewed,,,high_confidence_candidate,component-9648121158580909,thread:urn:openrag:openarchiver:thread:9e325a3e-b01f-40bf-8890-b400d4e3d7f4:%3CVI1PR10MB34872D80ECB83C3B58567B14DB649%40VI1PR10MB3487.EURPRD10.PROD.OUTLOOK.COM%3E,1,urn:openrag:openarchiver:email:9e325a3e-b01f-40bf-8890-b400d4e3d7f4:6b29f341-8ad3-4b0e-b50b-47a4eb126a47,1,required_query_intersection,canonical query; metadata_recovery,canonical-q1:lexical@48; canonical-q1:rrf@81; known-component-anchors:metadata_relation@255
unreviewed,,,uncertain_candidate,component-3f66d54f739b81f1,thread:urn:openrag:openarchiver:thread:9e325a3e-b01f-40bf-8890-b400d4e3d7f4:%3CD99E7642-1530-40DC-9F69-B474C228B714%40orange.fr%3E,1,urn:openrag:openarchiver:email:9e325a3e-b01f-40bf-8890-b400d4e3d7f4:496d75c1-5e4e-4d33-8b34-ee6a2f05a27f,1,required_query_intersection,canonical query; metadata_recovery,canonical-q1:lexical@51; canonical-q1:rrf@85; known-component-anchors:metadata_relation@32; known-component-anchors:metadata_relation@59
unreviewed,,,uncertain_candidate,component-4bf63e7ed8503c68,thread:urn:openrag:openarchiver:thread:9e325a3e-b01f-40bf-8890-b400d4e3d7f4:%3C81CDB6A0-0F3D-407D-87B0-0AEC3A84E335%40ferme-de-pommerieux.fr%3E,2,urn:openrag:openarchiver:email:9e325a3e-b01f-40bf-8890-b400d4e3d7f4:4a347187-b192-427b-846c-1bfeae7f965f; urn:openrag:openarchiver:email:9e325a3e-b01f-40bf-8890-b400d4e3d7f4:bd4852d6-3799-40f6-b213-0c8f6b9e2064,2,required_query_intersection,canonical query; metadata_recovery,canonical-q1:lexical@94; canonical-q1:rrf@142; known-component-anchors:metadata_relation@210; known-component-anchors:metadata_relation@22; known-component-anchors:metadata_relation@225; known-component-anchors:metadata_relation@41
unreviewed,,,uncertain_candidate,component-71c402ec9874a433,thread:urn:openrag:openarchiver:thread:9e325a3e-b01f-40bf-8890-b400d4e3d7f4:%3CPR0P264MB343477D83E63A46CB3D0D16487C89%40PR0P264MB3434.FRAP264.PROD.OUTLOOK.COM%3E,1,urn:openrag:openarchiver:email:9e325a3e-b01f-40bf-8890-b400d4e3d7f4:27900980-f814-425d-93d7-38c6da9fc060,1,required_query_intersection,canonical query; metadata_recovery,canonical-q1:lexical@188; known-component-anchors:metadata_relation@145; known-component-anchors:metadata_relation@177
unreviewed,,,outside_baseline_candidate,component-3df604e751674952,thread:urn:openrag:openarchiver:thread:9e325a3e-b01f-40bf-8890-b400d4e3d7f4:%3CB3CC58A6-8A8C-48FE-B1E1-1A806784B0FF%40harasdebondereau.com%3E,2,urn:openrag:openarchiver:attachment:59fd6277-ca5c-4177-8732-b31f6a7cdaac; urn:openrag:openarchiver:email:9e325a3e-b01f-40bf-8890-b400d4e3d7f4:20cb30e8-f3ae-4b0a-b021-6ec7725c063c,0,required_query_intersection,canonical query; metadata_recovery,canonical-q1:dense@39; canonical-q1:rrf@109; known-component-anchors:metadata_relation@130; known-component-anchors:metadata_relation@170; known-component-anchors:metadata_relation@297
unreviewed,,,outside_baseline_candidate,component-af93e436da910872,thread:urn:openrag:openarchiver:thread:9e325a3e-b01f-40bf-8890-b400d4e3d7f4:%3Cd0b8ee761a724e5bbeb91e813dca0663%40grande-sologne.com%3E,2,urn:openrag:openarchiver:attachment:5ba34af5-9a9e-43be-b3ee-023626cb03fd; urn:openrag:openarchiver:email:9e325a3e-b01f-40bf-8890-b400d4e3d7f4:a72ea2c1-2c71-4193-bc5f-e65ef2914e9f,0,required_query_intersection,canonical query; metadata_recovery,canonical-q1:lexical@50; canonical-q1:rrf@84; known-component-anchors:metadata_relation@113; known-component-anchors:metadata_relation@141; known-component-anchors:metadata_relation@288
unreviewed,,,outside_baseline_candidate,component-3192de2f04c07787,thread:urn:openrag:openarchiver:thread:9e325a3e-b01f-40bf-8890-b400d4e3d7f4:%3C55242EF2-35DC-4AE5-B914-1AB8B830002F%40ferme-de-pommerieux.fr%3E,4,urn:openrag:openarchiver:attachment:2cf3e5d2-8739-46ea-b6bc-0ef6e6f8340d; urn:openrag:openarchiver:attachment:4aeac395-6371-4e4d-b327-0a6d25dc0d4f; urn:openrag:openarchiver:email:9e325a3e-b01f-40bf-8890-b400d4e3d7f4:53eb693e-7a42-4e55-ba71-a7c70ce80f42; urn:openrag:openarchiver:email:9e325a3e-b01f-40bf-8890-b400d4e3d7f4:d3121fe0-f5cb-4b13-b80f-344f9cf800d0,0,required_query_intersection,canonical query; metadata_recovery,canonical-q1:lexical@53; canonical-q1:rrf@87; known-component-anchors:metadata_relation@117; known-component-anchors:metadata_relation@26; known-component-anchors:metadata_relation@27; known-component-anchors:metadata_relation@33; known-component-anchors:metadata_relation@35; known-component-anchors:metadata_relation@36; known-component-anchors:metadata_relation@41; known-component-anchors:metadata_relation@47; known-component-anchors:metadata_relation@68; known-component-anchors:metadata_relation@74; known-component-anchors:metadata_relation@77; known-component-anchors:metadata_relation@8; known-component-anchors:metadata_relation@92
unreviewed,,,outside_baseline_candidate,component-566d9cc130b67c9d,thread:urn:openrag:openarchiver:thread:9e325a3e-b01f-40bf-8890-b400d4e3d7f4:%3C1.be24c546a2b42d806250%40SMARTPSender2%3E,1,urn:openrag:openarchiver:email:9e325a3e-b01f-40bf-8890-b400d4e3d7f4:d0ba211a-b3db-4ad8-b11b-66a03eb9d86e,0,required_query_intersection,canonical query; metadata_recovery,canonical-q1:lexical@55; canonical-q1:rrf@89; known-component-anchors:metadata_relation@7
unreviewed,,,outside_baseline_candidate,component-613a21d2efb32a4b,thread:urn:openrag:openarchiver:thread:9e325a3e-b01f-40bf-8890-b400d4e3d7f4:%3CCAFmF%3DzuLrXbvO-AqCuTZE%3D8V2iZWXKpxiTqfx3WMfPo2sT%2BBXA%40mail.gmail.com%3E,3,urn:openrag:openarchiver:attachment:0d1890ca-3c1f-4613-b82b-778749df2eb2; urn:openrag:openarchiver:email:9e325a3e-b01f-40bf-8890-b400d4e3d7f4:2124bc32-7352-44f3-9e33-e42abac2cc3d; urn:openrag:openarchiver:email:9e325a3e-b01f-40bf-8890-b400d4e3d7f4:3dfb75cf-bd57-480e-910c-6f26504534c4,0,required_query_intersection,canonical query; metadata_recovery,canonical-q1:lexical@154; canonical-q1:lexical@56; canonical-q1:rrf@91; known-component-anchors:metadata_relation@136; known-component-anchors:metadata_relation@165; known-component-anchors:metadata_relation@186; known-component-anchors:metadata_relation@195; known-component-anchors:metadata_relation@254
unreviewed,,,outside_baseline_candidate,component-13865ded7b622e34,thread:urn:openrag:openarchiver:thread:9e325a3e-b01f-40bf-8890-b400d4e3d7f4:%3C%21%26%21AAAAAAAAAAAYAAAAAAAAAKSGFxCdJ5RGpTGP1t0rtCzCgAAAEAAAAERG%2FRkjo5tLr3Ib52v6v44BAAAAAA%3D%3D%40notaires.fr%3E,2,urn:openrag:openarchiver:attachment:2aab2a1c-bcb4-4ac7-9ed4-5429f64dc825; urn:openrag:openarchiver:email:9e325a3e-b01f-40bf-8890-b400d4e3d7f4:12f19bdd-8619-4993-b8d9-cf68a2dc4f9e,0,required_query_intersection,canonical query; metadata_recovery,canonical-q1:lexical@57; canonical-q1:rrf@92; known-component-anchors:metadata_relation@216; known-component-anchors:metadata_relation@3
unreviewed,,,outside_baseline_candidate,component-3e72b6f9ebc3440e,thread:urn:openrag:openarchiver:thread:9e325a3e-b01f-40bf-8890-b400d4e3d7f4:%3C7b68507bec13fd67c8ebe907b976d738%40www.41agri.fr%3E,1,urn:openrag:openarchiver:email:9e325a3e-b01f-40bf-8890-b400d4e3d7f4:72ad073f-cafb-43b7-8438-454126ea144a,0,required_query_intersection,canonical query; metadata_recovery,canonical-q1:lexical@58; canonical-q1:rrf@93; known-component-anchors:metadata_relation@275
unreviewed,,,outside_baseline_candidate,component-7eb0652d0020fb5e,thread:urn:openrag:openarchiver:thread:6ca4c5b5-3440-4c50-8666-cecfa25916d5:%3CDF4317F1-74CD-4FB4-B009-D99DDA21A136%40clermontauvergneinnovation.com%3E,1,urn:openrag:openarchiver:email:6ca4c5b5-3440-4c50-8666-cecfa25916d5:c50eb76b-866a-471c-95e5-cd555a88f45a,0,required_query_intersection,canonical query; metadata_recovery,canonical-q1:lexical@61; canonical-q1:rrf@97; known-component-anchors:metadata_relation@211; known-component-anchors:metadata_relation@315
unreviewed,,,outside_baseline_candidate,component-9f2c77535ab05416,thread:urn:openrag:openarchiver:thread:9e325a3e-b01f-40bf-8890-b400d4e3d7f4:%3C206081633.1527626404736.JavaMail.wasadmin%40comboprd%3E,2,urn:openrag:openarchiver:attachment:522f3816-e11f-42ee-814d-b366dabbdc6d; urn:openrag:openarchiver:email:9e325a3e-b01f-40bf-8890-b400d4e3d7f4:d2a3ec06-9123-41ce-af1f-08b0a78f400e,0,required_query_intersection,canonical query; metadata_recovery,canonical-q1:lexical@67; canonical-q1:rrf@104; known-component-anchors:metadata_relation@106; known-component-anchors:metadata_relation@13; known-component-anchors:metadata_relation@15; known-component-anchors:metadata_relation@81
unreviewed,,,outside_baseline_candidate,component-6811f012f981916c,thread:urn:openrag:openarchiver:thread:9e325a3e-b01f-40bf-8890-b400d4e3d7f4:%3C202319071147.7v0za1yepeb7j%40io.d.sender-sib.com%3E,2,urn:openrag:openarchiver:attachment:2cafc15d-35f0-4965-9f63-742105555105; urn:openrag:openarchiver:email:9e325a3e-b01f-40bf-8890-b400d4e3d7f4:9eef2d15-3dc4-4890-805f-2b7113770ba8,0,required_query_intersection,canonical query; metadata_recovery,canonical-q1:lexical@70; canonical-q1:rrf@110; known-component-anchors:metadata_relation@108; known-component-anchors:metadata_relation@148
unreviewed,,,outside_baseline_candidate,component-942b7d574d97b130,thread:urn:openrag:openarchiver:thread:9e325a3e-b01f-40bf-8890-b400d4e3d7f4:%3C9C0B5208-6556-443B-AE2E-755FD7904EDA%40ferme-de-pommerieux.fr%3E,2,urn:openrag:openarchiver:attachment:43fc38ef-d947-4569-828f-d48b119ac2bb; urn:openrag:openarchiver:email:9e325a3e-b01f-40bf-8890-b400d4e3d7f4:79c4b35f-4b2b-4147-82af-891f03018ebc,0,required_query_intersection,canonical query; metadata_recovery,canonical-q1:dense@80; known-component-anchors:metadata_relation@125; known-component-anchors:metadata_relation@25; known-component-anchors:metadata_relation@38; known-component-anchors:metadata_relation@84
unreviewed,,,outside_baseline_candidate,component-a5789887715fbae4,thread:urn:openrag:openarchiver:thread:9e325a3e-b01f-40bf-8890-b400d4e3d7f4:%3CPR2P264MB0509C0EBF968AE873375CE82EE7C0%40PR2P264MB0509.FRAP264.PROD.OUTLOOK.COM%3E,2,urn:openrag:openarchiver:attachment:24626b2d-0ba5-454b-bca7-b442f893f616; urn:openrag:openarchiver:email:9e325a3e-b01f-40bf-8890-b400d4e3d7f4:949c7ccc-edc3-40c4-89df-4c3293a5307c,0,required_query_intersection,canonical query; metadata_recovery,canonical-q1:lexical@80; canonical-q1:rrf@122; known-component-anchors:metadata_relation@144; known-component-anchors:metadata_relation@181
unreviewed,,,outside_baseline_candidate,component-1857b3f0b7096e36,thread:urn:openrag:openarchiver:thread:9e325a3e-b01f-40bf-8890-b400d4e3d7f4:%3CCADnAYpg%3Dp2W9Up7THWp4LE8oF%2Bxk8nDn5jtJJBQ9-Qid0f7ybA%40mail.gmail.com%3E,9,urn:openrag:openarchiver:attachment:7648a78b-1079-4945-bf7d-2441e5cf7a34; urn:openrag:openarchiver:email:9e325a3e-b01f-40bf-8890-b400d4e3d7f4:0c8c1394-5ad5-4c1a-9197-322a93a03213; urn:openrag:openarchiver:email:9e325a3e-b01f-40bf-8890-b400d4e3d7f4:0e59baa5-d408-4266-99c6-ff6351c51da4; urn:openrag:openarchiver:email:9e325a3e-b01f-40bf-8890-b400d4e3d7f4:7b6ec57e-2992-49c5-9e54-db86a8e397e1; urn:openrag:openarchiver:email:9e325a3e-b01f-40bf-8890-b400d4e3d7f4:b7c00368-3031-4ad7-81a5-b643699de732; urn:openrag:openarchiver:email:9e325a3e-b01f-40bf-8890-b400d4e3d7f4:bab3c3e7-c87b-4af5-974c-41f2d355bde7; urn:openrag:openarchiver:email:9e325a3e-b01f-40bf-8890-b400d4e3d7f4:e528c1fe-5569-4aeb-87b9-0e98bda821f6; urn:openrag:openarchiver:email:9e325a3e-b01f-40bf-8890-b400d4e3d7f4:f4c1511d-da5d-4255-98f4-f431661a9426; urn:openrag:openarchiver:email:9e325a3e-b01f-40bf-8890-b400d4e3d7f4:fb9243dd-bd92-4c9f-ad1a-c513a4ccdffa,0,required_query_intersection,canonical query; metadata_recovery,canonical-q1:lexical@182; canonical-q1:lexical@84; canonical-q1:rrf@129; known-component-anchors:metadata_relation@100; known-component-anchors:metadata_relation@102; known-component-anchors:metadata_relation@104; known-component-anchors:metadata_relation@112; known-component-anchors:metadata_relation@129; known-component-anchors:metadata_relation@155; known-component-anchors:metadata_relation@16; known-component-anchors:metadata_relation@254; known-component-anchors:metadata_relation@348; known-component-anchors:metadata_relation@39; known-component-anchors:metadata_relation@46; known-component-anchors:metadata_relation@59; known-component-anchors:metadata_relation@61; known-component-anchors:metadata_relation@9; known-component-anchors:metadata_relation@92; known-component-anchors:metadata_relation@95; known-component-anchors:metadata_relation@97
unreviewed,,,outside_baseline_candidate,component-014475510e184f9e,thread:urn:openrag:openarchiver:thread:9e325a3e-b01f-40bf-8890-b400d4e3d7f4:%3C9c2831f9-f5d1-43c9-bb5f-3970158998a6%40interafocg.org%3E,6,urn:openrag:openarchiver:attachment:0f198679-1738-4e9d-9e3e-3b0e8fd46d49; urn:openrag:openarchiver:attachment:138122c7-d38e-42be-8652-2c8fec3bdf98; urn:openrag:openarchiver:attachment:71e20601-2998-429b-87e9-bc5cbf584b6a; urn:openrag:openarchiver:email:9e325a3e-b01f-40bf-8890-b400d4e3d7f4:02c42795-4391-4b33-b589-9e39fcd9da56; urn:openrag:openarchiver:email:9e325a3e-b01f-40bf-8890-b400d4e3d7f4:80810018-0a1d-4a62-9e1a-c881ad1fa1ca; urn:openrag:openarchiver:email:9e325a3e-b01f-40bf-8890-b400d4e3d7f4:f05b50f2-b32d-4c06-a123-64837a5ff39c,0,required_query_intersection,canonical query; metadata_recovery,canonical-q1:lexical@85; canonical-q1:rrf@130; known-component-anchors:metadata_relation@110; known-component-anchors:metadata_relation@126; known-component-anchors:metadata_relation@128; known-component-anchors:metadata_relation@151; known-component-anchors:metadata_relation@156; known-component-anchors:metadata_relation@158; known-component-anchors:metadata_relation@191; known-component-anchors:metadata_relation@215; known-component-anchors:metadata_relation@255
unreviewed,,,outside_baseline_candidate,component-bdfdd0e5752e0787,thread:urn:openrag:openarchiver:thread:6ca4c5b5-3440-4c50-8666-cecfa25916d5:%3CYQPhe0ZYRL2bPlj7DAFS6g%40ismtpd0001p1lon1.sendgrid.net%3E,1,urn:openrag:openarchiver:email:6ca4c5b5-3440-4c50-8666-cecfa25916d5:f29e823e-8004-4dee-bb45-65ff15a7bcfc,0,required_query_intersection,canonical query; metadata_recovery,canonical-q1:lexical@88; canonical-q1:rrf@133; known-component-anchors:metadata_relation@97
unreviewed,,,outside_baseline_candidate,component-b10873f4f98637a0,thread:urn:openrag:openarchiver:thread:6ca4c5b5-3440-4c50-8666-cecfa25916d5:%3Cee1469a8-f81d-46cf-9946-595c71fc7c36%40dfw1s10mta161.xt.local%3E,1,urn:openrag:openarchiver:email:6ca4c5b5-3440-4c50-8666-cecfa25916d5:90e002b2-af79-4115-80bf-7feb2b303a10,0,required_query_intersection,canonical query; metadata_recovery,canonical-q1:lexical@92; canonical-q1:rrf@140; known-component-anchors:metadata_relation@11; known-component-anchors:metadata_relation@51; known-component-anchors:metadata_relation@62; known-component-anchors:metadata_relation@68
unreviewed,,,outside_baseline_candidate,component-f9afc687b47b4a7f,thread:urn:openrag:openarchiver:thread:6ca4c5b5-3440-4c50-8666-cecfa25916d5:%3C01020181c9d37cc5-ebfb67cf-5b35-4dbc-8125-c870e4725cec-000000%40eu-west-1.amazonses.com%3E,1,urn:openrag:openarchiver:email:6ca4c5b5-3440-4c50-8666-cecfa25916d5:acbb40b8-d571-48a8-b072-c2d8c8777a9b,0,required_query_intersection,canonical query; metadata_recovery,canonical-q1:dense@92; known-component-anchors:metadata_relation@44
unreviewed,,,outside_baseline_candidate,component-2242bf7450cf1267,thread:urn:openrag:openarchiver:thread:9e325a3e-b01f-40bf-8890-b400d4e3d7f4:%3C2531DE75-2DAE-41DA-B233-C36DC1AF487C%40ferme-de-pommerieux.fr%3E,2,urn:openrag:openarchiver:email:9e325a3e-b01f-40bf-8890-b400d4e3d7f4:3d8aba13-772b-48a4-a268-ef2f3597c347; urn:openrag:openarchiver:email:9e325a3e-b01f-40bf-8890-b400d4e3d7f4:a66fad9f-2cda-446b-b9d6-221b61b4fe01,0,required_query_intersection,canonical query; metadata_recovery,canonical-q1:lexical@93; canonical-q1:rrf@141; known-component-anchors:metadata_relation@144; known-component-anchors:metadata_relation@156; known-component-anchors:metadata_relation@185; known-component-anchors:metadata_relation@195
unreviewed,,,outside_baseline_candidate,component-58dd0fe829d2005e,thread:urn:openrag:openarchiver:thread:9e325a3e-b01f-40bf-8890-b400d4e3d7f4:%3C26245112.256153.1295265057556.JavaMail.www%40wwinf8214%3E,2,urn:openrag:openarchiver:email:9e325a3e-b01f-40bf-8890-b400d4e3d7f4:b3fa72b5-5999-40e0-8aa0-68528caea5c9; urn:openrag:openarchiver:email:9e325a3e-b01f-40bf-8890-b400d4e3d7f4:f3f17ec1-675b-432a-8056-837f86534410,0,required_query_intersection,canonical query; metadata_recovery,canonical-q1:lexical@95; canonical-q1:rrf@143; known-component-anchors:metadata_relation@109; known-component-anchors:metadata_relation@125; known-component-anchors:metadata_relation@229; known-component-anchors:metadata_relation@232
unreviewed,,,outside_baseline_candidate,component-c0d420d084c3d5a9,thread:urn:openrag:openarchiver:thread:6ca4c5b5-3440-4c50-8666-cecfa25916d5:%3C1432636374.166501673864915560.JavaMail.ad72bas1%40op72bas103%3E,1,urn:openrag:openarchiver:email:6ca4c5b5-3440-4c50-8666-cecfa25916d5:5c5d3ddc-f003-4c5e-bc54-92f4e6bda592,0,required_query_intersection,canonical query; metadata_recovery,canonical-q1:dense@96; known-component-anchors:metadata_relation@128
unreviewed,,,outside_baseline_candidate,component-e8c7bb7db4076897,thread:urn:openrag:openarchiver:thread:9e325a3e-b01f-40bf-8890-b400d4e3d7f4:%3CCADnAYpgfpadDXmRkn9GnwQXCvmv2K0JVCYm_Neh%2BZyC_POBAPQ%40mail.gmail.com%3E,2,urn:openrag:openarchiver:email:9e325a3e-b01f-40bf-8890-b400d4e3d7f4:4c379e95-cfa6-431d-94bd-271dc3213f01; urn:openrag:openarchiver:email:9e325a3e-b01f-40bf-8890-b400d4e3d7f4:7e06dfeb-2d99-4257-af10-2687ab064aac,0,required_query_intersection,canonical query; metadata_recovery,canonical-q1:lexical@155; canonical-q1:lexical@96; canonical-q1:rrf@144; known-component-anchors:metadata_relation@167; known-component-anchors:metadata_relation@206; known-component-anchors:metadata_relation@209; known-component-anchors:metadata_relation@271
unreviewed,,,outside_baseline_candidate,component-0bf411051fad09ed,thread:urn:openrag:openarchiver:thread:6ca4c5b5-3440-4c50-8666-cecfa25916d5:%3C46FF8CF0-9405-45D5-8E0F-707971AAAD68%40wisearch.eu%3E,2,urn:openrag:openarchiver:attachment:0900d001-dba7-46c2-9e75-11d7f5595af6; urn:openrag:openarchiver:email:6ca4c5b5-3440-4c50-8666-cecfa25916d5:26176dcd-11fe-4eab-ba91-a118dac70b1f,0,required_query_intersection,canonical query; metadata_recovery,canonical-q1:dense@98; known-component-anchors:metadata_relation@37; known-component-anchors:metadata_relation@38
unreviewed,,,outside_baseline_candidate,component-93154b3977a6fae9,thread:urn:openrag:openarchiver:thread:9e325a3e-b01f-40bf-8890-b400d4e3d7f4:%3Cd0f007bef878509e8b5812b11.ce9edb8802.20230312052931.5eaa4ca08e.0a822496%40mail9.wdc01.mcdlv.net%3E,1,urn:openrag:openarchiver:email:9e325a3e-b01f-40bf-8890-b400d4e3d7f4:66fcbb4f-6d19-4a43-a6ec-4800d6955506,0,required_query_intersection,canonical query; metadata_recovery,canonical-q1:lexical@99; canonical-q1:rrf@154; known-component-anchors:metadata_relation@15
unreviewed,,,outside_baseline_candidate,component-6a7e6799512e9d81,thread:urn:openrag:openarchiver:thread:9e325a3e-b01f-40bf-8890-b400d4e3d7f4:%3CCAEngEUbC2syq2y1uDX%2BcdKpEiabrcQZzjpYoCviT7jwr_HW5%3DA%40mail.gmail.com%3E,7,urn:openrag:openarchiver:email:9e325a3e-b01f-40bf-8890-b400d4e3d7f4:267227e5-d672-42ca-9329-185295183708; urn:openrag:openarchiver:email:9e325a3e-b01f-40bf-8890-b400d4e3d7f4:5f8d3703-674c-4448-b15b-e9f3482fe0cb; urn:openrag:openarchiver:email:9e325a3e-b01f-40bf-8890-b400d4e3d7f4:67bd6f0a-7da0-4aa1-a47d-473d7df4e29c; urn:openrag:openarchiver:email:9e325a3e-b01f-40bf-8890-b400d4e3d7f4:724e38de-367e-47f9-b7d8-670ed7378a04; urn:openrag:openarchiver:email:9e325a3e-b01f-40bf-8890-b400d4e3d7f4:7a9a272e-155b-4686-b4b9-e09b1d4a2579; urn:openrag:openarchiver:email:9e325a3e-b01f-40bf-8890-b400d4e3d7f4:c249ba2d-522b-4544-b880-60b09ac02e18; urn:openrag:openarchiver:email:9e325a3e-b01f-40bf-8890-b400d4e3d7f4:d935eae9-51ff-4140-b190-e9484431f7ca,0,required_query_intersection,canonical query; metadata_recovery,canonical-q1:lexical@101; canonical-q1:rrf@160; known-component-anchors:metadata_relation@122; known-component-anchors:metadata_relation@143; known-component-anchors:metadata_relation@175; known-component-anchors:metadata_relation@208; known-component-anchors:metadata_relation@212; known-component-anchors:metadata_relation@259; known-component-anchors:metadata_relation@260; known-component-anchors:metadata_relation@267; known-component-anchors:metadata_relation@272; known-component-anchors:metadata_relation@28; known-component-anchors:metadata_relation@3; known-component-anchors:metadata_relation@358; known-component-anchors:metadata_relation@359
unreviewed,,,outside_baseline_candidate,component-b2f016663629895c,thread:urn:openrag:openarchiver:thread:9e325a3e-b01f-40bf-8890-b400d4e3d7f4:%3C53A28547-B138-45C1-A4A2-4582C508EBCC%40ferme-de-pommerieux.fr%3E,2,urn:openrag:openarchiver:attachment:7a1d9c08-a2f4-4bf7-96da-96c905721d85; urn:openrag:openarchiver:email:9e325a3e-b01f-40bf-8890-b400d4e3d7f4:87d5dbd6-890c-4350-97d5-7bc958f5d4ce,0,required_query_intersection,canonical query; metadata_recovery,canonical-q1:lexical@102; canonical-q1:rrf@162; known-component-anchors:metadata_relation@239; known-component-anchors:metadata_relation@91; known-component-anchors:metadata_relation@94
unreviewed,,,outside_baseline_candidate,component-42d3a0c8f8bd423d,thread:urn:openrag:openarchiver:thread:9e325a3e-b01f-40bf-8890-b400d4e3d7f4:%3C597015027.7161875.1634307221201.JavaMail.open-xchange%40opme11oxa13nd1.rouen.francetelecom.fr%3E,1,urn:openrag:openarchiver:email:9e325a3e-b01f-40bf-8890-b400d4e3d7f4:a9c38338-2596-4a6b-8003-3dd21bf9453d,0,required_query_intersection,canonical query; metadata_recovery,canonical-q1:lexical@103; canonical-q1:rrf@164; known-component-anchors:metadata_relation@206
unreviewed,,,outside_baseline_candidate,component-644a227a0546eda4,thread:urn:openrag:openarchiver:thread:6ca4c5b5-3440-4c50-8666-cecfa25916d5:%3CF6723813-19F3-4EF1-977A-5C1D2DEBB4F6%40wisearch.eu%3E,2,urn:openrag:openarchiver:attachment:3cbf649b-c142-4b99-83a7-d2171d43ccc3; urn:openrag:openarchiver:email:6ca4c5b5-3440-4c50-8666-cecfa25916d5:488e798a-1619-42f9-9619-7d0e13b4c271,0,required_query_intersection,canonical query; metadata_recovery,canonical-q1:dense@104; known-component-anchors:metadata_relation@205; known-component-anchors:metadata_relation@312
unreviewed,,,outside_baseline_candidate,component-92c90e7cb33437a9,thread:urn:openrag:openarchiver:thread:9e325a3e-b01f-40bf-8890-b400d4e3d7f4:%3C986017806.291620.1759573318104.JavaMail.open-xchange%40opme11oxa15aub.bagnolet.francetelecom.fr%3E,1,urn:openrag:openarchiver:email:9e325a3e-b01f-40bf-8890-b400d4e3d7f4:14ae5b2b-aea0-4434-93b0-91b39d382a1c,0,required_query_intersection,canonical query; metadata_recovery,canonical-q1:lexical@105; canonical-q1:rrf@167; known-component-anchors:metadata_relation@151
unreviewed,,,outside_baseline_candidate,component-1fbe1032b89fb148,thread:urn:openrag:openarchiver:thread:9e325a3e-b01f-40bf-8890-b400d4e3d7f4:%3C10186d89a30045eda9b712c77c862f65%40grande-sologne.com%3E,2,urn:openrag:openarchiver:email:9e325a3e-b01f-40bf-8890-b400d4e3d7f4:ca9a4eb1-f27e-4cee-a488-46dec1d759d1; urn:openrag:openarchiver:email:9e325a3e-b01f-40bf-8890-b400d4e3d7f4:cdc54963-a37d-4425-bf88-aac2f4568323,0,required_query_intersection,canonical query; metadata_recovery,canonical-q1:lexical@106; canonical-q1:lexical@165; canonical-q1:rrf@169; known-component-anchors:metadata_relation@151; known-component-anchors:metadata_relation@249; known-component-anchors:metadata_relation@31; known-component-anchors:metadata_relation@64
unreviewed,,,outside_baseline_candidate,component-560765fa22ac634c,thread:urn:openrag:openarchiver:thread:6ca4c5b5-3440-4c50-8666-cecfa25916d5:%3C2083403877.58356882.1703867727402.JavaMail.tciop%40efm-orange-home2.orange.itw%3E,1,urn:openrag:openarchiver:email:6ca4c5b5-3440-4c50-8666-cecfa25916d5:b1c26da9-cfe8-4ccd-8cf4-7f710c4f9564,0,required_query_intersection,canonical query; metadata_recovery,canonical-q1:dense@107; known-component-anchors:metadata_relation@14
unreviewed,,,outside_baseline_candidate,component-be84c9b09131b103,thread:urn:openrag:openarchiver:thread:9e325a3e-b01f-40bf-8890-b400d4e3d7f4:%3C1580118a44c14a31b4c55ef93.d64c0514fc.20180621111713.39b497d6bb.d185ff77%40mail154.suw121.mcdlv.net%3E,1,urn:openrag:openarchiver:email:9e325a3e-b01f-40bf-8890-b400d4e3d7f4:292c0402-123c-46b4-86ff-735774b31c6a,0,required_query_intersection,canonical query; metadata_recovery,canonical-q1:lexical@110; canonical-q1:rrf@172; known-component-anchors:metadata_relation@95
unreviewed,,,outside_baseline_candidate,component-c1a000c0d4622d14,thread:urn:openrag:openarchiver:thread:9e325a3e-b01f-40bf-8890-b400d4e3d7f4:%3CPR0P264MB413878559A4C77F01D9E5CEC974C2%40PR0P264MB4138.FRAP264.PROD.OUTLOOK.COM%3E,1,urn:openrag:openarchiver:email:9e325a3e-b01f-40bf-8890-b400d4e3d7f4:a712c2c5-ee52-47f9-a35d-cbda19a7ee28,0,required_query_intersection,canonical query; metadata_recovery,canonical-q1:lexical@111; canonical-q1:rrf@174; known-component-anchors:metadata_relation@249
unreviewed,,,outside_baseline_candidate,component-aab3f0c96e8bb4b8,thread:urn:openrag:openarchiver:thread:6ca4c5b5-3440-4c50-8666-cecfa25916d5:%3CPR1P264MB3832E4717A80B6D0CC545348EB292%40PR1P264MB3832.FRAP264.PROD.OUTLOOK.COM%3E,1,urn:openrag:openarchiver:email:6ca4c5b5-3440-4c50-8666-cecfa25916d5:e6a91b6a-44d1-435e-9eb2-4e2981fbaf2f,0,required_query_intersection,canonical query; metadata_recovery,canonical-q1:lexical@112; canonical-q1:rrf@175; known-component-anchors:metadata_relation@77; known-component-anchors:metadata_relation@80; known-component-anchors:metadata_relation@86
unreviewed,,,outside_baseline_candidate,component-92d9d0765bbbbd08,thread:urn:openrag:openarchiver:thread:6ca4c5b5-3440-4c50-8666-cecfa25916d5:%3C12b805ecacc8496eabc99d94b422a8eb%40vetoequin.fr%3E,3,urn:openrag:openarchiver:attachment:0f47f7f6-8878-43e4-acf0-1f457fe915b6; urn:openrag:openarchiver:attachment:51f2ae22-3543-4c64-89ef-5b425645e432; urn:openrag:openarchiver:email:6ca4c5b5-3440-4c50-8666-cecfa25916d5:52f2c840-4dc9-417d-980f-6caead1756bc,0,required_query_intersection,canonical query; metadata_recovery,canonical-q1:lexical@113; canonical-q1:rrf@176; known-component-anchors:metadata_relation@14; known-component-anchors:metadata_relation@183; known-component-anchors:metadata_relation@20; known-component-anchors:metadata_relation@24; known-component-anchors:metadata_relation@41
unreviewed,,,outside_baseline_candidate,component-e60363b59ea0d9ac,thread:urn:openrag:openarchiver:thread:9e325a3e-b01f-40bf-8890-b400d4e3d7f4:%3CPAZP264MB26236DDE1E4D72CD9E7717AB8545A%40PAZP264MB2623.FRAP264.PROD.OUTLOOK.COM%3E,24,urn:openrag:openarchiver:attachment:218c1318-10e1-484f-9a8c-b3f724302af4; urn:openrag:openarchiver:attachment:29c8ce88-a602-4a55-8604-e3f0693793f1; urn:openrag:openarchiver:attachment:2cd656b1-62ea-4453-b890-7f1bbcd0cf32; urn:openrag:openarchiver:attachment:4464e620-b293-41ac-a003-a9bf3f64c8ce; urn:openrag:openarchiver:attachment:54d21b2c-d8d7-4ee9-a00c-784558e2189b; urn:openrag:openarchiver:attachment:5a51d761-e362-41da-b591-e107f2769803; urn:openrag:openarchiver:attachment:6a6c006c-5057-4071-833d-fcf3d52c3cde; urn:openrag:openarchiver:email:9e325a3e-b01f-40bf-8890-b400d4e3d7f4:0568a88a-3ffd-4c37-81cf-988096760516; urn:openrag:openarchiver:email:9e325a3e-b01f-40bf-8890-b400d4e3d7f4:0c6b1d5a-41f1-4f34-8fdd-1b6c748c76b2; urn:openrag:openarchiver:email:9e325a3e-b01f-40bf-8890-b400d4e3d7f4:1ce992f3-f972-4468-969d-5e90b78ebab3; urn:openrag:openarchiver:email:9e325a3e-b01f-40bf-8890-b400d4e3d7f4:1d9f2a4c-d67c-467a-b0ac-bb5a60643a30; urn:openrag:openarchiver:email:9e325a3e-b01f-40bf-8890-b400d4e3d7f4:2bb74e5e-5286-49b6-9d9a-b521da44a106; urn:openrag:openarchiver:email:9e325a3e-b01f-40bf-8890-b400d4e3d7f4:3080ae58-be71-40d0-8b8f-093a09ced891; urn:openrag:openarchiver:email:9e325a3e-b01f-40bf-8890-b400d4e3d7f4:441e0578-379d-42a2-99d5-abb76a89dccc; urn:openrag:openarchiver:email:9e325a3e-b01f-40bf-8890-b400d4e3d7f4:67244b45-0ea1-4ee5-8eaf-067164cc1242; urn:openrag:openarchiver:email:9e325a3e-b01f-40bf-8890-b400d4e3d7f4:8a0b5ddf-2a84-40ce-a382-45af1cea9ce8; urn:openrag:openarchiver:email:9e325a3e-b01f-40bf-8890-b400d4e3d7f4:8c2e8767-f800-41ac-88ab-fafcb1a1ad16; urn:openrag:openarchiver:email:9e325a3e-b01f-40bf-8890-b400d4e3d7f4:980406ba-8ab6-478c-8c07-a10000de70fc; urn:openrag:openarchiver:email:9e325a3e-b01f-40bf-8890-b400d4e3d7f4:c9bf8d4e-a1af-41cb-a1b3-4e8fcf9d70b2; urn:openrag:openarchiver:email:9e325a3e-b01f-40bf-8890-b400d4e3d7f4:d761ca5f-1255-4588-913f-fa0406831f39; urn:openrag:openarchiver:email:9e325a3e-b01f-40bf-8890-b400d4e3d7f4:db87c456-a98e-4b06-89dd-6b178360b4d3; urn:openrag:openarchiver:email:9e325a3e-b01f-40bf-8890-b400d4e3d7f4:dcf4a67a-e95e-44aa-8cc6-eddfe3690595; urn:openrag:openarchiver:email:9e325a3e-b01f-40bf-8890-b400d4e3d7f4:ef469965-6ba9-4386-806c-edb8c195d8a5; urn:openrag:openarchiver:email:9e325a3e-b01f-40bf-8890-b400d4e3d7f4:fe636cd0-9ab1-48e9-9796-afe5de93584e,0,required_query_intersection,canonical query; metadata_recovery,canonical-q1:lexical@114; canonical-q1:rrf@178; known-component-anchors:metadata_relation@111; known-component-anchors:metadata_relation@116; known-component-anchors:metadata_relation@123; known-component-anchors:metadata_relation@128; known-component-anchors:metadata_relation@14; known-component-anchors:metadata_relation@166; known-component-anchors:metadata_relation@169; known-component-anchors:metadata_relation@17; known-component-anchors:metadata_relation@178; known-component-anchors:metadata_relation@179; known-component-anchors:metadata_relation@18; known-component-anchors:metadata_relation@187; known-component-anchors:metadata_relation@189; known-component-anchors:metadata_relation@196; known-component-anchors:metadata_relation@233; known-component-anchors:metadata_relation@273; known-component-anchors:metadata_relation@275; known-component-anchors:metadata_relation@287; known-component-anchors:metadata_relation@302; known-component-anchors:metadata_relation@31; known-component-anchors:metadata_relation@312; known-component-anchors:metadata_relation@36; known-component-anchors:metadata_relation@72; known-component-anchors:metadata_relation@83
unreviewed,,,outside_baseline_candidate,component-71f48d6a2f7c1aa3,thread:urn:openrag:openarchiver:thread:6ca4c5b5-3440-4c50-8666-cecfa25916d5:%3CDAC227F0-242D-45A8-90F2-5F528BB6A63D%40wisearch.fr%3E,3,urn:openrag:openarchiver:attachment:17583bf0-04f3-4472-b203-904c98dce45c; urn:openrag:openarchiver:attachment:68b857ac-ebb6-4b59-8334-086b7de29d5d; urn:openrag:openarchiver:email:6ca4c5b5-3440-4c50-8666-cecfa25916d5:2c65d013-d41a-4d92-9f1e-bf7e6e9347ec,0,required_query_intersection,canonical query; metadata_recovery,canonical-q1:lexical@116; canonical-q1:rrf@180; known-component-anchors:metadata_relation@117; known-component-anchors:metadata_relation@13; known-component-anchors:metadata_relation@5; known-component-anchors:metadata_relation@51; known-component-anchors:metadata_relation@77; known-component-anchors:metadata_relation@79
unreviewed,,,outside_baseline_candidate,component-654c33f68f3770e1,thread:urn:openrag:openarchiver:thread:6ca4c5b5-3440-4c50-8666-cecfa25916d5:%3CD7C40E83-6EA0-45B0-8AC3-35F23ED9403B%40wisearch.fr%3E,4,urn:openrag:openarchiver:attachment:0ffb9431-10e6-4fe2-a80d-7b40e47d2afa; urn:openrag:openarchiver:attachment:3cc20a61-07da-4241-9f07-386ad1f346f4; urn:openrag:openarchiver:attachment:6ecf16e0-9b3c-47d4-b45f-4c59d46947c7; urn:openrag:openarchiver:email:6ca4c5b5-3440-4c50-8666-cecfa25916d5:d7c34747-f77f-4083-9c13-669632bc783b,0,required_query_intersection,canonical query; metadata_recovery,canonical-q1:lexical@117; canonical-q1:rrf@182; known-component-anchors:metadata_relation@213; known-component-anchors:metadata_relation@298; known-component-anchors:metadata_relation@308; known-component-anchors:metadata_relation@38; known-component-anchors:metadata_relation@57
unreviewed,,,outside_baseline_candidate,component-2bdd2e846ea1362b,thread:urn:openrag:openarchiver:thread:6ca4c5b5-3440-4c50-8666-cecfa25916d5:%3Cffe5475fa24e4ab99449baa9db202f76%40vetoequin.fr%3E,2,urn:openrag:openarchiver:attachment:083a4ce0-159f-4bda-a2eb-11941043699f; urn:openrag:openarchiver:email:6ca4c5b5-3440-4c50-8666-cecfa25916d5:f2ca08e6-7b32-491f-918e-5f1bfa06778b,0,required_query_intersection,canonical query; metadata_recovery,canonical-q1:lexical@118; canonical-q1:rrf@183; known-component-anchors:metadata_relation@105; known-component-anchors:metadata_relation@109; known-component-anchors:metadata_relation@39; known-component-anchors:metadata_relation@49
unreviewed,,,outside_baseline_candidate,component-b472b1ec3141e100,thread:urn:openrag:openarchiver:thread:6ca4c5b5-3440-4c50-8666-cecfa25916d5:%3C93158DE7-8796-47E0-A9CA-06734B2FFA57%40wisearch.fr%3E,2,urn:openrag:openarchiver:attachment:50f69e58-8ab4-42a8-8609-af9e1a99647f; urn:openrag:openarchiver:email:6ca4c5b5-3440-4c50-8666-cecfa25916d5:52430bcf-c5f2-43d5-98b8-e1a32156dde6,0,required_query_intersection,canonical query; metadata_recovery,canonical-q1:lexical@119; canonical-q1:rrf@184; known-component-anchors:metadata_relation@4; known-component-anchors:metadata_relation@45; known-component-anchors:metadata_relation@6; known-component-anchors:metadata_relation@60
unreviewed,,,outside_baseline_candidate,component-4a2dbcec4cff30b2,thread:urn:openrag:openarchiver:thread:6ca4c5b5-3440-4c50-8666-cecfa25916d5:%3C0be2a19c2ee44ea2b3989a062869fd18%40vetoequin.fr%3E,2,urn:openrag:openarchiver:attachment:4ccb026e-9625-472f-9288-5dddcc3d5155; urn:openrag:openarchiver:email:6ca4c5b5-3440-4c50-8666-cecfa25916d5:47e8f87e-18ff-42e8-8cd9-7ec28e62fcb5,0,required_query_intersection,canonical query; metadata_recovery,canonical-q1:lexical@120; canonical-q1:rrf@185; known-component-anchors:metadata_relation@117; known-component-anchors:metadata_relation@23; known-component-anchors:metadata_relation@36; known-component-anchors:metadata_relation@77
unreviewed,,,outside_baseline_candidate,component-f2ed2335971f10ab,thread:urn:openrag:openarchiver:thread:6ca4c5b5-3440-4c50-8666-cecfa25916d5:%3CCAHjLmET81gvBtuTQgfuGdsM%3DfzKWx96vgPtgNSnDBHPkyV%3D%2Baw%40mail.gmail.com%3E,3,urn:openrag:openarchiver:attachment:3d562863-a4fd-4fc9-8ae2-530b1a5f1983; urn:openrag:openarchiver:email:6ca4c5b5-3440-4c50-8666-cecfa25916d5:aa452b20-841d-472f-84a6-c006c70cf9c1; urn:openrag:openarchiver:email:6ca4c5b5-3440-4c50-8666-cecfa25916d5:bf0044df-7b4b-48c0-89f8-ecfaa2450716,0,required_query_intersection,canonical query; metadata_recovery,canonical-q1:lexical@122; canonical-q1:rrf@187; known-component-anchors:metadata_relation@150; known-component-anchors:metadata_relation@157; known-component-anchors:metadata_relation@192; known-component-anchors:metadata_relation@204; known-component-anchors:metadata_relation@307
unreviewed,,,outside_baseline_candidate,component-ae316cf5b1009e68,thread:urn:openrag:openarchiver:thread:6ca4c5b5-3440-4c50-8666-cecfa25916d5:%3C192bcf1535d741b5ab0d81e0d86e4c6d%40vetoequin.fr%3E,11,urn:openrag:openarchiver:attachment:22671437-f736-4c74-a153-81da26fd8a26; urn:openrag:openarchiver:attachment:304d3a46-d8e2-4ef5-af3f-4d0c3d19181f; urn:openrag:openarchiver:attachment:365d7a1a-bf7d-4faf-8247-bf04d6c92f6c; urn:openrag:openarchiver:attachment:37c34e8b-ab66-4a68-a4ff-d1584fbcd971; urn:openrag:openarchiver:attachment:48ef1501-23b9-49ed-a5a1-b0ce8e53cef4; urn:openrag:openarchiver:attachment:564b912b-9d50-410d-8c4e-c462655341f7; urn:openrag:openarchiver:attachment:659e144c-80ea-4c76-be24-e9a4d6393e85; urn:openrag:openarchiver:attachment:6cf20bd0-1f0b-4225-aab0-7265dead59a8; urn:openrag:openarchiver:attachment:773365d1-d2b5-4b43-9d6f-245538c4fb30; urn:openrag:openarchiver:email:6ca4c5b5-3440-4c50-8666-cecfa25916d5:0f017c63-1817-4d8d-9194-0716da3e56ba; urn:openrag:openarchiver:email:6ca4c5b5-3440-4c50-8666-cecfa25916d5:8856dd23-01d8-476e-b42f-0f74c3df4026,0,required_query_intersection,canonical query; metadata_recovery,canonical-q1:lexical@123; canonical-q1:rrf@188; known-component-anchors:metadata_relation@10; known-component-anchors:metadata_relation@110; known-component-anchors:metadata_relation@114; known-component-anchors:metadata_relation@130; known-component-anchors:metadata_relation@135; known-component-anchors:metadata_relation@138; known-component-anchors:metadata_relation@140; known-component-anchors:metadata_relation@154; known-component-anchors:metadata_relation@168; known-component-anchors:metadata_relation@172; known-component-anchors:metadata_relation@39; known-component-anchors:metadata_relation@5; known-component-anchors:metadata_relation@68; known-component-anchors:metadata_relation@69; known-component-anchors:metadata_relation@86; known-component-anchors:metadata_relation@94
unreviewed,,,outside_baseline_candidate,component-699dd69d1e7d355f,thread:urn:openrag:openarchiver:thread:9e325a3e-b01f-40bf-8890-b400d4e3d7f4:%3CqhfNl87DPjt3uCtU49hmox3Gwvd9FdVYtznu2XuHZo%40www.ferme-de-pommerieux.fr%3E,1,urn:openrag:openarchiver:email:9e325a3e-b01f-40bf-8890-b400d4e3d7f4:466e3d6a-3baf-4b13-84e0-ae76567102f9,0,required_query_intersection,canonical query; metadata_recovery,canonical-q1:lexical@127; canonical-q1:rrf@191; known-component-anchors:metadata_relation@133
unreviewed,,,outside_baseline_candidate,component-d31c347b457d2780,thread:urn:openrag:openarchiver:thread:6ca4c5b5-3440-4c50-8666-cecfa25916d5:%3C328193370.933541778042080853.JavaMail.ad72bas1%40op72bas100%3E,1,urn:openrag:openarchiver:email:6ca4c5b5-3440-4c50-8666-cecfa25916d5:bbf0fef1-8488-46cc-8e57-e23de6c035a4,0,required_query_intersection,canonical query,canonical-q1:dense@127
unreviewed,,,outside_baseline_candidate,component-79848d420a83be2f,thread:urn:openrag:openarchiver:thread:6ca4c5b5-3440-4c50-8666-cecfa25916d5:%3C35670EE6-607E-46F7-B5B4-9ED867E01D0D%40wisearch.fr%3E,2,urn:openrag:openarchiver:attachment:4a7bd8cd-c4c4-4c75-9a76-94fb90598b7b; urn:openrag:openarchiver:email:6ca4c5b5-3440-4c50-8666-cecfa25916d5:0a77d37c-fc16-4d6d-b167-434824d23aaf,0,required_query_intersection,canonical query; metadata_recovery,canonical-q1:lexical@129; canonical-q1:rrf@193; known-component-anchors:metadata_relation@165; known-component-anchors:metadata_relation@25; known-component-anchors:metadata_relation@26
unreviewed,,,outside_baseline_candidate,component-2fccbb3d3bb9b07f,thread:urn:openrag:openarchiver:thread:9e325a3e-b01f-40bf-8890-b400d4e3d7f4:%3CCAEngEUb__G2cA6XiGcAKmpVHbPNe78Y9ER%3DDz85hszeX3USf6g%40mail.gmail.com%3E,2,urn:openrag:openarchiver:email:9e325a3e-b01f-40bf-8890-b400d4e3d7f4:b4ca67eb-bedf-4e44-905e-be3b335ff27c; urn:openrag:openarchiver:email:9e325a3e-b01f-40bf-8890-b400d4e3d7f4:d2377553-028b-432d-97ac-a762db0dab8c,0,required_query_intersection,canonical query; metadata_recovery,canonical-q1:lexical@130; canonical-q1:rrf@194; known-component-anchors:metadata_relation@13; known-component-anchors:metadata_relation@130; known-component-anchors:metadata_relation@74
unreviewed,,,outside_baseline_candidate,component-61bd491373800bef,thread:urn:openrag:openarchiver:thread:6ca4c5b5-3440-4c50-8666-cecfa25916d5:%3C826148060.23563072.1496575425231.JavaMail.ihdwls2%40bt1shl9q%3E,2,urn:openrag:openarchiver:attachment:0cf956ee-12a7-40e2-9e70-caef39617b87; urn:openrag:openarchiver:email:6ca4c5b5-3440-4c50-8666-cecfa25916d5:770b115d-407e-466f-9570-2c51cfaf321e,0,required_query_intersection,canonical query; metadata_recovery,canonical-q1:dense@131; known-component-anchors:metadata_relation@160; known-component-anchors:metadata_relation@3; known-component-anchors:metadata_relation@6
unreviewed,,,outside_baseline_candidate,component-6fa80f979d69ea85,thread:urn:openrag:openarchiver:thread:9e325a3e-b01f-40bf-8890-b400d4e3d7f4:%3CCAEngEUaVXathLzu806KDmK8-D%3D3-uEwAa_rGfU2Uv8NT7mhJtA%40mail.gmail.com%3E,2,urn:openrag:openarchiver:attachment:5c8352b5-282d-40d7-9992-3f7a1a8298cf; urn:openrag:openarchiver:email:9e325a3e-b01f-40bf-8890-b400d4e3d7f4:d3eff75e-1c6b-4b36-bc29-f4944c21e5f8,0,required_query_intersection,canonical query; metadata_recovery,canonical-q1:lexical@132; canonical-q1:rrf@197; known-component-anchors:metadata_relation@114; known-component-anchors:metadata_relation@243; known-component-anchors:metadata_relation@66
unreviewed,,,outside_baseline_candidate,component-d25fa4c560376577,thread:urn:openrag:openarchiver:thread:6ca4c5b5-3440-4c50-8666-cecfa25916d5:%3C1EC3AA69-88B8-4E06-9413-478C7C93E2F3%40wisearch.fr%3E,2,urn:openrag:openarchiver:attachment:7a28e124-d088-48f0-8b97-2130b8695d81; urn:openrag:openarchiver:email:6ca4c5b5-3440-4c50-8666-cecfa25916d5:7e591ec7-11fd-42c0-8669-4445c28d8db0,0,required_query_intersection,canonical query; metadata_recovery,canonical-q1:lexical@133; canonical-q1:rrf@198; known-component-anchors:metadata_relation@108; known-component-anchors:metadata_relation@113; known-component-anchors:metadata_relation@63
unreviewed,,,outside_baseline_candidate,component-2811b329a335c3c9,thread:urn:openrag:openarchiver:thread:6ca4c5b5-3440-4c50-8666-cecfa25916d5:%3C919482573.1359211701804429417.JavaMail.ad72bas1%40op72bas108%3E,1,urn:openrag:openarchiver:email:6ca4c5b5-3440-4c50-8666-cecfa25916d5:7189b77d-ed1f-43e5-9f02-e70197562f47,0,required_query_intersection,canonical query; metadata_recovery,canonical-q1:dense@135; known-component-anchors:metadata_relation@41
unreviewed,,,outside_baseline_candidate,component-a00644b790d64913,thread:urn:openrag:openarchiver:thread:9e325a3e-b01f-40bf-8890-b400d4e3d7f4:%3C1768055878.429564.1545643763790%40email.ionos.fr%3E,9,urn:openrag:openarchiver:email:9e325a3e-b01f-40bf-8890-b400d4e3d7f4:0c83771f-d7d2-4cec-b0d8-4b79caadecb9; urn:openrag:openarchiver:email:9e325a3e-b01f-40bf-8890-b400d4e3d7f4:3cfe4388-5e4f-409a-a614-a66186e9c19b; urn:openrag:openarchiver:email:9e325a3e-b01f-40bf-8890-b400d4e3d7f4:52afe025-d013-47ab-9568-fd5cdf7ab7e9; urn:openrag:openarchiver:email:9e325a3e-b01f-40bf-8890-b400d4e3d7f4:89d9779b-c16e-4984-8fce-fbf0cdc1512c; urn:openrag:openarchiver:email:9e325a3e-b01f-40bf-8890-b400d4e3d7f4:93eececd-7068-485e-af2b-8982da9c0d1f; urn:openrag:openarchiver:email:9e325a3e-b01f-40bf-8890-b400d4e3d7f4:a5908168-a621-4127-941c-173c64bfb41e; urn:openrag:openarchiver:email:9e325a3e-b01f-40bf-8890-b400d4e3d7f4:c6666ac3-3e4c-4710-9263-a3654abe0cf1; urn:openrag:openarchiver:email:9e325a3e-b01f-40bf-8890-b400d4e3d7f4:e96779ba-b0cf-4d55-b501-e18d5fc97d9b; urn:openrag:openarchiver:email:9e325a3e-b01f-40bf-8890-b400d4e3d7f4:f81c2168-d300-4b79-9f6d-792d92b1011c,0,required_query_intersection,canonical query; metadata_recovery,canonical-q1:lexical@138; canonical-q1:lexical@173; known-component-anchors:metadata_relation@1; known-component-anchors:metadata_relation@102; known-component-anchors:metadata_relation@115; known-component-anchors:metadata_relation@12; known-component-anchors:metadata_relation@13; known-component-anchors:metadata_relation@133; known-component-anchors:metadata_relation@137; known-component-anchors:metadata_relation@14; known-component-anchors:metadata_relation@142; known-component-anchors:metadata_relation@166; known-component-anchors:metadata_relation@170; known-component-anchors:metadata_relation@175; known-component-anchors:metadata_relation@20; known-component-anchors:metadata_relation@206; known-component-anchors:metadata_relation@25; known-component-anchors:metadata_relation@35; known-component-anchors:metadata_relation@36; known-component-anchors:metadata_relation@4; known-component-anchors:metadata_relation@42; known-component-anchors:metadata_relation@5; known-component-anchors:metadata_relation@59; known-component-anchors:metadata_relation@65; known-component-anchors:metadata_relation@74; known-component-anchors:metadata_relation@75; known-component-anchors:metadata_relation@83; known-component-anchors:metadata_relation@91
unreviewed,,,outside_baseline_candidate,component-19c73a48b6ebd050,thread:urn:openrag:openarchiver:thread:6ca4c5b5-3440-4c50-8666-cecfa25916d5:%3C8E634920-049B-4BBB-892F-F3C0D72E7D1B%40wisearch.eu%3E,2,urn:openrag:openarchiver:attachment:539c0f64-f152-4f1b-887f-8c3e97705c15; urn:openrag:openarchiver:email:6ca4c5b5-3440-4c50-8666-cecfa25916d5:191763dd-7a60-452d-a0e1-0337bb9a840f,0,required_query_intersection,canonical query; metadata_recovery,canonical-q1:dense@140; known-component-anchors:metadata_relation@10; known-component-anchors:metadata_relation@175; known-component-anchors:metadata_relation@7
unreviewed,,,outside_baseline_candidate,component-7cfdc038d8245f2e,thread:urn:openrag:openarchiver:thread:9e325a3e-b01f-40bf-8890-b400d4e3d7f4:%3CB015A2D5-73B9-413A-AE3D-F5AF3A7D863D%40ferme-de-pommerieux.fr%3E,2,urn:openrag:openarchiver:attachment:3d7a32ad-03d8-417c-85b0-efa3aa508b92; urn:openrag:openarchiver:email:9e325a3e-b01f-40bf-8890-b400d4e3d7f4:8e37da0d-0943-4f15-acfe-79fdcd47b614,0,required_query_intersection,canonical query; metadata_recovery,canonical-q1:lexical@141; known-component-anchors:metadata_relation@136; known-component-anchors:metadata_relation@200; known-component-anchors:metadata_relation@33; known-component-anchors:metadata_relation@36; known-component-anchors:metadata_relation@40; known-component-anchors:metadata_relation@51
unreviewed,,,outside_baseline_candidate,component-98e2b4cd7ece51ac,thread:urn:openrag:openarchiver:thread:6ca4c5b5-3440-4c50-8666-cecfa25916d5:%3C1D5CDDFC-7F49-46FB-B1B6-16C17ED3AD5D%40wisearch.eu%3E,2,urn:openrag:openarchiver:attachment:1e2b0df9-4965-4c11-8266-6b36fb1039c3; urn:openrag:openarchiver:email:6ca4c5b5-3440-4c50-8666-cecfa25916d5:2649c921-92c4-49db-b698-5bde5ddd4978,0,required_query_intersection,canonical query; metadata_recovery,canonical-q1:dense@141; known-component-anchors:metadata_relation@116; known-component-anchors:metadata_relation@18; known-component-anchors:metadata_relation@25; known-component-anchors:metadata_relation@74
unreviewed,,,outside_baseline_candidate,component-4ea710d543e5d14c,thread:urn:openrag:openarchiver:thread:6ca4c5b5-3440-4c50-8666-cecfa25916d5:%3CDA233418-0EFE-43FD-AD7F-EF65F371358B%40wisearch.eu%3E,2,urn:openrag:openarchiver:attachment:57fc4803-5c52-458f-a08c-ba92a7dea2a5; urn:openrag:openarchiver:email:6ca4c5b5-3440-4c50-8666-cecfa25916d5:f362aae8-d6f6-4943-b682-185d726c0041,0,required_query_intersection,canonical query; metadata_recovery,canonical-q1:dense@142; known-component-anchors:metadata_relation@25; known-component-anchors:metadata_relation@261; known-component-anchors:metadata_relation@50
unreviewed,,,outside_baseline_candidate,component-5690d68890cdd9df,thread:urn:openrag:openarchiver:thread:9e325a3e-b01f-40bf-8890-b400d4e3d7f4:%3CCAKpTLirwzAONJNPpsApNcgLt-K6ibtuAir8718OJc0OtArhn3Q%40mail.gmail.com%3E,4,urn:openrag:openarchiver:attachment:028d52cd-0fc9-4f5f-be70-17e31cfde9eb; urn:openrag:openarchiver:attachment:5766d500-0de1-4c9e-a285-cc1b701b373f; urn:openrag:openarchiver:email:9e325a3e-b01f-40bf-8890-b400d4e3d7f4:70992ea5-317b-4862-bb8f-84a5b3e5f4f8; urn:openrag:openarchiver:email:9e325a3e-b01f-40bf-8890-b400d4e3d7f4:83f35421-ee90-4894-9146-7a91cb02a4f4,0,required_query_intersection,canonical query; metadata_recovery,canonical-q1:lexical@143; canonical-q1:lexical@145; known-component-anchors:metadata_relation@107; known-component-anchors:metadata_relation@135; known-component-anchors:metadata_relation@190; known-component-anchors:metadata_relation@302; known-component-anchors:metadata_relation@87; known-component-anchors:metadata_relation@90
unreviewed,,,outside_baseline_candidate,component-ea147b5e304031fc,thread:urn:openrag:openarchiver:thread:6ca4c5b5-3440-4c50-8666-cecfa25916d5:%3CE27DBE16-63CB-4B6F-AB0E-9D9B8AB38C83%40wisearch.eu%3E,2,urn:openrag:openarchiver:attachment:40022c41-0c3e-471d-a864-1a8fcce0b477; urn:openrag:openarchiver:email:6ca4c5b5-3440-4c50-8666-cecfa25916d5:ce0088da-7d0b-4aa3-a0f9-9a1aa1cfc16a,0,required_query_intersection,canonical query; metadata_recovery,canonical-q1:dense@143; known-component-anchors:metadata_relation@238; known-component-anchors:metadata_relation@66; known-component-anchors:metadata_relation@93
unreviewed,,,outside_baseline_candidate,component-2a1bab74ce3eab59,thread:urn:openrag:openarchiver:thread:6ca4c5b5-3440-4c50-8666-cecfa25916d5:%3CCAPV_xfrzbg1c3yDiWWEg_Uh-5TiTqX5%2B-Ax8QrjS9gtywScFeA%40mail.gmail.com%3E,2,urn:openrag:openarchiver:email:6ca4c5b5-3440-4c50-8666-cecfa25916d5:064da903-56c3-438a-bae1-712637d64c4f; urn:openrag:openarchiver:email:6ca4c5b5-3440-4c50-8666-cecfa25916d5:3679ddf3-190d-4126-81f6-6b69753a3840,0,required_query_intersection,canonical query; metadata_recovery,canonical-q1:lexical@144; known-component-anchors:metadata_relation@212; known-component-anchors:metadata_relation@316; known-component-anchors:metadata_relation@82; known-component-anchors:metadata_relation@88
unreviewed,,,outside_baseline_candidate,component-5efea4eae48d29f6,thread:urn:openrag:openarchiver:thread:6ca4c5b5-3440-4c50-8666-cecfa25916d5:%3C78D4E21D-C681-4CF8-A469-17482EE50EE0%40wisearch.fr%3E,2,urn:openrag:openarchiver:attachment:51ab976c-7204-4129-be5e-4a251e93e565; urn:openrag:openarchiver:email:6ca4c5b5-3440-4c50-8666-cecfa25916d5:5634fdae-82ad-4a80-b61f-8f29a7684264,0,required_query_intersection,canonical query; metadata_recovery,canonical-q1:dense@144; known-component-anchors:metadata_relation@100; known-component-anchors:metadata_relation@5; known-component-anchors:metadata_relation@58; known-component-anchors:metadata_relation@7; known-component-anchors:metadata_relation@71; known-component-anchors:metadata_relation@72
unreviewed,,,outside_baseline_candidate,component-d4c6d81e478c9a23,thread:urn:openrag:openarchiver:thread:6ca4c5b5-3440-4c50-8666-cecfa25916d5:%3C17B3ECDE-5638-467D-8CCC-98B75443B05B%40wisearch.fr%3E,2,urn:openrag:openarchiver:attachment:105dcee1-c78f-4cda-92a4-092b44098731; urn:openrag:openarchiver:email:6ca4c5b5-3440-4c50-8666-cecfa25916d5:20d01a07-6eb6-4f19-8260-9cffd2829806,0,required_query_intersection,canonical query; metadata_recovery,canonical-q1:dense@145; known-component-anchors:metadata_relation@106; known-component-anchors:metadata_relation@186; known-component-anchors:metadata_relation@44; known-component-anchors:metadata_relation@73; known-component-anchors:metadata_relation@76
unreviewed,,,outside_baseline_candidate,component-1e3c2520058da678,thread:urn:openrag:openarchiver:thread:6ca4c5b5-3440-4c50-8666-cecfa25916d5:%3C71E358DA-5F6C-42A2-805A-9E2493381D72%40wisearch.fr%3E,2,urn:openrag:openarchiver:attachment:09571b12-7c15-422f-a1c3-20491e2f77ff; urn:openrag:openarchiver:email:6ca4c5b5-3440-4c50-8666-cecfa25916d5:25832ec8-66f5-4959-9e94-f2c532162ff9,0,required_query_intersection,canonical query; metadata_recovery,canonical-q1:dense@146; known-component-anchors:metadata_relation@125; known-component-anchors:metadata_relation@61; known-component-anchors:metadata_relation@77; known-component-anchors:metadata_relation@85; known-component-anchors:metadata_relation@93
unreviewed,,,outside_baseline_candidate,component-3c5f3f05b35114dc,thread:urn:openrag:openarchiver:thread:6ca4c5b5-3440-4c50-8666-cecfa25916d5:%3C183A14C2-489C-401F-A247-7D10EB5C0B6F%40wisearch.eu%3E,2,urn:openrag:openarchiver:attachment:087411be-b2fd-43a7-8046-efddb62187fa; urn:openrag:openarchiver:email:6ca4c5b5-3440-4c50-8666-cecfa25916d5:3760e679-4ebc-4c2d-8ceb-563cc9bd0c26,0,required_query_intersection,canonical query; metadata_recovery,canonical-q1:dense@147; known-component-anchors:metadata_relation@156; known-component-anchors:metadata_relation@56; known-component-anchors:metadata_relation@86
unreviewed,,,outside_baseline_candidate,component-71fb092b568a647a,thread:urn:openrag:openarchiver:thread:6ca4c5b5-3440-4c50-8666-cecfa25916d5:%3C4F06BDFF-8C61-46CD-8129-26DF7AED4701%40wisearch.eu%3E,2,urn:openrag:openarchiver:attachment:0be9d4fc-62b8-4008-9949-daa2f0f4c289; urn:openrag:openarchiver:email:6ca4c5b5-3440-4c50-8666-cecfa25916d5:137bb7c0-d693-4595-ab0e-dc3bf1d8e03b,0,required_query_intersection,canonical query; metadata_recovery,canonical-q1:dense@148; known-component-anchors:metadata_relation@100; known-component-anchors:metadata_relation@108; known-component-anchors:metadata_relation@23
unreviewed,,,outside_baseline_candidate,component-b3224139b6dca83f,thread:urn:openrag:openarchiver:thread:6ca4c5b5-3440-4c50-8666-cecfa25916d5:%3C202009231448.08NEmZVr020668-08NEmZVt020668%40vm2654.jn-hebergement.com.localdomain%3E,3,urn:openrag:openarchiver:attachment:658de8b8-b2b2-47cd-92af-7c6b7c589565; urn:openrag:openarchiver:email:6ca4c5b5-3440-4c50-8666-cecfa25916d5:2f71cc68-1039-4cfe-b332-7806d76a9ed0; urn:openrag:openarchiver:email:6ca4c5b5-3440-4c50-8666-cecfa25916d5:4439369e-038d-4494-a193-2f075b1d4e1f,0,required_query_intersection,canonical query; metadata_recovery,canonical-q1:lexical@148; known-component-anchors:metadata_relation@118; known-component-anchors:metadata_relation@122; known-component-anchors:metadata_relation@123; known-component-anchors:metadata_relation@126; known-component-anchors:metadata_relation@24
unreviewed,,,outside_baseline_candidate,component-cb2af00ee744ead2,thread:urn:openrag:openarchiver:thread:6ca4c5b5-3440-4c50-8666-cecfa25916d5:%3CC20FA2A8-29CE-453D-B674-E2860C0B5597%40wisearch.eu%3E,2,urn:openrag:openarchiver:attachment:2cb1d82c-2ebf-4ea1-9d06-ac223aaa0bf1; urn:openrag:openarchiver:email:6ca4c5b5-3440-4c50-8666-cecfa25916d5:28af9a60-18fc-45c6-8a26-4075c859f080,0,required_query_intersection,canonical query; metadata_recovery,canonical-q1:dense@149; known-component-anchors:metadata_relation@101; known-component-anchors:metadata_relation@147; known-component-anchors:metadata_relation@201
unreviewed,,,outside_baseline_candidate,component-7cd09e617dfcce1b,thread:urn:openrag:openarchiver:thread:6ca4c5b5-3440-4c50-8666-cecfa25916d5:%3C5FA0C4AA-04BF-477D-9CA4-B594BF456995%40wisearch.eu%3E,2,urn:openrag:openarchiver:attachment:1b05474b-25b6-4950-9a84-cb0defd9ad31; urn:openrag:openarchiver:email:6ca4c5b5-3440-4c50-8666-cecfa25916d5:8fae68d6-c17f-47de-8eed-0e957bfb9763,0,required_query_intersection,canonical query; metadata_recovery,canonical-q1:dense@150; known-component-anchors:metadata_relation@126; known-component-anchors:metadata_relation@182
unreviewed,,,outside_baseline_candidate,component-fee1cfea07426e60,thread:urn:openrag:openarchiver:thread:9e325a3e-b01f-40bf-8890-b400d4e3d7f4:%3CVI1PR10MB34874DE2212DC0CA6DDE87A3DB499%40VI1PR10MB3487.EURPRD10.PROD.OUTLOOK.COM%3E,2,urn:openrag:openarchiver:attachment:14e17d42-43b8-4a78-ae96-6cff631c7c4c; urn:openrag:openarchiver:email:9e325a3e-b01f-40bf-8890-b400d4e3d7f4:cb241f4f-0a8d-47dd-8ef0-9374ae819f3a,0,required_query_intersection,canonical query; metadata_recovery,canonical-q1:lexical@150; known-component-anchors:metadata_relation@192; known-component-anchors:metadata_relation@227
unreviewed,,,outside_baseline_candidate,component-38a2860d83103824,thread:urn:openrag:openarchiver:thread:6ca4c5b5-3440-4c50-8666-cecfa25916d5:%3C7EE0FA23-55A2-40F4-A650-A7C50701E743%40wisearch.eu%3E,2,urn:openrag:openarchiver:attachment:3a892afb-e170-4a14-a80c-2fbf38103317; urn:openrag:openarchiver:email:6ca4c5b5-3440-4c50-8666-cecfa25916d5:63f5b6c8-9b4a-4b03-a063-906719daf030,0,required_query_intersection,canonical query; metadata_recovery,canonical-q1:dense@151; known-component-anchors:metadata_relation@136; known-component-anchors:metadata_relation@34; known-component-anchors:metadata_relation@39
unreviewed,,,outside_baseline_candidate,component-7c8d881c059a1917,thread:urn:openrag:openarchiver:thread:9e325a3e-b01f-40bf-8890-b400d4e3d7f4:%3CPR0P264MB053816328D39365AC3CC13A489609%40PR0P264MB0538.FRAP264.PROD.OUTLOOK.COM%3E,2,urn:openrag:openarchiver:attachment:3d562e11-ded8-4b6d-9eef-1b00a8d6a983; urn:openrag:openarchiver:email:9e325a3e-b01f-40bf-8890-b400d4e3d7f4:3037496f-7a46-4c6e-9b2d-11c22150a0b0,0,required_query_intersection,canonical query; metadata_recovery,canonical-q1:lexical@151; known-component-anchors:metadata_relation@65; known-component-anchors:metadata_relation@78; known-component-anchors:metadata_relation@86
unreviewed,,,outside_baseline_candidate,component-154db2ba6a389b9e,thread:urn:openrag:openarchiver:thread:6ca4c5b5-3440-4c50-8666-cecfa25916d5:%3C1E64D81A-B980-40CC-B2EA-EA5C3439B065%40wisearch.eu%3E,2,urn:openrag:openarchiver:attachment:2123382e-c5f9-454e-916f-d39911b9070b; urn:openrag:openarchiver:email:6ca4c5b5-3440-4c50-8666-cecfa25916d5:2dec2d62-1623-401e-9906-5c368b3b25c2,0,required_query_intersection,canonical query; metadata_recovery,canonical-q1:dense@152; known-component-anchors:metadata_relation@120; known-component-anchors:metadata_relation@149
unreviewed,,,outside_baseline_candidate,component-347358acc44cc67d,thread:urn:openrag:openarchiver:thread:6ca4c5b5-3440-4c50-8666-cecfa25916d5:%3C4T5GSJ2nYbz117V%40mailrouter-102.ams30.prod.booking.com%3E,1,urn:openrag:openarchiver:email:6ca4c5b5-3440-4c50-8666-cecfa25916d5:8fd527ba-1c75-4dbc-bf6f-b72b84f3a8ef,0,required_query_intersection,canonical query; metadata_recovery,canonical-q1:lexical@152; known-component-anchors:metadata_relation@97
unreviewed,,,outside_baseline_candidate,component-c6b967b787f719cb,thread:urn:openrag:openarchiver:thread:9e325a3e-b01f-40bf-8890-b400d4e3d7f4:%3C1550495694.phpmail-dolibarr-emailing-69-39395%40d4258391886d15da4456fca4ea18994d%3E,1,urn:openrag:openarchiver:email:9e325a3e-b01f-40bf-8890-b400d4e3d7f4:5302474c-9007-4819-9543-47e0b667db47,0,required_query_intersection,canonical query; metadata_recovery,canonical-q1:lexical@153; known-component-anchors:metadata_relation@10; known-component-anchors:metadata_relation@96
unreviewed,,,outside_baseline_candidate,component-8b71df96387610c9,thread:urn:openrag:openarchiver:thread:6ca4c5b5-3440-4c50-8666-cecfa25916d5:%3C76658135-D381-4E6B-83C9-398BBF14B2A6%40wisearch.eu%3E,2,urn:openrag:openarchiver:attachment:5ffde891-e667-4068-8edd-c81fa97f6a0c; urn:openrag:openarchiver:email:6ca4c5b5-3440-4c50-8666-cecfa25916d5:97df3408-c1a2-4a4c-90bb-59b2ca030601,0,required_query_intersection,canonical query; metadata_recovery,canonical-q1:dense@154; known-component-anchors:metadata_relation@121; known-component-anchors:metadata_relation@153; known-component-anchors:metadata_relation@204
unreviewed,,,outside_baseline_candidate,component-715bf10d44a4a3ee,thread:urn:openrag:openarchiver:thread:6ca4c5b5-3440-4c50-8666-cecfa25916d5:%3C617DBF74-4A13-4594-94FB-B4B5DDEA251F%40wisearch.fr%3E,2,urn:openrag:openarchiver:attachment:7023bc49-5347-4106-970a-c23f0a63869a; urn:openrag:openarchiver:email:6ca4c5b5-3440-4c50-8666-cecfa25916d5:49732f03-0b3e-4052-97ae-7dbbfaabc7aa,0,required_query_intersection,canonical query; metadata_recovery,canonical-q1:dense@156; known-component-anchors:metadata_relation@144; known-component-anchors:metadata_relation@38; known-component-anchors:metadata_relation@46; known-component-anchors:metadata_relation@58; known-component-anchors:metadata_relation@74
unreviewed,,,outside_baseline_candidate,component-c9bbb83a2df00237,thread:urn:openrag:openarchiver:thread:9e325a3e-b01f-40bf-8890-b400d4e3d7f4:%3C49E46F34-B4F5-4D1C-8631-0258C2DB6C2B%40gmail.com%3E,7,urn:openrag:openarchiver:email:9e325a3e-b01f-40bf-8890-b400d4e3d7f4:15cb5275-1aca-4be3-ad77-682a941386e7; urn:openrag:openarchiver:email:9e325a3e-b01f-40bf-8890-b400d4e3d7f4:2bd415e1-7484-42ce-aad1-96d86dc982f5; urn:openrag:openarchiver:email:9e325a3e-b01f-40bf-8890-b400d4e3d7f4:32a30c33-238b-4595-9752-dd3ee0b2d758; urn:openrag:openarchiver:email:9e325a3e-b01f-40bf-8890-b400d4e3d7f4:4de5052e-8e84-451b-a1c8-5793954c5b49; urn:openrag:openarchiver:email:9e325a3e-b01f-40bf-8890-b400d4e3d7f4:7ad6cc2f-b2ea-4881-be62-095153a201c9; urn:openrag:openarchiver:email:9e325a3e-b01f-40bf-8890-b400d4e3d7f4:7c805ce1-043e-473e-8f25-f0c08876dcc0; urn:openrag:openarchiver:email:9e325a3e-b01f-40bf-8890-b400d4e3d7f4:a7d88728-b224-422f-bbe7-cebf1940a95b,0,required_query_intersection,canonical query; metadata_recovery,canonical-q1:lexical@156; canonical-q1:lexical@159; canonical-q1:lexical@160; known-component-anchors:metadata_relation@115; known-component-anchors:metadata_relation@130; known-component-anchors:metadata_relation@153; known-component-anchors:metadata_relation@167; known-component-anchors:metadata_relation@173; known-component-anchors:metadata_relation@18; known-component-anchors:metadata_relation@183; known-component-anchors:metadata_relation@194; known-component-anchors:metadata_relation@20; known-component-anchors:metadata_relation@200; known-component-anchors:metadata_relation@201; known-component-anchors:metadata_relation@212; known-component-anchors:metadata_relation@22; known-component-anchors:metadata_relation@233; known-component-anchors:metadata_relation@240; known-component-anchors:metadata_relation@4; known-component-anchors:metadata_relation@51; known-component-anchors:metadata_relation@78; known-component-anchors:metadata_relation@8
unreviewed,,,outside_baseline_candidate,component-33fd3248b9efb467,thread:urn:openrag:openarchiver:thread:9e325a3e-b01f-40bf-8890-b400d4e3d7f4:%3C96069ef4-bf57-16e9-2a61-3b171738dd3b%40interafocg.org%3E,11,urn:openrag:openarchiver:attachment:1497f4a6-80b5-47a5-a5d7-445de0e13b1d; urn:openrag:openarchiver:attachment:2c2b9274-7be7-4c9d-af37-a1cf657a87b0; urn:openrag:openarchiver:attachment:513cec0c-4e23-4ab8-8dd7-78731c5a9a95; urn:openrag:openarchiver:email:9e325a3e-b01f-40bf-8890-b400d4e3d7f4:047b1ab3-06f7-473c-92c6-9419936ae1af; urn:openrag:openarchiver:email:9e325a3e-b01f-40bf-8890-b400d4e3d7f4:1278b504-d050-474d-aff9-3695b871d8a2; urn:openrag:openarchiver:email:9e325a3e-b01f-40bf-8890-b400d4e3d7f4:73c05c71-3cda-4c8e-9b54-2682df76e20c; urn:openrag:openarchiver:email:9e325a3e-b01f-40bf-8890-b400d4e3d7f4:9fd6833e-e272-43a8-879a-2ac523c89e65; urn:openrag:openarchiver:email:9e325a3e-b01f-40bf-8890-b400d4e3d7f4:a284cd8f-4541-4a58-bc19-f6eb5a67a601; urn:openrag:openarchiver:email:9e325a3e-b01f-40bf-8890-b400d4e3d7f4:c3478906-fe3e-426e-8780-4821c2266ec5; urn:openrag:openarchiver:email:9e325a3e-b01f-40bf-8890-b400d4e3d7f4:cb2ad6f1-65ff-4a1a-95c7-a4adbd260944; urn:openrag:openarchiver:email:9e325a3e-b01f-40bf-8890-b400d4e3d7f4:f2b9aa10-c337-4d94-b661-f7d851688cff,0,required_query_intersection,canonical query; metadata_recovery,canonical-q1:lexical@157; known-component-anchors:metadata_relation@118; known-component-anchors:metadata_relation@128; known-component-anchors:metadata_relation@14; known-component-anchors:metadata_relation@15; known-component-anchors:metadata_relation@154; known-component-anchors:metadata_relation@155; known-component-anchors:metadata_relation@16; known-component-anchors:metadata_relation@171; known-component-anchors:metadata_relation@174; known-component-anchors:metadata_relation@203; known-component-anchors:metadata_relation@213; known-component-anchors:metadata_relation@219; known-component-anchors:metadata_relation@220; known-component-anchors:metadata_relation@236; known-component-anchors:metadata_relation@3; known-component-anchors:metadata_relation@30; known-component-anchors:metadata_relation@35; known-component-anchors:metadata_relation@36; known-component-anchors:metadata_relation@43; known-component-anchors:metadata_relation@51; known-component-anchors:metadata_relation@60; known-component-anchors:metadata_relation@61; known-component-anchors:metadata_relation@67; known-component-anchors:metadata_relation@87; known-component-anchors:metadata_relation@91
unreviewed,,,outside_baseline_candidate,component-e2532bc56640021e,thread:urn:openrag:openarchiver:thread:6ca4c5b5-3440-4c50-8666-cecfa25916d5:%3C32954976-35B1-4919-8450-AD5583D3827D%40wisearch.eu%3E,1,urn:openrag:openarchiver:attachment:6e18d8ea-99f6-4713-aecb-7aa0dcd296bf,0,required_query_intersection,canonical query; metadata_recovery,canonical-q1:dense@157; known-component-anchors:metadata_relation@70; known-component-anchors:metadata_relation@78
unreviewed,,,outside_baseline_candidate,component-110727b2fa5d4333,thread:urn:openrag:openarchiver:thread:6ca4c5b5-3440-4c50-8666-cecfa25916d5:%3C7377A4F2-4B02-4040-8DAA-B7187916CCD4%40wisearch.fr%3E,2,urn:openrag:openarchiver:attachment:75c0542d-1ebd-40d3-ba60-ff041cce8224; urn:openrag:openarchiver:email:6ca4c5b5-3440-4c50-8666-cecfa25916d5:93715808-52fb-439e-975f-4c25beed297a,0,required_query_intersection,canonical query; metadata_recovery,canonical-q1:dense@158; known-component-anchors:metadata_relation@159; known-component-anchors:metadata_relation@193; known-component-anchors:metadata_relation@297
unreviewed,,,outside_baseline_candidate,component-f3441382e1c2159e,thread:urn:openrag:openarchiver:thread:6ca4c5b5-3440-4c50-8666-cecfa25916d5:%3CEA876752-ACB0-40A7-9BF9-0DEAE1A3787B%40wisearch.fr%3E,3,urn:openrag:openarchiver:attachment:255f7252-4561-4a3e-af2b-a719e7a49f8c; urn:openrag:openarchiver:attachment:49df99c5-b209-4e33-acaa-731adf9762db; urn:openrag:openarchiver:email:6ca4c5b5-3440-4c50-8666-cecfa25916d5:d13f99a0-0356-4706-bfff-40082b9af7ad,0,required_query_intersection,canonical query; metadata_recovery,canonical-q1:dense@159; known-component-anchors:metadata_relation@10; known-component-anchors:metadata_relation@127; known-component-anchors:metadata_relation@16; known-component-anchors:metadata_relation@24; known-component-anchors:metadata_relation@5; known-component-anchors:metadata_relation@95
unreviewed,,,outside_baseline_candidate,component-4a2f2076f46d289c,thread:urn:openrag:openarchiver:thread:6ca4c5b5-3440-4c50-8666-cecfa25916d5:%3CE87F2FB4-DDE1-46DE-8149-46A9977024AC%40wisearch.eu%3E,2,urn:openrag:openarchiver:attachment:388da96a-72e0-4734-9ceb-54ae6c88db0b; urn:openrag:openarchiver:email:6ca4c5b5-3440-4c50-8666-cecfa25916d5:ed85eee4-c0e5-4434-9506-8e0b81ab07a7,0,required_query_intersection,canonical query; metadata_recovery,canonical-q1:dense@161; known-component-anchors:metadata_relation@124; known-component-anchors:metadata_relation@146; known-component-anchors:metadata_relation@214
unreviewed,,,outside_baseline_candidate,component-55370f6a335c817e,thread:urn:openrag:openarchiver:thread:6ca4c5b5-3440-4c50-8666-cecfa25916d5:%3C3C963965-82A4-43CE-AFDF-B5FF18E3331E%40wisearch.fr%3E,1,urn:openrag:openarchiver:attachment:1f31dcee-0718-41da-a364-922cecd18239,0,required_query_intersection,canonical query; metadata_recovery,canonical-q1:dense@162; known-component-anchors:metadata_relation@107; known-component-anchors:metadata_relation@120; known-component-anchors:metadata_relation@161
unreviewed,,,outside_baseline_candidate,component-7bd2a4e0357a96f0,thread:urn:openrag:openarchiver:thread:6ca4c5b5-3440-4c50-8666-cecfa25916d5:%3CC9BB855F-2AAB-4547-BFAD-F1BE3C5398D5%40clermontauvergneinnovation.com%3E,3,urn:openrag:openarchiver:attachment:06a84e22-abb5-44e7-93b8-379232e0a761; urn:openrag:openarchiver:email:6ca4c5b5-3440-4c50-8666-cecfa25916d5:265b2a94-3477-463e-ab17-cad25af2c6c4; urn:openrag:openarchiver:email:6ca4c5b5-3440-4c50-8666-cecfa25916d5:98430b3a-7fcd-4896-a780-e5da48a61b85,0,required_query_intersection,canonical query; metadata_recovery,canonical-q1:lexical@163; known-component-anchors:metadata_relation@211; known-component-anchors:metadata_relation@51; known-component-anchors:metadata_relation@55; known-component-anchors:metadata_relation@66; known-component-anchors:metadata_relation@83
unreviewed,,,outside_baseline_candidate,component-dd22078b64c0568c,thread:urn:openrag:openarchiver:thread:6ca4c5b5-3440-4c50-8666-cecfa25916d5:%3CDF7CC244-D4EA-45AE-9ABA-B287AB990CB7%40wisearch.eu%3E,2,urn:openrag:openarchiver:attachment:30991efc-80f6-4163-ad00-6343aac66b92; urn:openrag:openarchiver:email:6ca4c5b5-3440-4c50-8666-cecfa25916d5:65b1f007-0927-44c5-bec9-3dcf44956628,0,required_query_intersection,canonical query; metadata_recovery,canonical-q1:dense@163; known-component-anchors:metadata_relation@130; known-component-anchors:metadata_relation@131; known-component-anchors:metadata_relation@169; known-component-anchors:metadata_relation@171
unreviewed,,,outside_baseline_candidate,component-389f378a55665929,thread:urn:openrag:openarchiver:thread:6ca4c5b5-3440-4c50-8666-cecfa25916d5:%3C09MHFPTTTYTC2Q5J%40bouyguestelecom.fr%3E,4,urn:openrag:openarchiver:attachment:1ab3895f-a2b6-4d87-84d4-09958be7fe58; urn:openrag:openarchiver:attachment:4bccf389-ef4f-4c88-b46b-862dd251d7fd; urn:openrag:openarchiver:attachment:552aa951-75e3-4796-aa89-ca81af17cb01; urn:openrag:openarchiver:email:6ca4c5b5-3440-4c50-8666-cecfa25916d5:1cf1b232-b1fa-4798-bc98-b3e09c780a6d,0,required_query_intersection,canonical query; metadata_recovery,canonical-q1:dense@164; known-component-anchors:metadata_relation@100; known-component-anchors:metadata_relation@161; known-component-anchors:metadata_relation@25; known-component-anchors:metadata_relation@26; known-component-anchors:metadata_relation@35; known-component-anchors:metadata_relation@42; known-component-anchors:metadata_relation@73
unreviewed,,,outside_baseline_candidate,component-8c154d74abfd1731,thread:urn:openrag:openarchiver:thread:9e325a3e-b01f-40bf-8890-b400d4e3d7f4:%3CCADnAYpjO-9oQstz71Ta3steVUEYKyN91uFJQWcsaZE%3DLbW%3D-9w%40mail.gmail.com%3E,2,urn:openrag:openarchiver:email:9e325a3e-b01f-40bf-8890-b400d4e3d7f4:1fc6ac7c-9571-4bbe-9653-7746c21f7366; urn:openrag:openarchiver:email:9e325a3e-b01f-40bf-8890-b400d4e3d7f4:fe6d0737-1713-4cbf-b957-f20b219ad54a,0,required_query_intersection,canonical query; metadata_recovery,canonical-q1:lexical@164; known-component-anchors:metadata_relation@221; known-component-anchors:metadata_relation@282; known-component-anchors:metadata_relation@82; known-component-anchors:metadata_relation@86
unreviewed,,,outside_baseline_candidate,component-4acc71ce9236bc07,thread:urn:openrag:openarchiver:thread:6ca4c5b5-3440-4c50-8666-cecfa25916d5:%3C1147D6D0-8CE4-47A1-B1FA-46E9BBA6E9BE%40wisearch.fr%3E,2,urn:openrag:openarchiver:attachment:797786b2-426d-4b48-b0a4-11c0f081caa3; urn:openrag:openarchiver:email:6ca4c5b5-3440-4c50-8666-cecfa25916d5:29242363-e357-4935-bfc5-e7c46f7781d0,0,required_query_intersection,canonical query; metadata_recovery,canonical-q1:dense@165; known-component-anchors:metadata_relation@115; known-component-anchors:metadata_relation@2; known-component-anchors:metadata_relation@226
unreviewed,,,outside_baseline_candidate,component-2f8015a9f628ef91,thread:urn:openrag:openarchiver:thread:6ca4c5b5-3440-4c50-8666-cecfa25916d5:%3C0FED52BF-6C79-4089-AF92-D6F9B11A0D11%40wisearch.fr%3E,2,urn:openrag:openarchiver:attachment:77f20618-64fb-4e3d-9e41-0583dc2ae900; urn:openrag:openarchiver:email:6ca4c5b5-3440-4c50-8666-cecfa25916d5:8f63ddff-d5b3-471c-9c9b-4adfff328d20,0,required_query_intersection,canonical query; metadata_recovery,canonical-q1:dense@166; known-component-anchors:metadata_relation@139; known-component-anchors:metadata_relation@175; known-component-anchors:metadata_relation@260
unreviewed,,,outside_baseline_candidate,component-efbb7415d915fd0a,thread:urn:openrag:openarchiver:thread:6ca4c5b5-3440-4c50-8666-cecfa25916d5:%3C2337E4D4-1AC7-4465-9428-BC7939408A5F%40wisearch.fr%3E,5,urn:openrag:openarchiver:attachment:2c235fda-f8cc-4567-83cf-d81404e43dc0; urn:openrag:openarchiver:attachment:55625ed9-3dc6-4dc4-9b0b-c10c482ff420; urn:openrag:openarchiver:attachment:68a97c04-38db-4bb4-94e4-bcb2d4ffd888; urn:openrag:openarchiver:attachment:6b292a6d-58de-4955-a256-fdd8335cd7dd; urn:openrag:openarchiver:email:6ca4c5b5-3440-4c50-8666-cecfa25916d5:5a01b617-c7d3-4796-9465-18bf06cea414,0,required_query_intersection,canonical query; metadata_recovery,canonical-q1:lexical@166; known-component-anchors:metadata_relation@104; known-component-anchors:metadata_relation@113; known-component-anchors:metadata_relation@53; known-component-anchors:metadata_relation@54; known-component-anchors:metadata_relation@67; known-component-anchors:metadata_relation@68; known-component-anchors:metadata_relation@82; known-component-anchors:metadata_relation@84; known-component-anchors:metadata_relation@93; known-component-anchors:metadata_relation@97
unreviewed,,,outside_baseline_candidate,component-f6d7c9a6ce380c4f,thread:urn:openrag:openarchiver:thread:6ca4c5b5-3440-4c50-8666-cecfa25916d5:%3C3768216.94415.1386142149588.JavaMail.vsljmsp3%40colli%3E,1,urn:openrag:openarchiver:email:6ca4c5b5-3440-4c50-8666-cecfa25916d5:c28088fe-7354-4407-963d-dd4101230313,0,required_query_intersection,canonical query; metadata_recovery,canonical-q1:lexical@168; known-component-anchors:metadata_relation@75
unreviewed,,,outside_baseline_candidate,component-70d583592c58eaf5,thread:urn:openrag:openarchiver:thread:6ca4c5b5-3440-4c50-8666-cecfa25916d5:%3C1117789984.77351733132471592.JavaMail.ad72bas1%40op72bas106%3E,1,urn:openrag:openarchiver:email:6ca4c5b5-3440-4c50-8666-cecfa25916d5:b73a36c3-67e0-4efb-a1f2-3dfe5c591838,0,required_query_intersection,canonical query; metadata_recovery,canonical-q1:dense@169; known-component-anchors:metadata_relation@1
unreviewed,,,outside_baseline_candidate,component-a8df13cdbfe9b7a2,thread:urn:openrag:openarchiver:thread:9e325a3e-b01f-40bf-8890-b400d4e3d7f4:%3C643709F8-D9A0-4532-BAF8-613ED13A93AD%40harasdebondereau.com%3E,1,urn:openrag:openarchiver:email:9e325a3e-b01f-40bf-8890-b400d4e3d7f4:2308befc-9c3f-474a-b63e-ace955d949ed,0,required_query_intersection,canonical query; metadata_recovery,canonical-q1:lexical@169; known-component-anchors:metadata_relation@148
unreviewed,,,outside_baseline_candidate,component-8cd21c298bc86f14,thread:urn:openrag:openarchiver:thread:6ca4c5b5-3440-4c50-8666-cecfa25916d5:%3C40d40a68f2204b58a3b864c71bea4cb5%40recherche.gouv.fr%3E,4,urn:openrag:openarchiver:attachment:40e83821-0535-4c45-974a-287c0f42f080; urn:openrag:openarchiver:email:6ca4c5b5-3440-4c50-8666-cecfa25916d5:02b76110-4f4a-4399-8355-4c8852adda53; urn:openrag:openarchiver:email:6ca4c5b5-3440-4c50-8666-cecfa25916d5:1f237194-0588-4c36-968b-80f9aced64db; urn:openrag:openarchiver:email:6ca4c5b5-3440-4c50-8666-cecfa25916d5:d9dd8484-b2bd-4df5-bd0f-9952e66f8a21,0,required_query_intersection,canonical query; metadata_recovery,canonical-q1:lexical@171; known-component-anchors:metadata_relation@27; known-component-anchors:metadata_relation@42; known-component-anchors:metadata_relation@72; known-component-anchors:metadata_relation@74; known-component-anchors:metadata_relation@8
unreviewed,,,outside_baseline_candidate,component-23be5b2c5df676d2,thread:urn:openrag:openarchiver:thread:6ca4c5b5-3440-4c50-8666-cecfa25916d5:%3CECC79A8F-7712-4E11-B2BF-0903C516154C%40wisearch.fr%3E,3,urn:openrag:openarchiver:attachment:0db921c5-4e77-4b74-a2be-5d3fde49fae4; urn:openrag:openarchiver:attachment:6c87cff8-cd95-45da-beb5-fe2679aa3c6f; urn:openrag:openarchiver:email:6ca4c5b5-3440-4c50-8666-cecfa25916d5:8c30c516-c63e-4571-b30f-e8d23493f1ae,0,required_query_intersection,canonical query; metadata_recovery,canonical-q1:lexical@172; known-component-anchors:metadata_relation@22; known-component-anchors:metadata_relation@33; known-component-anchors:metadata_relation@46; known-component-anchors:metadata_relation@62; known-component-anchors:metadata_relation@63; known-component-anchors:metadata_relation@87
unreviewed,,,outside_baseline_candidate,component-803f917aa94ec411,thread:urn:openrag:openarchiver:thread:6ca4c5b5-3440-4c50-8666-cecfa25916d5:%3C1698CF32-1DF9-400E-B9D6-7A41DDC7E02D%40wisearch.fr%3E,3,urn:openrag:openarchiver:attachment:7a8ac9f5-ebad-410b-8a37-7c359225f66e; urn:openrag:openarchiver:email:6ca4c5b5-3440-4c50-8666-cecfa25916d5:00e0a09b-81d4-4094-88bc-d70130b44c93; urn:openrag:openarchiver:email:6ca4c5b5-3440-4c50-8666-cecfa25916d5:878a1162-11c4-449b-bc7a-f0c5b11ff3db,0,required_query_intersection,canonical query; metadata_recovery,canonical-q1:lexical@175; known-component-anchors:metadata_relation@163; known-component-anchors:metadata_relation@29; known-component-anchors:metadata_relation@64; known-component-anchors:metadata_relation@93
unreviewed,,,outside_baseline_candidate,component-890634b6f788b091,thread:urn:openrag:openarchiver:thread:6ca4c5b5-3440-4c50-8666-cecfa25916d5:%3CCE77C5A9-20CA-4BAB-A85E-0ECB90FED8A4%40wisearch.fr%3E,2,urn:openrag:openarchiver:attachment:4feb4aa1-39fc-4cd0-a53c-e0cdd7b81751; urn:openrag:openarchiver:email:6ca4c5b5-3440-4c50-8666-cecfa25916d5:2abd8caf-1320-4140-8493-3abf488a6ccd,0,required_query_intersection,canonical query; metadata_recovery,canonical-q1:lexical@177; known-component-anchors:metadata_relation@237; known-component-anchors:metadata_relation@65; known-component-anchors:metadata_relation@94
unreviewed,,,outside_baseline_candidate,component-21967138a5d4aeb3,thread:urn:openrag:openarchiver:thread:9e325a3e-b01f-40bf-8890-b400d4e3d7f4:%3C2030595173.1759475.1787616784646%40no2fyb26.noe.edf.fr%3E,2,urn:openrag:openarchiver:attachment:3abd983e-1d99-4784-9337-86f67c045986; urn:openrag:openarchiver:email:9e325a3e-b01f-40bf-8890-b400d4e3d7f4:7525d746-374d-42de-8ba1-5233972025e7,0,required_query_intersection,canonical query; metadata_recovery,canonical-q1:lexical@178; known-component-anchors:metadata_relation@137; known-component-anchors:metadata_relation@20
unreviewed,,,outside_baseline_candidate,component-c7b63483079e45fb,thread:urn:openrag:openarchiver:thread:6ca4c5b5-3440-4c50-8666-cecfa25916d5:%3C226977836.7991077.1627834368426%40bt8svu71.adb.dolmen.bouyguestelecom.fr%3E,1,urn:openrag:openarchiver:email:6ca4c5b5-3440-4c50-8666-cecfa25916d5:4a644abc-b533-45ca-b55f-9673370ee506,0,required_query_intersection,canonical query,canonical-q1:dense@181
unreviewed,,,outside_baseline_candidate,component-f52ae86c4a4372ff,thread:urn:openrag:openarchiver:thread:9e325a3e-b01f-40bf-8890-b400d4e3d7f4:%3C247995764.198062.1553531249282%40email.ionos.fr%3E,5,urn:openrag:openarchiver:email:9e325a3e-b01f-40bf-8890-b400d4e3d7f4:6e491edd-8979-494f-b0eb-b0f7d172e76a; urn:openrag:openarchiver:email:9e325a3e-b01f-40bf-8890-b400d4e3d7f4:6f8eab4f-cff3-4647-9c28-93338bd12a88; urn:openrag:openarchiver:email:9e325a3e-b01f-40bf-8890-b400d4e3d7f4:8dab5a53-c832-44bf-97f2-2b8b43fd6d1c; urn:openrag:openarchiver:email:9e325a3e-b01f-40bf-8890-b400d4e3d7f4:a533af3f-83db-4a56-a97f-bbfec20be677; urn:openrag:openarchiver:email:9e325a3e-b01f-40bf-8890-b400d4e3d7f4:e998c7c2-5655-4ae2-924b-f4c2054d3bde,0,required_query_intersection,canonical query; metadata_recovery,canonical-q1:lexical@183; known-component-anchors:metadata_relation@102; known-component-anchors:metadata_relation@105; known-component-anchors:metadata_relation@186; known-component-anchors:metadata_relation@2; known-component-anchors:metadata_relation@217; known-component-anchors:metadata_relation@219; known-component-anchors:metadata_relation@226; known-component-anchors:metadata_relation@230; known-component-anchors:metadata_relation@7; known-component-anchors:metadata_relation@78; known-component-anchors:metadata_relation@85
unreviewed,,,outside_baseline_candidate,component-1fabf4cc61205d07,thread:urn:openrag:openarchiver:thread:6ca4c5b5-3440-4c50-8666-cecfa25916d5:%3C9D75E67B-9CBE-4E37-8888-1C0BF2D69CB8%40wisearch.fr%3E,2,urn:openrag:openarchiver:attachment:73a811a4-4c26-41b8-bc62-ecf5a35cdbac; urn:openrag:openarchiver:email:6ca4c5b5-3440-4c50-8666-cecfa25916d5:d6dce748-eca0-4161-8fb6-2628bd6eca23,0,required_query_intersection,canonical query; metadata_recovery,canonical-q1:lexical@184; known-component-anchors:metadata_relation@145; known-component-anchors:metadata_relation@15; known-component-anchors:metadata_relation@186; known-component-anchors:metadata_relation@9
unreviewed,,,outside_baseline_candidate,component-bca2bede7b33ca76,thread:urn:openrag:openarchiver:thread:9e325a3e-b01f-40bf-8890-b400d4e3d7f4:%3Cc0a0db001a81e6b95e3a0ae3f28c6923%40www.agneau-de-sologne.fr%3E,3,urn:openrag:openarchiver:email:9e325a3e-b01f-40bf-8890-b400d4e3d7f4:3b0d91cb-57c3-429c-8276-eed039437d22; urn:openrag:openarchiver:email:9e325a3e-b01f-40bf-8890-b400d4e3d7f4:66ca9a57-b2e4-46fa-8538-9b79195bf40e; urn:openrag:openarchiver:email:9e325a3e-b01f-40bf-8890-b400d4e3d7f4:bac4c80e-949e-488e-a58b-40cdfd6b769a,0,required_query_intersection,canonical query; metadata_recovery,canonical-q1:lexical@185; canonical-q1:lexical@186; known-component-anchors:metadata_relation@109; known-component-anchors:metadata_relation@25; known-component-anchors:metadata_relation@254; known-component-anchors:metadata_relation@259; known-component-anchors:metadata_relation@62; known-component-anchors:metadata_relation@63
unreviewed,,,outside_baseline_candidate,component-39525210e616d460,thread:urn:openrag:openarchiver:thread:9e325a3e-b01f-40bf-8890-b400d4e3d7f4:%3CMRZP264MB188033CBABF37CB09842FC5FFC94A%40MRZP264MB1880.FRAP264.PROD.OUTLOOK.COM%3E,1,urn:openrag:openarchiver:email:9e325a3e-b01f-40bf-8890-b400d4e3d7f4:32f71423-c51d-4e21-9be4-afed6f0b03cb,0,required_query_intersection,canonical query; metadata_recovery,canonical-q1:lexical@191; known-component-anchors:metadata_relation@122; known-component-anchors:metadata_relation@138
unreviewed,,,outside_baseline_candidate,component-8c11befbdf12c26e,thread:urn:openrag:openarchiver:thread:9e325a3e-b01f-40bf-8890-b400d4e3d7f4:%3CCAECfGrEG5CV%3D42W_Ki0ssCf3iz3%2BEzbMoWNPnyyUJg7XA_5WCw%40mail.gmail.com%3E,1,urn:openrag:openarchiver:email:9e325a3e-b01f-40bf-8890-b400d4e3d7f4:584c7354-271a-4695-bbe7-caa90bf13def,0,required_query_intersection,canonical query; metadata_recovery,canonical-q1:lexical@192; known-component-anchors:metadata_relation@180; known-component-anchors:metadata_relation@228
unreviewed,,,outside_baseline_candidate,component-bd3f261c98365161,thread:urn:openrag:openarchiver:thread:6ca4c5b5-3440-4c50-8666-cecfa25916d5:%3C755620C1-858B-4090-A668-68E68CF2D5B5%40wisearch.fr%3E,3,urn:openrag:openarchiver:attachment:3419bc68-9af9-4359-89b3-e80bdd64a3e0; urn:openrag:openarchiver:email:6ca4c5b5-3440-4c50-8666-cecfa25916d5:1f7bdf18-11f1-4f81-9966-6ad4b58d005a; urn:openrag:openarchiver:email:6ca4c5b5-3440-4c50-8666-cecfa25916d5:6196b923-6b52-400b-9e4f-8d0844bb63ac,0,required_query_intersection,canonical query; metadata_recovery,canonical-q1:lexical@193; known-component-anchors:metadata_relation@110; known-component-anchors:metadata_relation@137; known-component-anchors:metadata_relation@6; known-component-anchors:metadata_relation@66; known-component-anchors:metadata_relation@9
unreviewed,,,outside_baseline_candidate,component-8727adb25a0723e9,thread:urn:openrag:openarchiver:thread:6ca4c5b5-3440-4c50-8666-cecfa25916d5:%3C7D980713-7C11-4B58-AC5D-FFA2220A828D%40wisearch.fr%3E,5,urn:openrag:openarchiver:attachment:03432b18-4f1f-4357-8111-ff3c1e49bc1d; urn:openrag:openarchiver:attachment:0684e9e3-06ce-412f-be04-27eff264283e; urn:openrag:openarchiver:attachment:2af63978-d84c-491a-96ed-9bd09ec2a829; urn:openrag:openarchiver:email:6ca4c5b5-3440-4c50-8666-cecfa25916d5:5fc43755-0384-49e9-ab0b-a9f7674c5f44; urn:openrag:openarchiver:email:6ca4c5b5-3440-4c50-8666-cecfa25916d5:eab2f4ab-6f1b-461c-abc7-6345c376f082,0,required_query_intersection,canonical query; metadata_recovery,canonical-q1:lexical@194; known-component-anchors:metadata_relation@104; known-component-anchors:metadata_relation@109; known-component-anchors:metadata_relation@147; known-component-anchors:metadata_relation@153; known-component-anchors:metadata_relation@39
unreviewed,,,outside_baseline_candidate,component-4b337e9cf45d47f1,thread:urn:openrag:openarchiver:thread:6ca4c5b5-3440-4c50-8666-cecfa25916d5:%3CA1412C85-0446-4CDC-AA5B-4246D16F2F67%40wisearch.fr%3E,8,urn:openrag:openarchiver:attachment:1031f63c-6afb-4f36-93b4-0e579f141455; urn:openrag:openarchiver:email:6ca4c5b5-3440-4c50-8666-cecfa25916d5:0a71dd9f-09a5-40b7-b28c-81c996bb9f97; urn:openrag:openarchiver:email:6ca4c5b5-3440-4c50-8666-cecfa25916d5:1ed78b8a-487c-427e-a6c0-037a8310b49b; urn:openrag:openarchiver:email:6ca4c5b5-3440-4c50-8666-cecfa25916d5:44aa8863-6691-4bc3-b8d5-890a3c728574; urn:openrag:openarchiver:email:6ca4c5b5-3440-4c50-8666-cecfa25916d5:9156bc03-dbee-479b-9c97-556a4c31075a; urn:openrag:openarchiver:email:6ca4c5b5-3440-4c50-8666-cecfa25916d5:c4a3b93b-ee89-4dc7-96c9-deaf1b62a968; urn:openrag:openarchiver:email:6ca4c5b5-3440-4c50-8666-cecfa25916d5:fa1c5131-f620-4511-880d-68033cfb1664; urn:openrag:openarchiver:email:6ca4c5b5-3440-4c50-8666-cecfa25916d5:fb542742-8e9f-41dd-b5a7-0ab8bdc34ef8,0,required_query_intersection,canonical query; metadata_recovery,canonical-q1:lexical@195; known-component-anchors:metadata_relation@11; known-component-anchors:metadata_relation@143; known-component-anchors:metadata_relation@156; known-component-anchors:metadata_relation@176; known-component-anchors:metadata_relation@187; known-component-anchors:metadata_relation@218; known-component-anchors:metadata_relation@223; known-component-anchors:metadata_relation@251; known-component-anchors:metadata_relation@8
unreviewed,,,outside_baseline_candidate,component-92e456ebb70959f4,thread:urn:openrag:openarchiver:thread:9e325a3e-b01f-40bf-8890-b400d4e3d7f4:%3Cd4cbd293-5430-7841-b13b-bbe5f3b97c62%40loir-et-cher.gouv.fr%3E,2,urn:openrag:openarchiver:email:9e325a3e-b01f-40bf-8890-b400d4e3d7f4:1823cfbc-10d8-4117-8305-6226d28b69c5; urn:openrag:openarchiver:email:9e325a3e-b01f-40bf-8890-b400d4e3d7f4:eb3d5668-2f0f-4883-9746-a88c34ef13db,0,required_query_intersection,canonical query; metadata_recovery,canonical-q1:lexical@196; known-component-anchors:metadata_relation@150; known-component-anchors:metadata_relation@168; known-component-anchors:metadata_relation@184; known-component-anchors:metadata_relation@224; known-component-anchors:metadata_relation@44; known-component-anchors:metadata_relation@54
unreviewed,,,outside_baseline_candidate,component-ea3c082ba2079a34,thread:urn:openrag:openarchiver:thread:6ca4c5b5-3440-4c50-8666-cecfa25916d5:%3C362353296.113691679124240653.JavaMail.ad72bas1%40op72bas104%3E,1,urn:openrag:openarchiver:email:6ca4c5b5-3440-4c50-8666-cecfa25916d5:7e1ce5b5-8920-4c63-bb35-8808f8afd45c,0,required_query_intersection,canonical query; metadata_recovery,canonical-q1:dense@196; known-component-anchors:metadata_relation@101
unreviewed,,,outside_baseline_candidate,component-99a59c7264b7289c,thread:urn:openrag:openarchiver:thread:6ca4c5b5-3440-4c50-8666-cecfa25916d5:%3C1876939090.8631.1404287342216.JavaMail.ihdwls1%40bt1shl9p%3E,2,urn:openrag:openarchiver:attachment:19364590-d1ce-436a-bec7-3a48262ed43b; urn:openrag:openarchiver:email:6ca4c5b5-3440-4c50-8666-cecfa25916d5:c70cc409-ad8c-4b28-8e61-ae10fb9cb614,0,required_query_intersection,canonical query; metadata_recovery,canonical-q1:dense@197; known-component-anchors:metadata_relation@158; known-component-anchors:metadata_relation@167
unreviewed,,,outside_baseline_candidate,component-d4f5a80cfb3da798,thread:urn:openrag:openarchiver:thread:9e325a3e-b01f-40bf-8890-b400d4e3d7f4:%3CCAFD2nZz01%2BFpdurW45BQZ7VsiKHMAKjjJ6qUZcWzC-ubQEt40Q%40mail.gmail.com%3E,1,urn:openrag:openarchiver:email:9e325a3e-b01f-40bf-8890-b400d4e3d7f4:16c70fdd-5e6b-48a9-895c-68c3c228c64f,0,required_query_intersection,canonical query; metadata_recovery,canonical-q1:lexical@197; known-component-anchors:metadata_relation@196
unreviewed,,,outside_baseline_candidate,component-c4a9f323bc2f18e9,thread:urn:openrag:openarchiver:thread:9e325a3e-b01f-40bf-8890-b400d4e3d7f4:%3CVI1PR10MB348740AD55023A2294464AA2DB299%40VI1PR10MB3487.EURPRD10.PROD.OUTLOOK.COM%3E,1,urn:openrag:openarchiver:email:9e325a3e-b01f-40bf-8890-b400d4e3d7f4:6ef4fa4b-5900-4a38-8f86-6c3cff383ef3,0,required_query_intersection,canonical query; metadata_recovery,canonical-q1:lexical@198; known-component-anchors:metadata_relation@19
unreviewed,,,outside_baseline_candidate,component-0e547c5be964fe49,thread:urn:openrag:openarchiver:thread:9e325a3e-b01f-40bf-8890-b400d4e3d7f4:%3CC7F5EC13-ADB5-4A8F-B873-F3DB721D2FB6%40ferme-de-pommerieux.fr%3E,18,urn:openrag:openarchiver:email:9e325a3e-b01f-40bf-8890-b400d4e3d7f4:3ade16fd-43ec-4aaa-be64-e0d0f2ac9ea7; urn:openrag:openarchiver:email:9e325a3e-b01f-40bf-8890-b400d4e3d7f4:40cce1fd-49e4-42f0-8b90-c197bde588ec; urn:openrag:openarchiver:email:9e325a3e-b01f-40bf-8890-b400d4e3d7f4:49739c5c-9628-4b6d-ad6b-6500f7791778; urn:openrag:openarchiver:email:9e325a3e-b01f-40bf-8890-b400d4e3d7f4:4d7013c4-758b-4d01-a5f4-8bbeafb0fc93; urn:openrag:openarchiver:email:9e325a3e-b01f-40bf-8890-b400d4e3d7f4:50c170e3-f591-4acd-888d-c3c2c4940d3d; urn:openrag:openarchiver:email:9e325a3e-b01f-40bf-8890-b400d4e3d7f4:603c002b-6922-4109-b78d-9e534bd60c48; urn:openrag:openarchiver:email:9e325a3e-b01f-40bf-8890-b400d4e3d7f4:736b2a8b-4a42-4211-84cc-602189943f61; urn:openrag:openarchiver:email:9e325a3e-b01f-40bf-8890-b400d4e3d7f4:7b9a99f9-f39b-4d26-8008-07ac59807d45; urn:openrag:openarchiver:email:9e325a3e-b01f-40bf-8890-b400d4e3d7f4:81c01d28-f12d-4b81-8b22-3827b9e11d26; urn:openrag:openarchiver:email:9e325a3e-b01f-40bf-8890-b400d4e3d7f4:81dc1138-eb68-421f-890a-f8e1c0cf1f15; urn:openrag:openarchiver:email:9e325a3e-b01f-40bf-8890-b400d4e3d7f4:86d118bb-9a39-427d-9873-371a913c31ec; urn:openrag:openarchiver:email:9e325a3e-b01f-40bf-8890-b400d4e3d7f4:870bbf4b-0001-47a4-96d1-1776630f6f1b; urn:openrag:openarchiver:email:9e325a3e-b01f-40bf-8890-b400d4e3d7f4:9edf19ce-1ea4-490e-b783-0f8ff665908c; urn:openrag:openarchiver:email:9e325a3e-b01f-40bf-8890-b400d4e3d7f4:a0d3d090-b722-456a-af7e-1c25ba9faf50; urn:openrag:openarchiver:email:9e325a3e-b01f-40bf-8890-b400d4e3d7f4:bec9ed94-c222-4cc7-a77f-a4fe8c46a044; urn:openrag:openarchiver:email:9e325a3e-b01f-40bf-8890-b400d4e3d7f4:bee86d77-4fde-4982-b363-da972efe208f; urn:openrag:openarchiver:email:9e325a3e-b01f-40bf-8890-b400d4e3d7f4:e1181a94-3cd9-4cd8-bf5b-0ce4e4af1080; urn:openrag:openarchiver:email:9e325a3e-b01f-40bf-8890-b400d4e3d7f4:e9565dc0-255f-4d36-bc3c-0a3bcad9f8fe,0,required_query_intersection,canonical query; metadata_recovery,canonical-q1:lexical@200; known-component-anchors:metadata_relation@109; known-component-anchors:metadata_relation@111; known-component-anchors:metadata_relation@116; known-component-anchors:metadata_relation@120; known-component-anchors:metadata_relation@125; known-component-anchors:metadata_relation@135; known-component-anchors:metadata_relation@136; known-component-anchors:metadata_relation@141; known-component-anchors:metadata_relation@148; known-component-anchors:metadata_relation@153; known-component-anchors:metadata_relation@159; known-component-anchors:metadata_relation@162; known-component-anchors:metadata_relation@18; known-component-anchors:metadata_relation@183; known-component-anchors:metadata_relation@184; known-component-anchors:metadata_relation@189; known-component-anchors:metadata_relation@192; known-component-anchors:metadata_relation@199; known-component-anchors:metadata_relation@228; known-component-anchors:metadata_relation@232; known-component-anchors:metadata_relation@236; known-component-anchors:metadata_relation@237; known-component-anchors:metadata_relation@241; known-component-anchors:metadata_relation@248; known-component-anchors:metadata_relation@256; known-component-anchors:metadata_relation@296; known-component-anchors:metadata_relation@311; known-component-anchors:metadata_relation@331; known-component-anchors:metadata_relation@40; known-component-anchors:metadata_relation@48; known-component-anchors:metadata_relation@62; known-component-anchors:metadata_relation@63; known-component-anchors:metadata_relation@72; known-component-anchors:metadata_relation@76; known-component-anchors:metadata_relation@80; known-component-anchors:metadata_relation@85; known-component-anchors:metadata_relation@90; known-component-anchors:metadata_relation@99
unreviewed,,,outside_baseline_candidate,component-b296f134662dfaf4,thread:urn:openrag:openarchiver:thread:6ca4c5b5-3440-4c50-8666-cecfa25916d5:%3Cfb971556-ac76-469e-9782-75c0df42a8a9%40xtgap4s7mta1583.xt.local%3E,1,urn:openrag:openarchiver:email:6ca4c5b5-3440-4c50-8666-cecfa25916d5:4dbf98c7-3601-49d9-8bf2-4777f696f24c,0,required_query_intersection,canonical query; metadata_recovery,canonical-q1:dense@200; known-component-anchors:metadata_relation@4
unreviewed,,,outside_baseline_candidate,component-cad5cb475c33c61f,thread:urn:openrag:openarchiver:thread:6ca4c5b5-3440-4c50-8666-cecfa25916d5:%3C%21%26%21AAAAAAAAAAAYAAAAAAAAACq8lo%2BevotLsWYc9vhbn8TCgAAAEAAAAJXEXnPuhZ1EiVQHsg5E2ZMBAAAAAA%3D%3D%40orange.fr%3E,3,urn:openrag:openarchiver:attachment:4a766ce2-c805-4b9d-a2c9-6a7066fd4f12; urn:openrag:openarchiver:attachment:7aa0b634-3ff8-4239-a8fc-cc3bf466f5bf; urn:openrag:openarchiver:email:6ca4c5b5-3440-4c50-8666-cecfa25916d5:7b0f59df-4b52-44db-a745-fb2e9418d1b5,0,independent_queries>=2,alternate query; control query; metadata_recovery,alternate-raccordement:dense@110; alternate-raccordement:dense@139; alternate-travaux:dense@5; alternate-travaux:rrf@18; deep-fibre-optique:dense@136; deep-fibre-optique:rrf@262; known-component-anchors:metadata_relation@135; known-component-anchors:metadata_relation@173; known-component-anchors:metadata_relation@56; known-component-anchors:metadata_relation@80; outside-control-telecom:dense@71
unreviewed,,,control_candidate,component-b803ef7786a71a5d,thread:urn:openrag:openarchiver:thread:9e325a3e-b01f-40bf-8890-b400d4e3d7f4:%3C004501d61d5f%2443de7780%24cb9b6680%24%40notaires.fr%3E,1,urn:openrag:openarchiver:attachment:35cc3ecd-8501-4b6a-9588-53ab1514fe23,0,independent_queries>=2,alternate query; control query; entity query; metadata_recovery,alternate-travaux:lexical@147; entity-orange-fibre:dense@121; known-component-anchors:metadata_relation@171; outside-control-raccordement:dense@51; outside-control-telecom:dense@15; outside-control-telecom:rrf@33
unreviewed,,,outside_baseline_candidate,component-a795c056044d70f8,thread:urn:openrag:openarchiver:thread:6ca4c5b5-3440-4c50-8666-cecfa25916d5:%3CPA4PR04MB75345493FD7CF4E1ACC50F838B50A%40PA4PR04MB7534.eurprd04.prod.outlook.com%3E,4,urn:openrag:openarchiver:attachment:4129ac1a-c883-4e48-bf4b-7fe0b7d02a24; urn:openrag:openarchiver:attachment:536437f3-fb4a-4515-b21a-b865ac035ea1; urn:openrag:openarchiver:attachment:6cdb8374-b8b4-44f5-a1d6-75f58a654f7c; urn:openrag:openarchiver:email:6ca4c5b5-3440-4c50-8666-cecfa25916d5:7d966388-6c44-4615-ad84-19f7d6c472db,0,independent_queries>=2,alternate query; control query; entity query; metadata_recovery,alternate-raccordement:lexical@95; deep-fibre-optique:lexical@245; entity-orange-fibre:lexical@187; known-component-anchors:metadata_relation@17; known-component-anchors:metadata_relation@21; known-component-anchors:metadata_relation@29; known-component-anchors:metadata_relation@31; known-component-anchors:metadata_relation@36; known-component-anchors:metadata_relation@59; known-component-anchors:metadata_relation@64; outside-control-telecom:dense@48
unreviewed,,,outside_baseline_candidate,component-e1432b98600c50c4,thread:urn:openrag:openarchiver:thread:9e325a3e-b01f-40bf-8890-b400d4e3d7f4:%3C13F67BBA-ABE4-4816-ABE5-057DD222A9E2%40ferme-de-pommerieux.fr%3E,3,urn:openrag:openarchiver:attachment:66dad0b3-f435-4e89-ba03-7f321ef7249f; urn:openrag:openarchiver:email:9e325a3e-b01f-40bf-8890-b400d4e3d7f4:9f2834c2-6dcc-40bd-94b8-b4885a46f7f2; urn:openrag:openarchiver:email:9e325a3e-b01f-40bf-8890-b400d4e3d7f4:a4e29200-678f-4fe3-b43f-678fbd956f28,0,independent_queries>=2,alternate query; control query; entity query; metadata_recovery,alternate-raccordement:lexical@90; deep-fibre-optique:lexical@236; entity-orange-fibre:lexical@191; known-component-anchors:metadata_relation@113; known-component-anchors:metadata_relation@173; known-component-anchors:metadata_relation@202; known-component-anchors:metadata_relation@43; known-component-anchors:metadata_relation@60; known-component-anchors:metadata_relation@79; outside-control-telecom:dense@64
unreviewed,,,outside_baseline_candidate,component-14b9aad383067b84,thread:urn:openrag:openarchiver:thread:9e325a3e-b01f-40bf-8890-b400d4e3d7f4:%3C748CC032-08D6-4761-AEF7-DA2B8EC28CF2%40ferme-de-pommerieux.fr%3E,3,urn:openrag:openarchiver:attachment:29d0c217-726a-49b1-886e-85b15c88f8e2; urn:openrag:openarchiver:email:9e325a3e-b01f-40bf-8890-b400d4e3d7f4:50c70dde-6beb-4201-be49-4ca1769f6c7b; urn:openrag:openarchiver:email:9e325a3e-b01f-40bf-8890-b400d4e3d7f4:667cd526-9b06-4b54-841f-96238efc344a,0,independent_queries>=2,alternate query; control query; entity query; metadata_recovery,alternate-raccordement:lexical@89; alternate-raccordement:rrf@150; deep-fibre-optique:lexical@235; entity-orange-fibre:lexical@190; known-component-anchors:metadata_relation@113; known-component-anchors:metadata_relation@153; known-component-anchors:metadata_relation@194; known-component-anchors:metadata_relation@195; known-component-anchors:metadata_relation@92; outside-control-telecom:dense@65
unreviewed,,,outside_baseline_candidate,component-666f8e3b20fac835,thread:urn:openrag:openarchiver:thread:9e325a3e-b01f-40bf-8890-b400d4e3d7f4:%3C7E815236-3227-48FE-95FE-B96B528E3291%40ferme-de-pommerieux.fr%3E,46,urn:openrag:openarchiver:attachment:03f3bac9-2e6f-4268-b8aa-a2b1d4342cf9; urn:openrag:openarchiver:attachment:06b031eb-e41f-4e6d-b7fe-9c8da921572e; urn:openrag:openarchiver:attachment:07fe9f09-35cd-48cf-ac44-65a25c93acef; urn:openrag:openarchiver:attachment:080d6e24-2ac4-4c01-a9f9-b2abec9d1fab; urn:openrag:openarchiver:attachment:08a07d8e-ac74-4b19-84be-e8db3adc7a1c; urn:openrag:openarchiver:attachment:0a980c69-b54b-4020-952a-343598eb4a58; urn:openrag:openarchiver:attachment:14abefb5-d68c-4105-b27b-a0a384bcd31f; urn:openrag:openarchiver:attachment:18a0820d-c858-4116-b136-5a5187bcb1e9; urn:openrag:openarchiver:attachment:25cef0da-c7cf-4aa2-afc1-f507050c5194; urn:openrag:openarchiver:attachment:25d495c6-63ab-444f-ba92-418ff10eef6b; urn:openrag:openarchiver:attachment:262c9f9c-2b5d-4e3c-b533-53d8a23ac898; urn:openrag:openarchiver:attachment:2ad310c8-f995-4c8f-942b-c12495d5d03c; urn:openrag:openarchiver:attachment:2ccb6916-cb7f-4a89-ba14-fe227eace12b; urn:openrag:openarchiver:attachment:2f01b5f7-8152-4237-a87d-c332176a40c1; urn:openrag:openarchiver:attachment:3474b3cc-0015-4469-aee5-89949717f460; urn:openrag:openarchiver:attachment:36e56801-5f88-4aef-ba3f-f3e22f14dfd8; urn:openrag:openarchiver:attachment:37609d5a-508d-4237-ae69-10492a4eba31; urn:openrag:openarchiver:attachment:38bd79b9-b749-4ab1-96b4-8783e903bc9d; urn:openrag:openarchiver:attachment:3cda83dd-0758-44c8-91ed-95ef56e8c2dd; urn:openrag:openarchiver:attachment:43205543-7738-4879-bc44-73ab516dd516; urn:openrag:openarchiver:attachment:4752f5ba-f1db-42f4-a8fe-fd24be6d490a; urn:openrag:openarchiver:attachment:47afd0d5-b61a-4c06-9a9e-8b27686a3a13; urn:openrag:openarchiver:attachment:47c4b615-ed33-4459-a2dc-da4d2ab81006; urn:openrag:openarchiver:attachment:48f4f16b-b17a-4a88-bf00-2d31ed447c90; urn:openrag:openarchiver:attachment:4942f97c-a02c-41cf-a254-51ddb70b2136; urn:openrag:openarchiver:attachment:4c112e76-4e39-4f19-ae4b-63a1f828e4bc; urn:openrag:openarchiver:attachment:4d2d8b14-87de-4657-bf42-bcd6bd531575; urn:openrag:openarchiver:attachment:520230b9-437d-498f-8c36-9699798431f4; urn:openrag:openarchiver:attachment:526bcd18-3114-47ac-b184-9a8156e450af; urn:openrag:openarchiver:attachment:5e673503-98ef-4274-abae-d134764e2a6e; urn:openrag:openarchiver:attachment:5ef550a9-cd3d-4b6b-a450-18b89321489c; urn:openrag:openarchiver:attachment:60dccf20-d78d-438d-a8c1-553fc29150f5; urn:openrag:openarchiver:attachment:66222fa3-7cd6-4ddb-9fd5-625772bca698; urn:openrag:openarchiver:attachment:6658a099-4356-4cca-a508-47e1f9836171; urn:openrag:openarchiver:attachment:68d08f2b-ea1d-4a3c-a69c-c5c7fed92c34; urn:openrag:openarchiver:attachment:6a05b08a-8731-4c6c-9284-5efc44708f66; urn:openrag:openarchiver:attachment:6a5cd73b-59b8-422f-b41b-443603b2cb76; urn:openrag:openarchiver:attachment:6b07b65a-feef-49b7-a34c-74126ccb8aa1; urn:openrag:openarchiver:attachment:702a44d7-6f6e-4ef9-808e-6ee747a6e506; urn:openrag:openarchiver:attachment:71955e78-56fd-4b2e-b59c-e945c773594c; urn:openrag:openarchiver:attachment:71d6644d-64a0-4411-b4cf-9af04940323e; urn:openrag:openarchiver:attachment:73f7dc10-cf52-4a83-96aa-81148f2eff24; urn:openrag:openarchiver:attachment:78019d5b-0429-4487-81f2-d5d31f284e59; urn:openrag:openarchiver:attachment:782097c4-c483-4848-9f59-94e2730487d1; urn:openrag:openarchiver:attachment:792b22b6-831e-4576-9aad-bcf560533a2c; urn:openrag:openarchiver:email:9e325a3e-b01f-40bf-8890-b400d4e3d7f4:2b13ec70-e709-424e-9874-2cd172b3cf64,0,independent_queries>=2,alternate query; entity query; metadata_recovery,alternate-raccordement:dense@104; alternate-raccordement:lexical@10; alternate-raccordement:lexical@3; alternate-raccordement:rrf@10; alternate-raccordement:rrf@21; deep-fibre-optique:dense@112; deep-fibre-optique:dense@216; deep-fibre-optique:dense@26; deep-fibre-optique:dense@39; deep-fibre-optique:lexical@1; deep-fibre-optique:lexical@2; deep-fibre-optique:rrf@222; deep-fibre-optique:rrf@3; deep-fibre-optique:rrf@5; entity-orange-fibre:lexical@20; entity-orange-fibre:lexical@79; entity-orange-fibre:rrf@147; entity-orange-fibre:rrf@63; known-component-anchors:metadata_relation@1; known-component-anchors:metadata_relation@100; known-component-anchors:metadata_relation@102; known-component-anchors:metadata_relation@103; known-component-anchors:metadata_relation@105; known-component-anchors:metadata_relation@109; known-component-anchors:metadata_relation@115; known-component-anchors:metadata_relation@116; known-component-anchors:metadata_relation@120; known-component-anchors:metadata_relation@13; known-component-anchors:metadata_relation@131; known-component-anchors:metadata_relation@134; known-component-anchors:metadata_relation@138; known-component-anchors:metadata_relation@140; known-component-anchors:metadata_relation@15; known-component-anchors:metadata_relation@159; known-component-anchors:metadata_relation@160; known-component-anchors:metadata_relation@161; known-component-anchors:metadata_relation@173; known-component-anchors:metadata_relation@186; known-component-anchors:metadata_relation@19; known-component-anchors:metadata_relation@198; known-component-anchors:metadata_relation@20; known-component-anchors:metadata_relation@217; known-component-anchors:metadata_relation@222; known-component-anchors:metadata_relation@224; known-component-anchors:metadata_relation@226; known-component-anchors:metadata_relation@235; known-component-anchors:metadata_relation@238; known-component-anchors:metadata_relation@241; known-component-anchors:metadata_relation@243; known-component-anchors:metadata_relation@245; known-component-anchors:metadata_relation@25; known-component-anchors:metadata_relation@254; known-component-anchors:metadata_relation@257; known-component-anchors:metadata_relation@265; known-component-anchors:metadata_relation@268; known-component-anchors:metadata_relation@269; known-component-anchors:metadata_relation@272; known-component-anchors:metadata_relation@277; known-component-anchors:metadata_relation@28; known-component-anchors:metadata_relation@282; known-component-anchors:metadata_relation@29; known-component-anchors:metadata_relation@3; known-component-anchors:metadata_relation@38; known-component-anchors:metadata_relation@41; known-component-anchors:metadata_relation@53; known-component-anchors:metadata_relation@54; known-component-anchors:metadata_relation@56; known-component-anchors:metadata_relation@58; known-component-anchors:metadata_relation@60; known-component-anchors:metadata_relation@62; known-component-anchors:metadata_relation@64; known-component-anchors:metadata_relation@65; known-component-anchors:metadata_relation@67; known-component-anchors:metadata_relation@70; known-component-anchors:metadata_relation@72; known-component-anchors:metadata_relation@81; known-component-anchors:metadata_relation@82; known-component-anchors:metadata_relation@84; known-component-anchors:metadata_relation@86; known-component-anchors:metadata_relation@88; known-component-anchors:metadata_relation@89; known-component-anchors:metadata_relation@9; known-component-anchors:metadata_relation@97
unreviewed,,,outside_baseline_candidate,component-0286285e575da151,thread:urn:openrag:openarchiver:thread:9e325a3e-b01f-40bf-8890-b400d4e3d7f4:%3CPR0P264MB18670399B9C82F1AF3F9A05CD179A%40PR0P264MB1867.FRAP264.PROD.OUTLOOK.COM%3E,2,urn:openrag:openarchiver:attachment:19660f41-e396-4cb4-bb98-49d04981174f; urn:openrag:openarchiver:email:9e325a3e-b01f-40bf-8890-b400d4e3d7f4:e4982f1e-024f-4e9d-8b8e-a45c7cd172e4,0,independent_queries>=2,alternate query; control query; metadata_recovery,deep-fibre-optique:dense@277; known-component-anchors:metadata_relation@183; known-component-anchors:metadata_relation@270; known-component-anchors:metadata_relation@42; known-component-anchors:metadata_relation@73; outside-control-raccordement:dense@56; outside-control-raccordement:lexical@61; outside-control-raccordement:rrf@69; outside-control-telecom:dense@2; outside-control-telecom:rrf@11
unreviewed,,,outside_baseline_candidate,component-555d3a4028840bae,thread:urn:openrag:openarchiver:thread:6ca4c5b5-3440-4c50-8666-cecfa25916d5:%3C%21%26%21AAAAAAAAAAAYAAAAAAAAAEkkBsyGO9ZOiRXGZ3x9yTvCgAAAEAAAAEfcwdCzyh9Ksdqi14zWNUoBAAAAAA%3D%3D%40ceccalis.com%3E,2,urn:openrag:openarchiver:attachment:1807fe49-96ed-45f8-90b9-407425186bee; urn:openrag:openarchiver:email:6ca4c5b5-3440-4c50-8666-cecfa25916d5:c1afc67c-5ebf-477c-a857-06933459b74b,0,independent_queries>=2,alternate query; metadata_recovery,alternate-raccordement:dense@73; alternate-raccordement:rrf@149; alternate-travaux:dense@2; alternate-travaux:rrf@9; deep-fibre-optique:dense@241; known-component-anchors:metadata_relation@116; known-component-anchors:metadata_relation@15
unreviewed,,,outside_baseline_candidate,component-57b8574c9eb849c4,thread:urn:openrag:openarchiver:thread:9e325a3e-b01f-40bf-8890-b400d4e3d7f4:%3C1090079966.9149504.1701094924252.JavaMail.open-xchange%40opme11oxa11nd1.pom.fr.intraorange%3E,1,urn:openrag:openarchiver:email:9e325a3e-b01f-40bf-8890-b400d4e3d7f4:24255143-7867-4c79-8ded-ab3c844a60f2,0,independent_queries>=2,alternate query; entity query; metadata_recovery,alternate-raccordement:lexical@57; alternate-raccordement:rrf@113; deep-fibre-optique:lexical@124; deep-fibre-optique:rrf@161; entity-orange-fibre:lexical@2; entity-orange-fibre:rrf@12; known-component-anchors:metadata_relation@150
unreviewed,,,control_candidate,component-ebc96343544e57ca,thread:urn:openrag:openarchiver:thread:6ca4c5b5-3440-4c50-8666-cecfa25916d5:%3C66366246-9704-4481-8725-1c1e7d162fea%40xtgap4s7mta1579.xt.local%3E,1,urn:openrag:openarchiver:email:6ca4c5b5-3440-4c50-8666-cecfa25916d5:e60c1f48-dd48-4462-9455-be28963e2f81,0,independent_queries>=2,alternate query; control query; metadata_recovery,deep-fibre-optique:dense@10; deep-fibre-optique:rrf@30; known-component-anchors:metadata_relation@50; outside-control-raccordement:dense@8; outside-control-raccordement:lexical@6; outside-control-raccordement:rrf@2; outside-control-telecom:dense@21; outside-control-telecom:rrf@45
unreviewed,,,outside_baseline_candidate,component-8b39a419b9875aa5,thread:urn:openrag:openarchiver:thread:9e325a3e-b01f-40bf-8890-b400d4e3d7f4:%3C377ecae8.AVkAAHAAoJYAAAAAAAAAALs4kB4AASVrtRIAAAAAAAouaQBoSZUx%40mailjet.com%3E,2,urn:openrag:openarchiver:attachment:2d0c4b58-8522-4052-8006-2522b3e70ae4; urn:openrag:openarchiver:email:9e325a3e-b01f-40bf-8890-b400d4e3d7f4:5957b49f-1c0d-4879-af66-1688e002b40d,0,independent_queries>=2,alternate query; control query; metadata_recovery,alternate-travaux:lexical@4; alternate-travaux:rrf@13; deep-fibre-optique:lexical@242; known-component-anchors:metadata_relation@1; known-component-anchors:metadata_relation@2; known-component-anchors:metadata_relation@52; known-component-anchors:metadata_relation@53; outside-control-telecom:lexical@52
unreviewed,,,outside_baseline_candidate,component-8d5797e9b4a3209d,thread:urn:openrag:openarchiver:thread:9e325a3e-b01f-40bf-8890-b400d4e3d7f4:%3C9CB764CF-EF20-42A3-B0CF-DBAD40CF3468%40ferme-de-pommerieux.fr%3E,3,urn:openrag:openarchiver:attachment:00aebf5b-e639-4a83-acff-063ad194e599; urn:openrag:openarchiver:attachment:5d3d106e-6373-4d3b-b0a2-e5168186f61f; urn:openrag:openarchiver:email:9e325a3e-b01f-40bf-8890-b400d4e3d7f4:3db2ea6b-6d82-435e-b8b0-c6d28e4f8d23,0,independent_queries>=2,control query; entity query; metadata_recovery,entity-orange-fibre:dense@57; entity-orange-fibre:rrf@129; known-component-anchors:metadata_relation@131; known-component-anchors:metadata_relation@171; known-component-anchors:metadata_relation@209; known-component-anchors:metadata_relation@223; known-component-anchors:metadata_relation@269; known-component-anchors:metadata_relation@349; outside-control-raccordement:rrf@70; outside-control-telecom:dense@6; outside-control-telecom:rrf@16
unreviewed,,,outside_baseline_candidate,component-968fd59365aef6dd,thread:urn:openrag:openarchiver:thread:9e325a3e-b01f-40bf-8890-b400d4e3d7f4:%3C65A0358D-C966-4BFE-8D6A-C687FD2702E3%40ferme-de-pommerieux.fr%3E,3,urn:openrag:openarchiver:attachment:5761d919-b072-49e0-b2f2-ea7169a1ecc9; urn:openrag:openarchiver:attachment:7045b73d-abef-409c-aaf1-413b54730fdb; urn:openrag:openarchiver:email:9e325a3e-b01f-40bf-8890-b400d4e3d7f4:f0bf73eb-eb17-4ff3-b067-0aad66a129ee,0,independent_queries>=2,alternate query; entity query; metadata_recovery,alternate-raccordement:lexical@64; alternate-raccordement:rrf@122; deep-fibre-optique:lexical@21; deep-fibre-optique:rrf@42; entity-orange-fibre:lexical@6; entity-orange-fibre:rrf@22; known-component-anchors:metadata_relation@1; known-component-anchors:metadata_relation@115; known-component-anchors:metadata_relation@134; known-component-anchors:metadata_relation@146; known-component-anchors:metadata_relation@182; known-component-anchors:metadata_relation@193; known-component-anchors:metadata_relation@2; known-component-anchors:metadata_relation@4; known-component-anchors:metadata_relation@91
unreviewed,,,outside_baseline_candidate,component-fe1ba499bdc02c0f,thread:urn:openrag:openarchiver:thread:6ca4c5b5-3440-4c50-8666-cecfa25916d5:%3CMR1P264MB2301F4070198D63D7236725B8F929%40MR1P264MB2301.FRAP264.PROD.OUTLOOK.COM%3E,2,urn:openrag:openarchiver:attachment:74b3203b-e2d5-41a0-a590-587904761666; urn:openrag:openarchiver:email:6ca4c5b5-3440-4c50-8666-cecfa25916d5:f0638937-ea54-47a1-8af4-79c30c37ffab,0,independent_queries>=2,alternate query; entity query; metadata_recovery,alternate-raccordement:lexical@41; alternate-raccordement:rrf@82; deep-fibre-optique:dense@121; deep-fibre-optique:lexical@6; deep-fibre-optique:rrf@19; entity-orange-fibre:lexical@130; known-component-anchors:metadata_relation@135; known-component-anchors:metadata_relation@154; known-component-anchors:metadata_relation@2
unreviewed,,,outside_baseline_candidate,component-9be67f0c1beab356,thread:urn:openrag:openarchiver:thread:9e325a3e-b01f-40bf-8890-b400d4e3d7f4:%3CB5F6DDC9-2C4A-49E5-9343-B02E02214116%40ferme-de-pommerieux.fr%3E,3,urn:openrag:openarchiver:email:9e325a3e-b01f-40bf-8890-b400d4e3d7f4:08c636c5-db30-4acb-afce-2e0b02b3aa0d; urn:openrag:openarchiver:email:9e325a3e-b01f-40bf-8890-b400d4e3d7f4:48165b76-7d70-4d5a-9832-322475cfb51b; urn:openrag:openarchiver:email:9e325a3e-b01f-40bf-8890-b400d4e3d7f4:a34a48ba-57a7-4880-b4ae-45076b734442,0,independent_queries>=2,alternate query; control query; metadata_recovery,alternate-raccordement:lexical@69; alternate-raccordement:rrf@77; deep-fibre-optique:dense@148; deep-fibre-optique:lexical@166; deep-fibre-optique:rrf@114; known-component-anchors:metadata_relation@129; known-component-anchors:metadata_relation@322; known-component-anchors:metadata_relation@89; outside-control-telecom:dense@72; outside-control-telecom:lexical@28; outside-control-telecom:rrf@7
unreviewed,,,control_candidate,component-33b8750c22ae9308,thread:urn:openrag:openarchiver:thread:6ca4c5b5-3440-4c50-8666-cecfa25916d5:%3C2342114f-fd50-4125-8e03-38bc55f7b665%40xtgap4s7mta1577.xt.local%3E,1,urn:openrag:openarchiver:email:6ca4c5b5-3440-4c50-8666-cecfa25916d5:9561d669-a556-49e7-8e64-9df9c19943ec,0,independent_queries>=2,alternate query; control query; metadata_recovery,deep-fibre-optique:dense@24; deep-fibre-optique:rrf@55; known-component-anchors:metadata_relation@146; outside-control-raccordement:dense@7; outside-control-raccordement:lexical@36; outside-control-raccordement:rrf@15; outside-control-telecom:dense@17; outside-control-telecom:rrf@36
unreviewed,,,outside_baseline_candidate,component-3737ca83bfdb5631,thread:urn:openrag:openarchiver:thread:9e325a3e-b01f-40bf-8890-b400d4e3d7f4:%3CMR0P264MB69243E2F48A226A6224912BF8584A%40MR0P264MB6924.FRAP264.PROD.OUTLOOK.COM%3E,2,urn:openrag:openarchiver:attachment:48d68809-9a82-4e88-a2e9-c1c3f409f0c6; urn:openrag:openarchiver:email:9e325a3e-b01f-40bf-8890-b400d4e3d7f4:b67c90ff-bb81-429c-9d26-9822fa9946da,0,independent_queries>=2,alternate query; entity query; metadata_recovery,alternate-raccordement:lexical@75; alternate-raccordement:rrf@136; deep-fibre-optique:lexical@24; deep-fibre-optique:rrf@44; entity-orange-fibre:lexical@8; entity-orange-fibre:rrf@28; known-component-anchors:metadata_relation@139; known-component-anchors:metadata_relation@3; known-component-anchors:metadata_relation@4
unreviewed,,,outside_baseline_candidate,component-3dd494026d5598dc,thread:urn:openrag:openarchiver:thread:6ca4c5b5-3440-4c50-8666-cecfa25916d5:%3CABEAB422-AA12-4E57-83BC-EB6E96CEE793%40wisearch.fr%3E,2,urn:openrag:openarchiver:attachment:1217ccba-b104-4068-8eaf-fbd82205b65a; urn:openrag:openarchiver:email:6ca4c5b5-3440-4c50-8666-cecfa25916d5:c8262a0f-c7d7-419a-903b-e482e51a1308,0,independent_queries>=2,alternate query; entity query; metadata_recovery,alternate-raccordement:lexical@11; alternate-raccordement:rrf@34; deep-fibre-optique:dense@123; deep-fibre-optique:lexical@8; deep-fibre-optique:rrf@17; entity-orange-fibre:lexical@61; entity-orange-fibre:rrf@91; known-component-anchors:metadata_relation@121; known-component-anchors:metadata_relation@162; known-component-anchors:metadata_relation@305
