case_id,candidate_id,component_id,document_id,occurrence_id,source_entity_id,title,human_label,qrel_grade,review_source_file,review_stage,review_sheet,review_row,topic_version,guideline_version,review_notes
orange-fibre-cross-domain-v1,candidate-01ee157930de3f7a,component-a5789887715fbae4,W71cBWqeJvUqloI4RYJAsEE8,urn:openrag:openarchiver:attachment:24626b2d-0ba5-454b-bca7-b442f893f616,urn:openrag:openarchiver:attachment:24626b2d-0ba5-454b-bca7-b442f893f616,Plaquette-services-2020.pdf,NOT_RELEVANT,0,orange-fibre-GT2-revue-a-faire.xlsx,document-review-stage-1,Contrôle négatif,51,orange-fibre-cross-domain-v1,orange-fibre-cross-domain-guideline-v1,
orange-fibre-cross-domain-v1,candidate-02591b139bd4e9ec,component-3f70110c8f320fb1,ZbKXfIzioK6BDK7tV2hw7KpQ,urn:openrag:openarchiver:attachment:21430b58-18cf-4e22-b960-d2d51785aa26,urn:openrag:openarchiver:attachment:21430b58-18cf-4e22-b960-d2d51785aa26,2024-03-CharteNutriscore-FR.pdf,NOT_RELEVANT,0,orange-fibre-GT2-revue-a-faire.xlsx,document-review-stage-1,Contrôle négatif,44,orange-fibre-cross-domain-v1,orange-fibre-cross-domain-guideline-v1,
orange-fibre-cross-domain-v1,candidate-04ab942740fd9890,component-fe87c27fe64ba8d7,i4Je_Vg1Dtwvf6kEuu2heDtB,urn:openrag:openarchiver:email:6ca4c5b5-3440-4c50-8666-cecfa25916d5:da066a69-f964-4fb0-8467-724eb773aa90,urn:openrag:openarchiver:email:6ca4c5b5-3440-4c50-8666-cecfa25916d5:da066a69-f964-4fb0-8467-724eb773aa90,Et si vous passiez chez Sosh pour votre abonnement internet ?,CORE,2,orange-fibre-GT2-revue-a-faire.xlsx,document-review-stage-1,Revue prioritaire,66,orange-fibre-cross-domain-v1,orange-fibre-cross-domain-guideline-v1,
orange-fibre-cross-domain-v1,candidate-04f7067475155ff0,component-ba661a3f14e857db,7bALVPDLraISmbCejh_CID3O,urn:openrag:openarchiver:email:9e325a3e-b01f-40bf-8890-b400d4e3d7f4:63bed4ff-6378-4770-a39d-f28341a4d710,urn:openrag:openarchiver:email:9e325a3e-b01f-40bf-8890-b400d4e3d7f4:63bed4ff-6378-4770-a39d-f28341a4d710,"Re: AG du syndicat ""Agneau de Sologne""",NOT_RELEVANT,0,orange-fibre-GT2-revue-a-faire.xlsx,document-review-stage-1,Contrôle négatif,9,orange-fibre-cross-domain-v1,orange-fibre-cross-domain-guideline-v1,
orange-fibre-cross-domain-v1,candidate-05ca9c7ce94beaf0,component-666f8e3b20fac835,tBcBBUah5x4sYnlZfPJKcXCe,urn:openrag:openarchiver:attachment:66222fa3-7cd6-4ddb-9fd5-625772bca698,urn:openrag:openarchiver:attachment:66222fa3-7cd6-4ddb-9fd5-625772bca698,20250713_Tax Invoice_402-7509149-8560327.pdf,NOT_RELEVANT,0,orange-fibre-GT2-revue-a-faire.xlsx,document-review-stage-1,Revue prioritaire,148,orange-fibre-cross-domain-v1,orange-fibre-cross-domain-guideline-v1,
orange-fibre-cross-domain-v1,candidate-06a44f3f336c2c52,component-173f0e2e7fb253d9,eHeqUx5cvdufCsY3PHJdea7K,urn:openrag:openarchiver:email:9e325a3e-b01f-40bf-8890-b400d4e3d7f4:bd1620f6-fbf1-4a7a-b61b-af726fbb5788,urn:openrag:openarchiver:email:9e325a3e-b01f-40bf-8890-b400d4e3d7f4:bd1620f6-fbf1-4a7a-b61b-af726fbb5788,Votre demande d'offre fibre professionnel - EARL FERME DE POMMERIEUX,CONTEXTUAL,1,orange-fibre-GT2-revue-a-faire.xlsx,document-review-stage-1,Revue prioritaire,79,orange-fibre-cross-domain-v1,orange-fibre-cross-domain-guideline-v1,
orange-fibre-cross-domain-v1,candidate-076e4d5bd83e9752,component-58dd0fe829d2005e,QaNjdPAwpO3UMQZF_4wWtKtS,urn:openrag:openarchiver:email:9e325a3e-b01f-40bf-8890-b400d4e3d7f4:b3fa72b5-5999-40e0-8aa0-68528caea5c9,urn:openrag:openarchiver:email:9e325a3e-b01f-40bf-8890-b400d4e3d7f4:b3fa72b5-5999-40e0-8aa0-68528caea5c9,Re:,NOT_RELEVANT,0,orange-fibre-GT2-derniere-revue-ciblee.xlsx,document-review-stage-2,Contrôle négatif,41,orange-fibre-cross-domain-v1,orange-fibre-cross-domain-guideline-v1,
orange-fibre-cross-domain-v1,candidate-0935403a6e5df7c7,component-c4945f0532927cf4,93isKmmDlaw3Sjqk-e4FIf9F,urn:openrag:openarchiver:email:6ca4c5b5-3440-4c50-8666-cecfa25916d5:5aab4cfe-98f4-439a-94c3-229199ff9fc6,urn:openrag:openarchiver:email:6ca4c5b5-3440-4c50-8666-cecfa25916d5:5aab4cfe-98f4-439a-94c3-229199ff9fc6,Votre derni?re facture Bouygues Telecom est disponible,NOT_RELEVANT,0,orange-fibre-GT2-revue-a-faire.xlsx,document-review-stage-1,Revue prioritaire,175,orange-fibre-cross-domain-v1,orange-fibre-cross-domain-guideline-v1,
orange-fibre-cross-domain-v1,candidate-0940c3a8d190c621,component-9656ee324091ae36,8melJujQoSokzufN_BRQLkVj,urn:openrag:openarchiver:email:9e325a3e-b01f-40bf-8890-b400d4e3d7f4:b168c0a0-2822-4831-8dc1-caafafc877c3,urn:openrag:openarchiver:email:9e325a3e-b01f-40bf-8890-b400d4e3d7f4:b168c0a0-2822-4831-8dc1-caafafc877c3,📆 L'automne : LA saison des canards  🦆,NOT_RELEVANT,0,orange-fibre-GT2-derniere-revue-ciblee.xlsx,document-review-stage-2,Contrôle négatif,40,orange-fibre-cross-domain-v1,orange-fibre-cross-domain-guideline-v1,
orange-fibre-cross-domain-v1,candidate-097f0df128f6be00,component-d1edbc8f9531a7c7,PL0LgwTlPeWVKG0XlzAXbvH8,urn:openrag:openarchiver:email:9e325a3e-b01f-40bf-8890-b400d4e3d7f4:798f59e5-f997-4bdc-90e2-599517be6f4c,urn:openrag:openarchiver:email:9e325a3e-b01f-40bf-8890-b400d4e3d7f4:798f59e5-f997-4bdc-90e2-599517be6f4c,Suite échange GIEE émergent photovoltaïque au sol  et Indre Nature,NOT_RELEVANT,0,orange-fibre-GT2-revue-a-faire.xlsx,document-review-stage-1,Contrôle négatif,36,orange-fibre-cross-domain-v1,orange-fibre-cross-domain-guideline-v1,
orange-fibre-cross-domain-v1,candidate-0b1c7923d88f53d8,component-2ee43b915ec7376f,zzNDXF6D2biN8UckhXvJUkiU,urn:openrag:openarchiver:email:6ca4c5b5-3440-4c50-8666-cecfa25916d5:58bb328f-91e6-43dc-a575-494604bbb1b4,urn:openrag:openarchiver:email:6ca4c5b5-3440-4c50-8666-cecfa25916d5:58bb328f-91e6-43dc-a575-494604bbb1b4,Suivez votre demande en ligne,CONTEXTUAL,1,orange-fibre-GT2-revue-a-faire.xlsx,document-review-stage-1,Revue prioritaire,11,orange-fibre-cross-domain-v1,orange-fibre-cross-domain-guideline-v1,
orange-fibre-cross-domain-v1,candidate-0b1fc7a6fced0a41,component-2cdbd1a78adab052,-SI0CZZxxJ_mu1jw5ED_-uS6,urn:openrag:openarchiver:attachment:3ace1ba8-1223-4da3-8e15-81a7d573a33c,urn:openrag:openarchiver:attachment:3ace1ba8-1223-4da3-8e15-81a7d573a33c,Facture_Free_202605_34171985_1470716691.pdf,NOT_RELEVANT,0,orange-fibre-GT2-revue-a-faire.xlsx,document-review-stage-1,Revue prioritaire,130,orange-fibre-cross-domain-v1,orange-fibre-cross-domain-guideline-v1,
orange-fibre-cross-domain-v1,candidate-0ebddadc27b6f912,component-3dd494026d5598dc,UcsAdALgeunudXRO2Xvrj4Ao,urn:openrag:openarchiver:attachment:1217ccba-b104-4068-8eaf-fbd82205b65a,urn:openrag:openarchiver:attachment:1217ccba-b104-4068-8eaf-fbd82205b65a,export etat documentation.xlsx,NOT_RELEVANT,0,orange-fibre-GT2-revue-a-faire.xlsx,document-review-stage-1,Revue prioritaire,138,orange-fibre-cross-domain-v1,orange-fibre-cross-domain-guideline-v1,
orange-fibre-cross-domain-v1,candidate-104995609aa18e85,component-b6d63a6db4c6ea5b,YtuV4vNfzIUocruoXTCnx1hh,urn:openrag:openarchiver:email:6ca4c5b5-3440-4c50-8666-cecfa25916d5:a1b0ac03-e51c-449d-b9ef-f8ed92adae56,urn:openrag:openarchiver:email:6ca4c5b5-3440-4c50-8666-cecfa25916d5:a1b0ac03-e51c-449d-b9ef-f8ed92adae56,Votre facture est arrivée,CONTEXTUAL,1,orange-fibre-GT2-revue-a-faire.xlsx,document-review-stage-1,Revue prioritaire,53,orange-fibre-cross-domain-v1,orange-fibre-cross-domain-guideline-v1,
orange-fibre-cross-domain-v1,candidate-10e04e83d1114b63,component-e07e60b365fbd87c,w9LdEBOaVEOvHR1-nsj1CsT8,urn:openrag:openarchiver:email:9e325a3e-b01f-40bf-8890-b400d4e3d7f4:3ba71052-4a32-433b-8848-a37586ee6e73,urn:openrag:openarchiver:email:9e325a3e-b01f-40bf-8890-b400d4e3d7f4:3ba71052-4a32-433b-8848-a37586ee6e73,"Eloi Primaux, - Profitez d'une connexion internet en haut débit avec la Fibre Bouygues Telecom !",NOT_RELEVANT,0,orange-fibre-GT2-revue-a-faire.xlsx,document-review-stage-1,Revue prioritaire,185,orange-fibre-cross-domain-v1,orange-fibre-cross-domain-guideline-v1,
orange-fibre-cross-domain-v1,candidate-11c084327efe9a8e,component-942b7d574d97b130,6u9Uu5eFO0RppLBZX2RexA6L,urn:openrag:openarchiver:attachment:43fc38ef-d947-4569-828f-d48b119ac2bb,urn:openrag:openarchiver:attachment:43fc38ef-d947-4569-828f-d48b119ac2bb,251114-facture_9073083280_2025-11-04.pdf,NOT_RELEVANT,0,orange-fibre-GT2-derniere-revue-ciblee.xlsx,document-review-stage-2,Revue prioritaire,22,orange-fibre-cross-domain-v1,orange-fibre-cross-domain-guideline-v1,
orange-fibre-cross-domain-v1,candidate-12980db9649bc91f,component-08c3c86d0aadfb1d,buJXYG3Rubp8b3saczen0G0W,urn:openrag:openarchiver:attachment:14c52838-c53f-4329-b6f3-b500852321d5,urn:openrag:openarchiver:attachment:14c52838-c53f-4329-b6f3-b500852321d5,Facture_Free_202505_34171985_1380736307.pdf,NOT_RELEVANT,0,orange-fibre-GT2-derniere-revue-ciblee.xlsx,document-review-stage-2,Revue prioritaire,18,orange-fibre-cross-domain-v1,orange-fibre-cross-domain-guideline-v1,
orange-fibre-cross-domain-v1,candidate-15abc8c6f7f1a043,component-ef24a43c9ea901d8,riyTDYSXwWP8buMFhovZ7HzO,urn:openrag:openarchiver:email:6ca4c5b5-3440-4c50-8666-cecfa25916d5:47d56552-0188-43f5-ad1f-035d4b8d5431,urn:openrag:openarchiver:email:6ca4c5b5-3440-4c50-8666-cecfa25916d5:47d56552-0188-43f5-ad1f-035d4b8d5431,Votre derni?re facture Bouygues Telecom est disponible,NOT_RELEVANT,0,orange-fibre-GT2-revue-a-faire.xlsx,document-review-stage-1,Revue prioritaire,193,orange-fibre-cross-domain-v1,orange-fibre-cross-domain-guideline-v1,
orange-fibre-cross-domain-v1,candidate-15c5e1990f1de28e,component-99a59c7264b7289c,vijVvjt-s15X2SnYkpxjsmQ-,urn:openrag:openarchiver:attachment:19364590-d1ce-436a-bec7-3a48262ed43b,urn:openrag:openarchiver:attachment:19364590-d1ce-436a-bec7-3a48262ed43b,message.html,NOT_RELEVANT,0,orange-fibre-GT2-revue-a-faire.xlsx,document-review-stage-1,Revue prioritaire,158,orange-fibre-cross-domain-v1,orange-fibre-cross-domain-guideline-v1,
orange-fibre-cross-domain-v1,candidate-16d4efa4f383ea12,component-666f8e3b20fac835,q41PSwMcmX5fRWq69kYNZkl0,urn:openrag:openarchiver:attachment:78019d5b-0429-4487-81f2-d5d31f284e59,urn:openrag:openarchiver:attachment:78019d5b-0429-4487-81f2-d5d31f284e59,20250113_Tax Invoice_404-9060307-7080342.pdf,NOT_RELEVANT,0,orange-fibre-GT2-revue-a-faire.xlsx,document-review-stage-1,Revue prioritaire,146,orange-fibre-cross-domain-v1,orange-fibre-cross-domain-guideline-v1,
orange-fibre-cross-domain-v1,candidate-189bfafac933105c,component-2bdd2e846ea1362b,AMMUb-rRWTEpzTEXaMpdQxZ7,urn:openrag:openarchiver:attachment:083a4ce0-159f-4bda-a2eb-11941043699f,urn:openrag:openarchiver:attachment:083a4ce0-159f-4bda-a2eb-11941043699f,Projet Poches gutturales CB 17012022.docx,NOT_RELEVANT,0,orange-fibre-GT2-derniere-revue-ciblee.xlsx,document-review-stage-2,Contrôle négatif,30,orange-fibre-cross-domain-v1,orange-fibre-cross-domain-guideline-v1,
orange-fibre-cross-domain-v1,candidate-1909f72e842184a8,component-83ff3fa21792ae68,gURtuxIHMkvwwHFx4U4_BP41,urn:openrag:openarchiver:attachment:1beef0e1-6d76-4224-994d-1f9ddcc2a1fa,urn:openrag:openarchiver:attachment:1beef0e1-6d76-4224-994d-1f9ddcc2a1fa,facture_9073083280_2025-03-04.pdf,NOT_RELEVANT,0,orange-fibre-GT2-derniere-revue-ciblee.xlsx,document-review-stage-2,Revue prioritaire,8,orange-fibre-cross-domain-v1,orange-fibre-cross-domain-guideline-v1,
orange-fibre-cross-domain-v1,candidate-190ac51361b04873,component-e1f103ce76fab65f,xsCC902ueZ4hhBtUvCsZ12qE,urn:openrag:openarchiver:email:6ca4c5b5-3440-4c50-8666-cecfa25916d5:af41d442-efd6-4f17-9bc9-c8d18269ae8e,urn:openrag:openarchiver:email:6ca4c5b5-3440-4c50-8666-cecfa25916d5:af41d442-efd6-4f17-9bc9-c8d18269ae8e,RE: SIG - WISEARCH,CORE,2,orange-fibre-GT2-revue-a-faire.xlsx,document-review-stage-1,Revue prioritaire,113,orange-fibre-cross-domain-v1,orange-fibre-cross-domain-guideline-v1,
orange-fibre-cross-domain-v1,candidate-19a8f456c80118a9,component-77eb513bad0fd5e5,sTiUR4bLgh_LYAHnGL9oadCm,urn:openrag:openarchiver:email:9e325a3e-b01f-40bf-8890-b400d4e3d7f4:6af5fd05-6e46-426a-bb56-3174d113e27a,urn:openrag:openarchiver:email:9e325a3e-b01f-40bf-8890-b400d4e3d7f4:6af5fd05-6e46-426a-bb56-3174d113e27a,mail--6af5fd056e46.eml,CORE,2,orange-fibre-GT2-revue-a-faire.xlsx,document-review-stage-1,Revue prioritaire,36,orange-fibre-cross-domain-v1,orange-fibre-cross-domain-guideline-v1,
orange-fibre-cross-domain-v1,candidate-19cb0dd792265795,component-389f378a55665929,R1t9EpMzso2cvf2wwErM00v_,urn:openrag:openarchiver:email:6ca4c5b5-3440-4c50-8666-cecfa25916d5:1cf1b232-b1fa-4798-bc98-b3e09c780a6d,urn:openrag:openarchiver:email:6ca4c5b5-3440-4c50-8666-cecfa25916d5:1cf1b232-b1fa-4798-bc98-b3e09c780a6d,Envoi duplicata de facture par mail,NOT_RELEVANT,0,orange-fibre-GT2-revue-a-faire.xlsx,document-review-stage-1,Revue prioritaire,135,orange-fibre-cross-domain-v1,orange-fibre-cross-domain-guideline-v1,
orange-fibre-cross-domain-v1,candidate-1a7268bc81f5fe13,component-5b572ce9c264435e,y0_xi5MiEjSyUT78bJ_fYSM6,urn:openrag:openarchiver:email:9e325a3e-b01f-40bf-8890-b400d4e3d7f4:52403edf-153b-4fa3-9bb6-46ca44bab3cf,urn:openrag:openarchiver:email:9e325a3e-b01f-40bf-8890-b400d4e3d7f4:52403edf-153b-4fa3-9bb6-46ca44bab3cf,RE: NOFU - mémoire en réponse enquête publique,NOT_RELEVANT,0,orange-fibre-GT2-derniere-revue-ciblee.xlsx,document-review-stage-2,Contrôle négatif,49,orange-fibre-cross-domain-v1,orange-fibre-cross-domain-guideline-v1,
orange-fibre-cross-domain-v1,candidate-1af731e81df5abc4,component-1fa8ed35a78138ef,XMV4IIdfLiVMX1glSJNJTjOM,urn:openrag:openarchiver:email:9e325a3e-b01f-40bf-8890-b400d4e3d7f4:bff14f46-7cd8-46b1-b5c0-83a874f368f7,urn:openrag:openarchiver:email:9e325a3e-b01f-40bf-8890-b400d4e3d7f4:bff14f46-7cd8-46b1-b5c0-83a874f368f7,Re: KM-300 flail rotor and v-belts mounting,NOT_RELEVANT,0,orange-fibre-GT2-derniere-revue-ciblee.xlsx,document-review-stage-2,Contrôle négatif,23,orange-fibre-cross-domain-v1,orange-fibre-cross-domain-guideline-v1,
orange-fibre-cross-domain-v1,candidate-1b36c378747fef63,component-560765fa22ac634c,4uc-EVxv3LvMw-sj3jdnfnqt,urn:openrag:openarchiver:email:6ca4c5b5-3440-4c50-8666-cecfa25916d5:b1c26da9-cfe8-4ccd-8cf4-7f710c4f9564,urn:openrag:openarchiver:email:6ca4c5b5-3440-4c50-8666-cecfa25916d5:b1c26da9-cfe8-4ccd-8cf4-7f710c4f9564,Donnez votre avis sur l'assistance Sosh,NOT_RELEVANT,0,orange-fibre-GT2-derniere-revue-ciblee.xlsx,document-review-stage-2,Revue prioritaire,24,orange-fibre-cross-domain-v1,orange-fibre-cross-domain-guideline-v1,
orange-fibre-cross-domain-v1,candidate-1ba14d0786782bea,component-c96620399994b7c1,dozt5DGtvFEMOpnEwy1fqjOz,urn:openrag:openarchiver:email:6ca4c5b5-3440-4c50-8666-cecfa25916d5:43572216-b253-48f8-968d-a011c3acbb78,urn:openrag:openarchiver:email:6ca4c5b5-3440-4c50-8666-cecfa25916d5:43572216-b253-48f8-968d-a011c3acbb78,Confirmation de votre commande.,NOT_RELEVANT,0,orange-fibre-GT2-revue-a-faire.xlsx,document-review-stage-1,Revue prioritaire,178,orange-fibre-cross-domain-v1,orange-fibre-cross-domain-guideline-v1,
orange-fibre-cross-domain-v1,candidate-1e61abe39e9301b0,component-9be67f0c1beab356,GFaZQM5lOFiNTQc1JvO7IGdf,urn:openrag:openarchiver:email:9e325a3e-b01f-40bf-8890-b400d4e3d7f4:08c636c5-db30-4acb-afce-2e0b02b3aa0d,urn:openrag:openarchiver:email:9e325a3e-b01f-40bf-8890-b400d4e3d7f4:08c636c5-db30-4acb-afce-2e0b02b3aa0d,RE: Proposition de partenariat pour hébergement de nœud télécom à Nouan-le-Fuzelier,CONTEXTUAL,1,orange-fibre-GT2-revue-a-faire.xlsx,document-review-stage-1,Revue prioritaire,96,orange-fibre-cross-domain-v1,orange-fibre-cross-domain-guideline-v1,
orange-fibre-cross-domain-v1,candidate-1f8d6e7eb24be24d,component-858b4d09b94d2913,1XKJD0nI-vYHT3eW8k7e97CP,urn:openrag:openarchiver:email:6ca4c5b5-3440-4c50-8666-cecfa25916d5:f1dec6ee-d5c8-4214-8903-69941695c086,urn:openrag:openarchiver:email:6ca4c5b5-3440-4c50-8666-cecfa25916d5:f1dec6ee-d5c8-4214-8903-69941695c086,Votre facture est arrivée,CONTEXTUAL,1,orange-fibre-GT2-revue-a-faire.xlsx,document-review-stage-1,Revue prioritaire,41,orange-fibre-cross-domain-v1,orange-fibre-cross-domain-guideline-v1,
orange-fibre-cross-domain-v1,candidate-214c100151c818c6,component-0b24eb803f4d5a3d,5jnFmB4xSTPqO2LdvwrCj_DP,urn:openrag:openarchiver:email:6ca4c5b5-3440-4c50-8666-cecfa25916d5:e1b517bb-541f-498b-92cf-d5c024daf929,urn:openrag:openarchiver:email:6ca4c5b5-3440-4c50-8666-cecfa25916d5:e1b517bb-541f-498b-92cf-d5c024daf929,Bienvenue chez Sosh,NOT_RELEVANT,0,orange-fibre-GT2-derniere-revue-ciblee.xlsx,document-review-stage-2,Revue prioritaire,16,orange-fibre-cross-domain-v1,orange-fibre-cross-domain-guideline-v1,
orange-fibre-cross-domain-v1,candidate-218ce7276a57bed2,component-0b2a36fcee030cc6,wgqjisfeTiAAGJHgb3fH6EsN,urn:openrag:openarchiver:email:6ca4c5b5-3440-4c50-8666-cecfa25916d5:3cfeac08-2388-4532-b991-66dab472e25e,urn:openrag:openarchiver:email:6ca4c5b5-3440-4c50-8666-cecfa25916d5:3cfeac08-2388-4532-b991-66dab472e25e,"Confirmation pour votre voyage ORLEANS - POITIERS, aller le 24 déc.",NOT_RELEVANT,0,orange-fibre-GT2-revue-a-faire.xlsx,document-review-stage-1,Contrôle négatif,5,orange-fibre-cross-domain-v1,orange-fibre-cross-domain-guideline-v1,
orange-fibre-cross-domain-v1,candidate-233f5b2252ba699b,component-f5176ec032fe0624,U2yx6HYOSwZcjEr2GEaSFt5A,urn:openrag:openarchiver:email:9e325a3e-b01f-40bf-8890-b400d4e3d7f4:9c67ab25-979b-43f8-affc-6f335f390f6e,urn:openrag:openarchiver:email:9e325a3e-b01f-40bf-8890-b400d4e3d7f4:9c67ab25-979b-43f8-affc-6f335f390f6e,Cotations céréales barbary au 29/07/19 à 20 h  + offre d'outils de conservation du grain,NOT_RELEVANT,0,orange-fibre-GT2-derniere-revue-ciblee.xlsx,document-review-stage-2,Contrôle négatif,28,orange-fibre-cross-domain-v1,orange-fibre-cross-domain-guideline-v1,
orange-fibre-cross-domain-v1,candidate-2381a0bdf86496df,component-efbb7415d915fd0a,T0A67hKvdOe6mAQOHfihuP_G,urn:openrag:openarchiver:attachment:55625ed9-3dc6-4dc4-9b0b-c10c482ff420,urn:openrag:openarchiver:attachment:55625ed9-3dc6-4dc4-9b0b-c10c482ff420,Projet Lameness Locator.pdf,NOT_RELEVANT,0,orange-fibre-GT2-revue-a-faire.xlsx,document-review-stage-1,Contrôle négatif,43,orange-fibre-cross-domain-v1,orange-fibre-cross-domain-guideline-v1,
orange-fibre-cross-domain-v1,candidate-2387a0a6a67fea0a,component-ef66a0b06b4ca063,X9f5mQw1-5oP595wdwyIS1jn,urn:openrag:openarchiver:email:9e325a3e-b01f-40bf-8890-b400d4e3d7f4:0274eb62-83e1-45ea-b9bd-1cea950a6cc8,urn:openrag:openarchiver:email:9e325a3e-b01f-40bf-8890-b400d4e3d7f4:0274eb62-83e1-45ea-b9bd-1cea950a6cc8,Votre résiliation en cours,CORE,2,orange-fibre-GT2-derniere-revue-ciblee.xlsx,document-review-stage-2,Revue prioritaire,21,orange-fibre-cross-domain-v1,orange-fibre-cross-domain-guideline-v1,
orange-fibre-cross-domain-v1,candidate-2477f8482a1021f9,component-08ebb40763b54c0d,RR3UKsqWvrH0hzMGcPtBZfjP,urn:openrag:openarchiver:email:6ca4c5b5-3440-4c50-8666-cecfa25916d5:1531a40d-f2d3-4977-b88d-8a162b43ba0c,urn:openrag:openarchiver:email:6ca4c5b5-3440-4c50-8666-cecfa25916d5:1531a40d-f2d3-4977-b88d-8a162b43ba0c,Aide financière de l'Etat - dispositif Cohésion Numérique des Territoires*,NOT_RELEVANT,0,orange-fibre-GT2-revue-a-faire.xlsx,document-review-stage-1,Revue prioritaire,125,orange-fibre-cross-domain-v1,orange-fibre-cross-domain-guideline-v1,
orange-fibre-cross-domain-v1,candidate-24c0d2c44ec652a3,component-5690d68890cdd9df,r7gHjDTccf7xcB7VnqQWGX2D,urn:openrag:openarchiver:attachment:028d52cd-0fc9-4f5f-be70-17e31cfde9eb,urn:openrag:openarchiver:attachment:028d52cd-0fc9-4f5f-be70-17e31cfde9eb,CAPa et BAC. PRO. - Fiche contact structure.pdf,NOT_RELEVANT,0,orange-fibre-GT2-revue-a-faire.xlsx,document-review-stage-1,Contrôle négatif,32,orange-fibre-cross-domain-v1,orange-fibre-cross-domain-guideline-v1,
orange-fibre-cross-domain-v1,candidate-25082e1bafd1d4ba,component-0018d37f3ef07b82,dCSr5n0BExjEogZvtXFr7W_I,urn:openrag:openarchiver:email:9e325a3e-b01f-40bf-8890-b400d4e3d7f4:45c333aa-eca2-4ca2-a986-87b65a1db578,urn:openrag:openarchiver:email:9e325a3e-b01f-40bf-8890-b400d4e3d7f4:45c333aa-eca2-4ca2-a986-87b65a1db578,Fwd: informations et date à retenir,NOT_RELEVANT,0,orange-fibre-GT2-derniere-revue-ciblee.xlsx,document-review-stage-2,Contrôle négatif,48,orange-fibre-cross-domain-v1,orange-fibre-cross-domain-guideline-v1,
orange-fibre-cross-domain-v1,candidate-252b6e3d82065a4d,component-014475510e184f9e,PiPHlLZgLYeUzZSoCTsnEJ15,urn:openrag:openarchiver:email:9e325a3e-b01f-40bf-8890-b400d4e3d7f4:80810018-0a1d-4a62-9e1a-c881ad1fa1ca,urn:openrag:openarchiver:email:9e325a3e-b01f-40bf-8890-b400d4e3d7f4:80810018-0a1d-4a62-9e1a-c881ad1fa1ca,Tableau calcul coût de revient-Agneaux de Sologne-Pour Lundi 16 octobre,NOT_RELEVANT,0,orange-fibre-GT2-revue-a-faire.xlsx,document-review-stage-1,Contrôle négatif,15,orange-fibre-cross-domain-v1,orange-fibre-cross-domain-guideline-v1,
orange-fibre-cross-domain-v1,candidate-265f88976d2f3030,component-98e66afd225c8265,VX1mSods0fnteZmXtc0JM_0d,urn:openrag:openarchiver:email:6ca4c5b5-3440-4c50-8666-cecfa25916d5:4b60a56d-8496-4d59-b9b0-894eff1b62e0,urn:openrag:openarchiver:email:6ca4c5b5-3440-4c50-8666-cecfa25916d5:4b60a56d-8496-4d59-b9b0-894eff1b62e0,Et si vous passiez chez Sosh pour votre abonnement internet ?,CORE,2,orange-fibre-GT2-revue-a-faire.xlsx,document-review-stage-1,Revue prioritaire,44,orange-fibre-cross-domain-v1,orange-fibre-cross-domain-guideline-v1,
orange-fibre-cross-domain-v1,candidate-26dc122ee17d052a,component-2811b329a335c3c9,EG53HnrKlT_i88DumJK0ib5W,urn:openrag:openarchiver:email:6ca4c5b5-3440-4c50-8666-cecfa25916d5:7189b77d-ed1f-43e5-9f02-e70197562f47,urn:openrag:openarchiver:email:6ca4c5b5-3440-4c50-8666-cecfa25916d5:7189b77d-ed1f-43e5-9f02-e70197562f47,Votre facture est arrrivée,CONTEXTUAL,1,orange-fibre-GT2-revue-a-faire.xlsx,document-review-stage-1,Revue prioritaire,10,orange-fibre-cross-domain-v1,orange-fibre-cross-domain-guideline-v1,
orange-fibre-cross-domain-v1,candidate-26f86f6d7bbc4d32,component-3192de2f04c07787,BNszu7HxKSNjhg3gsxRvj7Gq,urn:openrag:openarchiver:email:9e325a3e-b01f-40bf-8890-b400d4e3d7f4:d3121fe0-f5cb-4b13-b80f-344f9cf800d0,urn:openrag:openarchiver:email:9e325a3e-b01f-40bf-8890-b400d4e3d7f4:d3121fe0-f5cb-4b13-b80f-344f9cf800d0,Mont Evray prêt à usage EARL FERME DE POMEMRIEUX,NOT_RELEVANT,0,orange-fibre-GT2-revue-a-faire.xlsx,document-review-stage-1,Contrôle négatif,49,orange-fibre-cross-domain-v1,orange-fibre-cross-domain-guideline-v1,
orange-fibre-cross-domain-v1,candidate-276009b1c9d4a870,component-92d9d0765bbbbd08,5z6M2ej13l6fOZ9eWK9qXSu5,urn:openrag:openarchiver:attachment:51f2ae22-3543-4c64-89ef-5b425645e432,urn:openrag:openarchiver:attachment:51f2ae22-3543-4c64-89ef-5b425645e432,2021-Clinique Vétérinaire du Grand Renaud-VP.DOCX,NOT_RELEVANT,0,orange-fibre-GT2-revue-a-faire.xlsx,document-review-stage-1,Contrôle négatif,45,orange-fibre-cross-domain-v1,orange-fibre-cross-domain-guideline-v1,
orange-fibre-cross-domain-v1,candidate-27fd041fab502f3c,component-8c11befbdf12c26e,dPwJGiddmmpsK8WM1ZEQbXEb,urn:openrag:openarchiver:email:9e325a3e-b01f-40bf-8890-b400d4e3d7f4:584c7354-271a-4695-bbe7-caa90bf13def,urn:openrag:openarchiver:email:9e325a3e-b01f-40bf-8890-b400d4e3d7f4:584c7354-271a-4695-bbe7-caa90bf13def,Re: Groupes de travail cahier des charges et structuration filière,NOT_RELEVANT,0,orange-fibre-GT2-derniere-revue-ciblee.xlsx,document-review-stage-2,Contrôle négatif,4,orange-fibre-cross-domain-v1,orange-fibre-cross-domain-guideline-v1,
orange-fibre-cross-domain-v1,candidate-283bb617d8c42e5e,component-ebc96343544e57ca,GypGOOSoExbye0JylnCnoxdG,urn:openrag:openarchiver:email:6ca4c5b5-3440-4c50-8666-cecfa25916d5:e60c1f48-dd48-4462-9455-be28963e2f81,urn:openrag:openarchiver:email:6ca4c5b5-3440-4c50-8666-cecfa25916d5:e60c1f48-dd48-4462-9455-be28963e2f81,Bon plan pour VOTRE budget Internet + téléphonie : plus de 150€ d'économies,CORE,2,orange-fibre-GT2-revue-a-faire.xlsx,document-review-stage-1,Revue prioritaire,191,orange-fibre-cross-domain-v1,orange-fibre-cross-domain-guideline-v1,
orange-fibre-cross-domain-v1,candidate-284d0df9d5697553,component-6811f012f981916c,pXIhXj9wRwFjLChzDcKwHrxk,urn:openrag:openarchiver:attachment:2cafc15d-35f0-4965-9f63-742105555105,urn:openrag:openarchiver:attachment:2cafc15d-35f0-4965-9f63-742105555105,Referents_SURETE_2023-2026.pdf,NOT_RELEVANT,0,orange-fibre-GT2-revue-a-faire.xlsx,document-review-stage-1,Contrôle négatif,37,orange-fibre-cross-domain-v1,orange-fibre-cross-domain-guideline-v1,
orange-fibre-cross-domain-v1,candidate-29541f3465d23794,component-77eb513bad0fd5e5,sAQcRkZl_SFcXRFm0jlakdxY,urn:openrag:openarchiver:attachment:2cf49b73-f16a-42f8-a017-e4472adb6856,urn:openrag:openarchiver:attachment:2cf49b73-f16a-42f8-a017-e4472adb6856,facture_9093277556_2023-10-04.pdf,CORE,2,orange-fibre-GT2-revue-a-faire.xlsx,document-review-stage-1,Revue prioritaire,35,orange-fibre-cross-domain-v1,orange-fibre-cross-domain-guideline-v1,
orange-fibre-cross-domain-v1,candidate-2a6eb0ed3aac3ec2,component-1c6a1e3221f81eae,aspDHMAgDWJW5qs3fVfal3dF,urn:openrag:openarchiver:email:6ca4c5b5-3440-4c50-8666-cecfa25916d5:acf0a3de-9623-441a-9085-dc244a23079c,urn:openrag:openarchiver:email:6ca4c5b5-3440-4c50-8666-cecfa25916d5:acf0a3de-9623-441a-9085-dc244a23079c,Récapitulatif de notre offre,CONTEXTUAL,1,orange-fibre-GT2-revue-a-faire.xlsx,document-review-stage-1,Revue prioritaire,5,orange-fibre-cross-domain-v1,orange-fibre-cross-domain-guideline-v1,
orange-fibre-cross-domain-v1,candidate-2ab66670245551b5,component-95d692034a8a3a2e,eAcXwsuJCEpYvuK-nh_oIdyt,urn:openrag:openarchiver:attachment:50b89ad2-027f-4217-89b2-4b5c576f3faa,urn:openrag:openarchiver:attachment:50b89ad2-027f-4217-89b2-4b5c576f3faa,250715-facture_9073083280_2025-07-04.pdf,NOT_RELEVANT,0,orange-fibre-GT2-derniere-revue-ciblee.xlsx,document-review-stage-2,Revue prioritaire,19,orange-fibre-cross-domain-v1,orange-fibre-cross-domain-guideline-v1,
orange-fibre-cross-domain-v1,candidate-2b3304163fef20a3,component-cbc3b2035af9c101,lvuOCIzn5iA3Q-GgP9nposwX,urn:openrag:openarchiver:attachment:75fae8a3-acc7-41c3-ac3d-02c87be313cd,urn:openrag:openarchiver:attachment:75fae8a3-acc7-41c3-ac3d-02c87be313cd,CGV_FORFAIT_hors_opt_20240130.pdf,NOT_RELEVANT,0,orange-fibre-GT2-revue-a-faire.xlsx,document-review-stage-1,Revue prioritaire,100,orange-fibre-cross-domain-v1,orange-fibre-cross-domain-guideline-v1,
orange-fibre-cross-domain-v1,candidate-2c381732f894d118,component-0286285e575da151,GqkBFyeL6ls8mB6OPLusnnO0,urn:openrag:openarchiver:attachment:19660f41-e396-4cb4-bb98-49d04981174f,urn:openrag:openarchiver:attachment:19660f41-e396-4cb4-bb98-49d04981174f,Devis-investisseur 16 x 36.pdf,NOT_RELEVANT,0,orange-fibre-GT2-revue-a-faire.xlsx,document-review-stage-1,Revue prioritaire,120,orange-fibre-cross-domain-v1,orange-fibre-cross-domain-guideline-v1,
orange-fibre-cross-domain-v1,candidate-2c7f56ec9e501610,component-f52ae86c4a4372ff,pgYLyVcbyXTj96xJuKdrCR8m,urn:openrag:openarchiver:email:9e325a3e-b01f-40bf-8890-b400d4e3d7f4:e998c7c2-5655-4ae2-924b-f4c2054d3bde,urn:openrag:openarchiver:email:9e325a3e-b01f-40bf-8890-b400d4e3d7f4:e998c7c2-5655-4ae2-924b-f4c2054d3bde,Re: Journée technique et échange GPE SOLOGNE ET AUBE,NOT_RELEVANT,0,orange-fibre-GT2-revue-a-faire.xlsx,document-review-stage-1,Contrôle négatif,13,orange-fibre-cross-domain-v1,orange-fibre-cross-domain-guideline-v1,
orange-fibre-cross-domain-v1,candidate-2fd079c964ecdbcb,component-22d043f15bdd420e,h87RpCRa1VU93caflpJmZue_,urn:openrag:openarchiver:email:6ca4c5b5-3440-4c50-8666-cecfa25916d5:55e1c878-b79a-47ee-a8ad-772dc5c26dcb,urn:openrag:openarchiver:email:6ca4c5b5-3440-4c50-8666-cecfa25916d5:55e1c878-b79a-47ee-a8ad-772dc5c26dcb,Votre facture Internet est disponible,CONTEXTUAL,1,orange-fibre-GT2-revue-a-faire.xlsx,document-review-stage-1,Revue prioritaire,9,orange-fibre-cross-domain-v1,orange-fibre-cross-domain-guideline-v1,
orange-fibre-cross-domain-v1,candidate-2fd81165c1654008,component-1c617559fb89f5ee,bQB77gli0YKdb6aBOWjZjtt2,urn:openrag:openarchiver:email:6ca4c5b5-3440-4c50-8666-cecfa25916d5:02b69f1e-97b3-4784-a06f-3cd9ac2e1494,urn:openrag:openarchiver:email:6ca4c5b5-3440-4c50-8666-cecfa25916d5:02b69f1e-97b3-4784-a06f-3cd9ac2e1494,Votre facture Internet est disponible,CONTEXTUAL,1,orange-fibre-GT2-revue-a-faire.xlsx,document-review-stage-1,Revue prioritaire,4,orange-fibre-cross-domain-v1,orange-fibre-cross-domain-guideline-v1,
orange-fibre-cross-domain-v1,candidate-30275b692ca291c7,component-2fedb80d56261d81,Z1zHUc-EFTo6EZrKEpvgoF-e,urn:openrag:openarchiver:email:9e325a3e-b01f-40bf-8890-b400d4e3d7f4:a1f3126f-b76d-4f27-a875-56635cdb3fdc,urn:openrag:openarchiver:email:9e325a3e-b01f-40bf-8890-b400d4e3d7f4:a1f3126f-b76d-4f27-a875-56635cdb3fdc,Re: CIR 2025,NOT_RELEVANT,0,orange-fibre-GT2-derniere-revue-ciblee.xlsx,document-review-stage-2,Contrôle négatif,43,orange-fibre-cross-domain-v1,orange-fibre-cross-domain-guideline-v1,
orange-fibre-cross-domain-v1,candidate-3055cc7cbcf13f6c,component-002f714a6889c384,dBuwveRayNzxoPGK5Skf1bF-,urn:openrag:openarchiver:email:6ca4c5b5-3440-4c50-8666-cecfa25916d5:b99edfd8-a2ac-426f-be99-f0167ecd4b1e,urn:openrag:openarchiver:email:6ca4c5b5-3440-4c50-8666-cecfa25916d5:b99edfd8-a2ac-426f-be99-f0167ecd4b1e,"Votre bon de commande est arrivé, ELOI",NOT_RELEVANT,0,orange-fibre-GT2-revue-a-faire.xlsx,document-review-stage-1,Revue prioritaire,68,orange-fibre-cross-domain-v1,orange-fibre-cross-domain-guideline-v1,
orange-fibre-cross-domain-v1,candidate-30c2593019e49d98,component-b00dc1a64b77b578,EVYvqXbPeS3LpsPkKpeSD01f,urn:openrag:openarchiver:attachment:61a37d8b-d88b-4be0-8add-a7c1ec03743d,urn:openrag:openarchiver:attachment:61a37d8b-d88b-4be0-8add-a7c1ec03743d,facture_9073083280_2023-08-04.pdf,NOT_RELEVANT,0,orange-fibre-GT2-derniere-revue-ciblee.xlsx,document-review-stage-2,Revue prioritaire,10,orange-fibre-cross-domain-v1,orange-fibre-cross-domain-guideline-v1,
orange-fibre-cross-domain-v1,candidate-310a4eb02561cb2f,component-e1f103ce76fab65f,kN12z9xh_lKGlz4IL8rrhiFa,urn:openrag:openarchiver:attachment:055c1014-e27a-469e-b796-42f2c78d41ce,urn:openrag:openarchiver:attachment:055c1014-e27a-469e-b796-42f2c78d41ce,Facture #24VETODIAG_CII.pdf,NOT_RELEVANT,0,orange-fibre-GT2-revue-a-faire.xlsx,document-review-stage-1,Revue prioritaire,106,orange-fibre-cross-domain-v1,orange-fibre-cross-domain-guideline-v1,
orange-fibre-cross-domain-v1,candidate-318a3920716144fd,component-a9d52499f1573c8c,oMD8sUXK9jEwWQiUYF_8Gb1O,urn:openrag:openarchiver:email:6ca4c5b5-3440-4c50-8666-cecfa25916d5:065b1fb7-db9b-4f98-81a1-bedf2a78a638,urn:openrag:openarchiver:email:6ca4c5b5-3440-4c50-8666-cecfa25916d5:065b1fb7-db9b-4f98-81a1-bedf2a78a638,Votre facture est arrivée,CONTEXTUAL,1,orange-fibre-GT2-revue-a-faire.xlsx,document-review-stage-1,Revue prioritaire,50,orange-fibre-cross-domain-v1,orange-fibre-cross-domain-guideline-v1,
orange-fibre-cross-domain-v1,candidate-3223c08d19b7a046,component-ec4083201b0d0e44,E_OM6J9N1f4PgoB6Mrz6QFuq,urn:openrag:openarchiver:attachment:01dc5f1d-4699-4467-a5db-8c6683917c43,urn:openrag:openarchiver:attachment:01dc5f1d-4699-4467-a5db-8c6683917c43,facture_9093277556_2024-02-05.pdf,CORE,2,orange-fibre-GT2-revue-a-faire.xlsx,document-review-stage-1,Revue prioritaire,62,orange-fibre-cross-domain-v1,orange-fibre-cross-domain-guideline-v1,
orange-fibre-cross-domain-v1,candidate-323a388497c4449f,component-bb7e2dd7a9ca4712,HjJSzYRDzB8zT-TU_XyrwX8Y,urn:openrag:openarchiver:email:9e325a3e-b01f-40bf-8890-b400d4e3d7f4:55ecff24-00aa-45fd-a08b-85903d38ab90,urn:openrag:openarchiver:email:9e325a3e-b01f-40bf-8890-b400d4e3d7f4:55ecff24-00aa-45fd-a08b-85903d38ab90,Votre facture Internet est disponible,CONTEXTUAL,1,orange-fibre-GT2-revue-a-faire.xlsx,document-review-stage-1,Revue prioritaire,171,orange-fibre-cross-domain-v1,orange-fibre-cross-domain-guideline-v1,
orange-fibre-cross-domain-v1,candidate-33059d52ff12bb63,component-22726b66f06c5ebc,wLFnDL-QrER57YNTYg8nTEhV,urn:openrag:openarchiver:email:6ca4c5b5-3440-4c50-8666-cecfa25916d5:5c9566d2-77c7-47d0-be6e-3ee833734eca,urn:openrag:openarchiver:email:6ca4c5b5-3440-4c50-8666-cecfa25916d5:5c9566d2-77c7-47d0-be6e-3ee833734eca,Re: SELARLD CLINIQUE VETERINAIRE DU GRAND RENAUD,NOT_RELEVANT,0,orange-fibre-GT2-derniere-revue-ciblee.xlsx,document-review-stage-2,Contrôle négatif,21,orange-fibre-cross-domain-v1,orange-fibre-cross-domain-guideline-v1,
orange-fibre-cross-domain-v1,candidate-33b2af2100f3dd0f,component-70b19e290508aff5,EaW2_e-wZCOv6Muig5eZm58M,urn:openrag:openarchiver:email:6ca4c5b5-3440-4c50-8666-cecfa25916d5:473a7639-410d-4365-9b9f-47addcc13d37,urn:openrag:openarchiver:email:6ca4c5b5-3440-4c50-8666-cecfa25916d5:473a7639-410d-4365-9b9f-47addcc13d37,Votre avis sur les 200 Go offerts sur votre mobile,NOT_RELEVANT,0,orange-fibre-GT2-derniere-revue-ciblee.xlsx,document-review-stage-2,Contrôle négatif,50,orange-fibre-cross-domain-v1,orange-fibre-cross-domain-guideline-v1,
orange-fibre-cross-domain-v1,candidate-348aa27e3733a3d7,component-70a0351cf3841ade,Q6isvMnbwr3nX6xv4XoJwRDf,urn:openrag:openarchiver:attachment:1ec6a0e0-2e30-46fe-9ee2-0ea0d7c16eb1,urn:openrag:openarchiver:attachment:1ec6a0e0-2e30-46fe-9ee2-0ea0d7c16eb1,facture_9073083280_2023-09-04.pdf,NOT_RELEVANT,0,orange-fibre-GT2-derniere-revue-ciblee.xlsx,document-review-stage-2,Revue prioritaire,5,orange-fibre-cross-domain-v1,orange-fibre-cross-domain-guideline-v1,
orange-fibre-cross-domain-v1,candidate-3584501e5e429f5c,component-0c822a9a558e2cea,TV2b9HJK60yLbQUpvTG8MCRH,urn:openrag:openarchiver:email:9e325a3e-b01f-40bf-8890-b400d4e3d7f4:a635c7de-0f65-4b75-9e93-43f9aac54847,urn:openrag:openarchiver:email:9e325a3e-b01f-40bf-8890-b400d4e3d7f4:a635c7de-0f65-4b75-9e93-43f9aac54847,Votre facture Internet est disponible,CONTEXTUAL,1,orange-fibre-GT2-revue-a-faire.xlsx,document-review-stage-1,Revue prioritaire,126,orange-fibre-cross-domain-v1,orange-fibre-cross-domain-guideline-v1,
orange-fibre-cross-domain-v1,candidate-3698cdeeea4e9728,component-35d44546be74ed83,JMHbRwKGxRl5Nd8q_-B6_r-S,urn:openrag:openarchiver:email:6ca4c5b5-3440-4c50-8666-cecfa25916d5:ac0819c3-ce59-4a1b-9f13-4de72623935f,urn:openrag:openarchiver:email:6ca4c5b5-3440-4c50-8666-cecfa25916d5:ac0819c3-ce59-4a1b-9f13-4de72623935f,Et si vous passiez chez Sosh pour votre abonnement internet ?,CORE,2,orange-fibre-GT2-revue-a-faire.xlsx,document-review-stage-1,Revue prioritaire,17,orange-fibre-cross-domain-v1,orange-fibre-cross-domain-guideline-v1,
orange-fibre-cross-domain-v1,candidate-38d4c7e97bb368d5,component-4b070d9836a520b9,-ilngcHuMULDQPXKxLuwrP8i,urn:openrag:openarchiver:email:9e325a3e-b01f-40bf-8890-b400d4e3d7f4:689e5276-44c6-419e-86a2-8622dbc0729e,urn:openrag:openarchiver:email:9e325a3e-b01f-40bf-8890-b400d4e3d7f4:689e5276-44c6-419e-86a2-8622dbc0729e,Re: Voitures - Transport,NOT_RELEVANT,0,orange-fibre-GT2-derniere-revue-ciblee.xlsx,document-review-stage-2,Contrôle négatif,11,orange-fibre-cross-domain-v1,orange-fibre-cross-domain-guideline-v1,
orange-fibre-cross-domain-v1,candidate-3b75f1b2037ad01a,component-2cdbd1a78adab052,Ba5TJHVWmS2PF8F7eeILKODr,urn:openrag:openarchiver:attachment:25292769-c40b-4fcb-8f63-89677d43a281,urn:openrag:openarchiver:attachment:25292769-c40b-4fcb-8f63-89677d43a281,Facture_Free_202607_34171985_1485762842.pdf,NOT_RELEVANT,0,orange-fibre-GT2-revue-a-faire.xlsx,document-review-stage-1,Revue prioritaire,131,orange-fibre-cross-domain-v1,orange-fibre-cross-domain-guideline-v1,
orange-fibre-cross-domain-v1,candidate-3be867836f20dfbe,component-f5176ec032fe0624,gI4ahEJqTfO0GTSPhoC1csgk,urn:openrag:openarchiver:attachment:3d13fb19-41af-4a3f-a29d-3fa788cbaa19,urn:openrag:openarchiver:attachment:3d13fb19-41af-4a3f-a29d-3fa788cbaa19,Thermométrie mobile.pdf,NOT_RELEVANT,0,orange-fibre-GT2-revue-a-faire.xlsx,document-review-stage-1,Revue prioritaire,196,orange-fibre-cross-domain-v1,orange-fibre-cross-domain-guideline-v1,
orange-fibre-cross-domain-v1,candidate-3c123e843f35aac7,component-c7b63483079e45fb,g2AdXQmt915r8mnKuzOx-N2N,urn:openrag:openarchiver:email:6ca4c5b5-3440-4c50-8666-cecfa25916d5:4a644abc-b533-45ca-b55f-9673370ee506,urn:openrag:openarchiver:email:6ca4c5b5-3440-4c50-8666-cecfa25916d5:4a644abc-b533-45ca-b55f-9673370ee506,Prise en compte de votre demande de résiliation de la ligne +33659390421,NOT_RELEVANT,0,orange-fibre-GT2-derniere-revue-ciblee.xlsx,document-review-stage-2,Revue prioritaire,28,orange-fibre-cross-domain-v1,orange-fibre-cross-domain-guideline-v1,
orange-fibre-cross-domain-v1,candidate-3d38115c120ed6b5,component-76cd5e6452b558a0,e1rnyqE2WoleuMW2mJQKjQ6s,urn:openrag:openarchiver:email:9e325a3e-b01f-40bf-8890-b400d4e3d7f4:01e8dd87-a0e1-4121-9d11-9a3bf1d53534,urn:openrag:openarchiver:email:9e325a3e-b01f-40bf-8890-b400d4e3d7f4:01e8dd87-a0e1-4121-9d11-9a3bf1d53534,[Free] Votre abonnement Freebox - Une intervention à votre domicile est nécessaire,NOT_RELEVANT,0,orange-fibre-GT2-revue-a-faire.xlsx,document-review-stage-1,Revue prioritaire,153,orange-fibre-cross-domain-v1,orange-fibre-cross-domain-guideline-v1,
orange-fibre-cross-domain-v1,candidate-3dbe362c3ca081f2,component-b90477890a358bcd,IKSS1SbIM2G5jF2Dv9cB1Tu2,urn:openrag:openarchiver:email:9e325a3e-b01f-40bf-8890-b400d4e3d7f4:19a6cff2-c740-4711-9406-95288aa7b55f,urn:openrag:openarchiver:email:9e325a3e-b01f-40bf-8890-b400d4e3d7f4:19a6cff2-c740-4711-9406-95288aa7b55f,"RE: Groupe de travail "" Cahier des charges""",NOT_RELEVANT,0,orange-fibre-GT2-derniere-revue-ciblee.xlsx,document-review-stage-2,Contrôle négatif,42,orange-fibre-cross-domain-v1,orange-fibre-cross-domain-guideline-v1,
orange-fibre-cross-domain-v1,candidate-3eb31fda12dd44da,component-a795c056044d70f8,6OIk2k97fqv2BQLbFSmLMrJi,urn:openrag:openarchiver:email:6ca4c5b5-3440-4c50-8666-cecfa25916d5:7d966388-6c44-4615-ad84-19f7d6c472db,urn:openrag:openarchiver:email:6ca4c5b5-3440-4c50-8666-cecfa25916d5:7d966388-6c44-4615-ad84-19f7d6c472db,TR: DECLARATION IR 2023,NOT_RELEVANT,0,orange-fibre-GT2-revue-a-faire.xlsx,document-review-stage-1,Contrôle négatif,46,orange-fibre-cross-domain-v1,orange-fibre-cross-domain-guideline-v1,
orange-fibre-cross-domain-v1,candidate-3f8e961615ee20ab,component-bca2bede7b33ca76,qc_PaOVNmCkRlfFQKEDvvLum,urn:openrag:openarchiver:email:9e325a3e-b01f-40bf-8890-b400d4e3d7f4:3b0d91cb-57c3-429c-8276-eed039437d22,urn:openrag:openarchiver:email:9e325a3e-b01f-40bf-8890-b400d4e3d7f4:3b0d91cb-57c3-429c-8276-eed039437d22,Re: Agneau de Sologne: Mesures compensatoires agricoles,NOT_RELEVANT,0,orange-fibre-GT2-revue-a-faire.xlsx,document-review-stage-1,Contrôle négatif,14,orange-fibre-cross-domain-v1,orange-fibre-cross-domain-guideline-v1,
orange-fibre-cross-domain-v1,candidate-3fea99af4a4575c9,component-14b9aad383067b84,gL4WUUjEk3qPnm-TdCSAKGnV,urn:openrag:openarchiver:attachment:29d0c217-726a-49b1-886e-85b15c88f8e2,urn:openrag:openarchiver:attachment:29d0c217-726a-49b1-886e-85b15c88f8e2,023424-C1 plaquette 31.12.2021.pdf,NOT_RELEVANT,0,orange-fibre-GT2-revue-a-faire.xlsx,document-review-stage-1,Revue prioritaire,74,orange-fibre-cross-domain-v1,orange-fibre-cross-domain-guideline-v1,
orange-fibre-cross-domain-v1,candidate-40ac6ed3cd8025e6,component-bf7f963098d4f96d,20AHyBIU_dI-8n5QD0wvIk5c,urn:openrag:openarchiver:email:9e325a3e-b01f-40bf-8890-b400d4e3d7f4:875d7775-9cbb-42f8-9f97-f8eec3cf0db9,urn:openrag:openarchiver:email:9e325a3e-b01f-40bf-8890-b400d4e3d7f4:875d7775-9cbb-42f8-9f97-f8eec3cf0db9,Votre facture Internet est disponible,CONTEXTUAL,1,orange-fibre-GT2-revue-a-faire.xlsx,document-review-stage-1,Revue prioritaire,173,orange-fibre-cross-domain-v1,orange-fibre-cross-domain-guideline-v1,
orange-fibre-cross-domain-v1,candidate-40bba575fe598530,component-797a348fa4269127,mqUo6fjdTBxbYPayoGVBvOxD,urn:openrag:openarchiver:attachment:124e92b9-cfd2-4045-9a35-f2ec1be1f786,urn:openrag:openarchiver:attachment:124e92b9-cfd2-4045-9a35-f2ec1be1f786,facture_9093277556_2023-06-05.pdf,CORE,2,orange-fibre-GT2-revue-a-faire.xlsx,document-review-stage-1,Revue prioritaire,37,orange-fibre-cross-domain-v1,orange-fibre-cross-domain-guideline-v1,
orange-fibre-cross-domain-v1,candidate-40f97c77f5629911,component-af71a238590a341a,wMKRGZs8qyz1_m6tL8DRw23P,urn:openrag:openarchiver:email:9e325a3e-b01f-40bf-8890-b400d4e3d7f4:629ca1ce-425f-4e0f-a928-a4ba09e4ade7,urn:openrag:openarchiver:email:9e325a3e-b01f-40bf-8890-b400d4e3d7f4:629ca1ce-425f-4e0f-a928-a4ba09e4ade7,"Vous sentez toutes ces bonnes idées dans l’air, Eloi ?",NOT_RELEVANT,0,orange-fibre-GT2-revue-a-faire.xlsx,document-review-stage-1,Revue prioritaire,164,orange-fibre-cross-domain-v1,orange-fibre-cross-domain-guideline-v1,
orange-fibre-cross-domain-v1,candidate-416e608b2b1dda76,component-aa303f44b4bb54c6,ypGmucYeuEHdJgKAw8w8p5HT,urn:openrag:openarchiver:attachment:61fcae19-0776-4d2f-9c99-6d2c33cbceb1,urn:openrag:openarchiver:attachment:61fcae19-0776-4d2f-9c99-6d2c33cbceb1,facture_9073083280_2023-04-04.pdf,NOT_RELEVANT,0,orange-fibre-GT2-derniere-revue-ciblee.xlsx,document-review-stage-2,Revue prioritaire,13,orange-fibre-cross-domain-v1,orange-fibre-cross-domain-guideline-v1,
orange-fibre-cross-domain-v1,candidate-43d57794e0a39bae,component-2ef5b17c61ded60f,bG3-cNVRBzWECpb7c4WGf9KV,urn:openrag:openarchiver:email:6ca4c5b5-3440-4c50-8666-cecfa25916d5:f077cc99-c432-4cc2-ab35-6c5f1fca0a08,urn:openrag:openarchiver:email:6ca4c5b5-3440-4c50-8666-cecfa25916d5:f077cc99-c432-4cc2-ab35-6c5f1fca0a08,Confirmation de votre intérêt pour la Fibre,CORE,2,orange-fibre-GT2-revue-a-faire.xlsx,document-review-stage-1,Revue prioritaire,12,orange-fibre-cross-domain-v1,orange-fibre-cross-domain-guideline-v1,
orange-fibre-cross-domain-v1,candidate-4587ad29304caa81,component-08c3c86d0aadfb1d,eVk0CKuvIITxpNwdKuS3cjNp,urn:openrag:openarchiver:attachment:630d171d-266b-4588-8376-d21cdf7f0c84,urn:openrag:openarchiver:attachment:630d171d-266b-4588-8376-d21cdf7f0c84,Facture_Free_202512_34171985_1433775384.pdf,NOT_RELEVANT,0,orange-fibre-GT2-revue-a-faire.xlsx,document-review-stage-1,Revue prioritaire,124,orange-fibre-cross-domain-v1,orange-fibre-cross-domain-guideline-v1,
orange-fibre-cross-domain-v1,candidate-46d92674aec2f10d,component-3addd027f23027b8,66DrxrjcKkP1bZimalAhO1Yj,urn:openrag:openarchiver:email:6ca4c5b5-3440-4c50-8666-cecfa25916d5:b3448a3a-808e-42b3-b902-0b29d4882181,urn:openrag:openarchiver:email:6ca4c5b5-3440-4c50-8666-cecfa25916d5:b3448a3a-808e-42b3-b902-0b29d4882181,Votre derni?re facture Bouygues Telecom est disponible,NOT_RELEVANT,0,orange-fibre-GT2-revue-a-faire.xlsx,document-review-stage-1,Revue prioritaire,137,orange-fibre-cross-domain-v1,orange-fibre-cross-domain-guideline-v1,
orange-fibre-cross-domain-v1,candidate-4734a3aaceec87ef,component-64c0e94952c75093,aage-63Yg3VNjINpYX-3Tjq5,urn:openrag:openarchiver:email:9e325a3e-b01f-40bf-8890-b400d4e3d7f4:6cba0396-e9af-4a97-92f7-292f5f03a022,urn:openrag:openarchiver:email:9e325a3e-b01f-40bf-8890-b400d4e3d7f4:6cba0396-e9af-4a97-92f7-292f5f03a022,Votre message a bien été reçu - (Message depuis milkywan.fr de Eloi Primaux),NOT_RELEVANT,0,orange-fibre-GT2-derniere-revue-ciblee.xlsx,document-review-stage-2,Contrôle négatif,15,orange-fibre-cross-domain-v1,orange-fibre-cross-domain-guideline-v1,
orange-fibre-cross-domain-v1,candidate-47e4a8c4ad8cf988,component-968fd59365aef6dd,g4OTKTD3ewI6xNwmU3lrpBbu,urn:openrag:openarchiver:email:9e325a3e-b01f-40bf-8890-b400d4e3d7f4:f0bf73eb-eb17-4ff3-b067-0aad66a129ee,urn:openrag:openarchiver:email:9e325a3e-b01f-40bf-8890-b400d4e3d7f4:f0bf73eb-eb17-4ff3-b067-0aad66a129ee,EARL FERME DE POMMERIEUX,NOT_RELEVANT,0,orange-fibre-GT2-derniere-revue-ciblee.xlsx,document-review-stage-2,Contrôle négatif,29,orange-fibre-cross-domain-v1,orange-fibre-cross-domain-guideline-v1,
orange-fibre-cross-domain-v1,candidate-47fef4ad3d981af7,component-8727adb25a0723e9,kSLvOi3RMl1zKK8gECaRdhXe,urn:openrag:openarchiver:attachment:2af63978-d84c-491a-96ed-9bd09ec2a829,urn:openrag:openarchiver:attachment:2af63978-d84c-491a-96ed-9bd09ec2a829,Diplômes CVGR 2013.pdf,NOT_RELEVANT,0,orange-fibre-GT2-derniere-revue-ciblee.xlsx,document-review-stage-2,Contrôle négatif,54,orange-fibre-cross-domain-v1,orange-fibre-cross-domain-guideline-v1,
orange-fibre-cross-domain-v1,candidate-4878f326b54960ff,component-2db257b3b8947d14,Kw6gqD4WcZwO9T63S5uKSidz,urn:openrag:openarchiver:email:6ca4c5b5-3440-4c50-8666-cecfa25916d5:10d1ee69-4111-4cc6-a450-aa71c991d94c,urn:openrag:openarchiver:email:6ca4c5b5-3440-4c50-8666-cecfa25916d5:10d1ee69-4111-4cc6-a450-aa71c991d94c,Confirmation de votre commande,NOT_RELEVANT,0,orange-fibre-GT2-derniere-revue-ciblee.xlsx,document-review-stage-2,Contrôle négatif,14,orange-fibre-cross-domain-v1,orange-fibre-cross-domain-guideline-v1,
orange-fibre-cross-domain-v1,candidate-488e965dfe91d5da,component-defa6952bd91f9b3,kfzTzR_s2ebJV09g08ZhNQoJ,urn:openrag:openarchiver:attachment:1fde41c1-9fce-4e7c-81ec-82fc884957be,urn:openrag:openarchiver:attachment:1fde41c1-9fce-4e7c-81ec-82fc884957be,facture_9073083280_2025-03-04.pdf,NOT_RELEVANT,0,orange-fibre-GT2-revue-a-faire.xlsx,document-review-stage-1,Contrôle négatif,35,orange-fibre-cross-domain-v1,orange-fibre-cross-domain-guideline-v1,
orange-fibre-cross-domain-v1,candidate-48a7eb21558c40dd,component-fd58e1d41566a04f,uiaOkWEPWR0NQRfUOTCDYGnZ,urn:openrag:openarchiver:email:9e325a3e-b01f-40bf-8890-b400d4e3d7f4:17e57430-27a8-434e-8497-c7f818069b3c,urn:openrag:openarchiver:email:9e325a3e-b01f-40bf-8890-b400d4e3d7f4:17e57430-27a8-434e-8497-c7f818069b3c,[Free] Votre abonnement Freebox - Votre avis nous est précieux,NOT_RELEVANT,0,orange-fibre-GT2-revue-a-faire.xlsx,document-review-stage-1,Revue prioritaire,200,orange-fibre-cross-domain-v1,orange-fibre-cross-domain-guideline-v1,
orange-fibre-cross-domain-v1,candidate-48c4b0656cd2aae0,component-10ad7fac7272029c,HM0YGdbuFCT81-fUQpnM4RKu,urn:openrag:openarchiver:email:6ca4c5b5-3440-4c50-8666-cecfa25916d5:765aff9a-38a2-4e24-be5a-8b5eb4b62245,urn:openrag:openarchiver:email:6ca4c5b5-3440-4c50-8666-cecfa25916d5:765aff9a-38a2-4e24-be5a-8b5eb4b62245,Votre facture est disponible,CONTEXTUAL,1,orange-fibre-GT2-revue-a-faire.xlsx,document-review-stage-1,Revue prioritaire,2,orange-fibre-cross-domain-v1,orange-fibre-cross-domain-guideline-v1,
orange-fibre-cross-domain-v1,candidate-48d263543e955d3f,component-68e57df30b135b95,vSSyUQ-FcwONndTy-lDY1hc0,urn:openrag:openarchiver:attachment:4f7749ab-bb3a-45f3-8995-c1604cadbe4a,urn:openrag:openarchiver:attachment:4f7749ab-bb3a-45f3-8995-c1604cadbe4a,NotificationFacture.html,NOT_RELEVANT,0,orange-fibre-GT2-revue-a-faire.xlsx,document-review-stage-1,Revue prioritaire,87,orange-fibre-cross-domain-v1,orange-fibre-cross-domain-guideline-v1,
orange-fibre-cross-domain-v1,candidate-49db439377ab403f,component-014475510e184f9e,MI5jGndb49SCLmpyBri2Rj0F,urn:openrag:openarchiver:email:9e325a3e-b01f-40bf-8890-b400d4e3d7f4:02c42795-4391-4b33-b589-9e39fcd9da56,urn:openrag:openarchiver:email:9e325a3e-b01f-40bf-8890-b400d4e3d7f4:02c42795-4391-4b33-b589-9e39fcd9da56,"Notre 2ème journée de formation, ce mardi 14 novembre 2023",NOT_RELEVANT,0,orange-fibre-GT2-derniere-revue-ciblee.xlsx,document-review-stage-2,Contrôle négatif,6,orange-fibre-cross-domain-v1,orange-fibre-cross-domain-guideline-v1,
orange-fibre-cross-domain-v1,candidate-4a5d1f61a8e203cf,component-2cdbd1a78adab052,TV-tyO9yayhpq6XovidBhTC3,urn:openrag:openarchiver:email:9e325a3e-b01f-40bf-8890-b400d4e3d7f4:90455ebd-4741-49d1-a105-1133d5af4455,urn:openrag:openarchiver:email:9e325a3e-b01f-40bf-8890-b400d4e3d7f4:90455ebd-4741-49d1-a105-1133d5af4455,mail--90455ebd4741.eml,NOT_RELEVANT,0,orange-fibre-GT2-derniere-revue-ciblee.xlsx,document-review-stage-2,Contrôle négatif,59,orange-fibre-cross-domain-v1,orange-fibre-cross-domain-guideline-v1,
orange-fibre-cross-domain-v1,candidate-4bc1767622cf61cc,component-e1432b98600c50c4,FDDOLuBSbb1DQ1MXgOoGB2z9,urn:openrag:openarchiver:email:9e325a3e-b01f-40bf-8890-b400d4e3d7f4:9f2834c2-6dcc-40bd-94b8-b4885a46f7f2,urn:openrag:openarchiver:email:9e325a3e-b01f-40bf-8890-b400d4e3d7f4:9f2834c2-6dcc-40bd-94b8-b4885a46f7f2,EARL FERME DE POMMERIEUX  - plaquettes 2022 et 2021,CORE,2,orange-fibre-GT2-revue-a-faire.xlsx,document-review-stage-1,Revue prioritaire,104,orange-fibre-cross-domain-v1,orange-fibre-cross-domain-guideline-v1,
orange-fibre-cross-domain-v1,candidate-4d5c4ba73ac2f2dd,component-79848d420a83be2f,o6cFIIuLX2ztVxeQ6k-Nh8py,urn:openrag:openarchiver:attachment:4a7bd8cd-c4c4-4c75-9a76-94fb90598b7b,urn:openrag:openarchiver:attachment:4a7bd8cd-c4c4-4c75-9a76-94fb90598b7b,CIR 2021 - réponse Affaire 2022XDF918 suite demande du 21072022.pdf,NOT_RELEVANT,0,orange-fibre-GT2-derniere-revue-ciblee.xlsx,document-review-stage-2,Contrôle négatif,51,orange-fibre-cross-domain-v1,orange-fibre-cross-domain-guideline-v1,
orange-fibre-cross-domain-v1,candidate-4de9c529a298b9c4,component-a108197d9d11ae8f,xt5-G2BCAdBLdxjRB0-oPvLc,urn:openrag:openarchiver:email:6ca4c5b5-3440-4c50-8666-cecfa25916d5:6027aa7b-f779-4bd6-8a6b-9d62a57736b9,urn:openrag:openarchiver:email:6ca4c5b5-3440-4c50-8666-cecfa25916d5:6027aa7b-f779-4bd6-8a6b-9d62a57736b9,Votre facture est arrivée,CONTEXTUAL,1,orange-fibre-GT2-revue-a-faire.xlsx,document-review-stage-1,Revue prioritaire,48,orange-fibre-cross-domain-v1,orange-fibre-cross-domain-guideline-v1,
orange-fibre-cross-domain-v1,candidate-4e466f5c4a2937e4,component-14b9aad383067b84,PTBooCLt3yuF0goqK9AM2vTi,urn:openrag:openarchiver:email:9e325a3e-b01f-40bf-8890-b400d4e3d7f4:50c70dde-6beb-4201-be49-4ca1769f6c7b,urn:openrag:openarchiver:email:9e325a3e-b01f-40bf-8890-b400d4e3d7f4:50c70dde-6beb-4201-be49-4ca1769f6c7b,RE: EARL FERME DE POMMERIEUX _ bilan 2021,NOT_RELEVANT,0,orange-fibre-GT2-revue-a-faire.xlsx,document-review-stage-1,Revue prioritaire,76,orange-fibre-cross-domain-v1,orange-fibre-cross-domain-guideline-v1,
orange-fibre-cross-domain-v1,candidate-4e6e0c0b2fd37780,component-d2b6ad97d19d7ea4,803ZUvxiII9prsJ6oE5GDGdH,urn:openrag:openarchiver:attachment:4a3bd200-156a-4830-8ee5-11731d42ca19,urn:openrag:openarchiver:attachment:4a3bd200-156a-4830-8ee5-11731d42ca19,facture_9093277556_2023-11-06.pdf,CORE,2,orange-fibre-GT2-revue-a-faire.xlsx,document-review-stage-1,Revue prioritaire,59,orange-fibre-cross-domain-v1,orange-fibre-cross-domain-guideline-v1,
orange-fibre-cross-domain-v1,candidate-4e8c87d2ae5bfe73,component-d31c347b457d2780,zugDBmvsoZ_HG8FlC-iWHmnW,urn:openrag:openarchiver:email:6ca4c5b5-3440-4c50-8666-cecfa25916d5:bbf0fef1-8488-46cc-8e57-e23de6c035a4,urn:openrag:openarchiver:email:6ca4c5b5-3440-4c50-8666-cecfa25916d5:bbf0fef1-8488-46cc-8e57-e23de6c035a4,Votre facture est arrivée,CONTEXTUAL,1,orange-fibre-GT2-revue-a-faire.xlsx,document-review-stage-1,Revue prioritaire,61,orange-fibre-cross-domain-v1,orange-fibre-cross-domain-guideline-v1,
orange-fibre-cross-domain-v1,candidate-504183378da5edb1,component-02cd4ab679a785c2,kpZ54JNkGA4iRrRuSihedRaN,urn:openrag:openarchiver:email:6ca4c5b5-3440-4c50-8666-cecfa25916d5:25d10db8-a03c-47e8-b06a-0d79573e4545,urn:openrag:openarchiver:email:6ca4c5b5-3440-4c50-8666-cecfa25916d5:25d10db8-a03c-47e8-b06a-0d79573e4545,Enregistrement de votre commande,NOT_RELEVANT,0,orange-fibre-GT2-revue-a-faire.xlsx,document-review-stage-1,Revue prioritaire,121,orange-fibre-cross-domain-v1,orange-fibre-cross-domain-guideline-v1,
orange-fibre-cross-domain-v1,candidate-5151b145681198af,component-fe1ba499bdc02c0f,-MA_ad6wM1A8Be47pJM5LbLx,urn:openrag:openarchiver:attachment:74b3203b-e2d5-41a0-a590-587904761666,urn:openrag:openarchiver:attachment:74b3203b-e2d5-41a0-a590-587904761666,[SE NANTES] 2021-06-29_AVISERV _ Icam - Soutenance Industrielle.pdf,NOT_RELEVANT,0,orange-fibre-GT2-derniere-revue-ciblee.xlsx,document-review-stage-2,Contrôle négatif,12,orange-fibre-cross-domain-v1,orange-fibre-cross-domain-guideline-v1,
orange-fibre-cross-domain-v1,candidate-51d78470035b3e34,component-e12074bb88c51973,cQNuSevA_olMQTCHQHtgpfrl,urn:openrag:openarchiver:email:9e325a3e-b01f-40bf-8890-b400d4e3d7f4:f755e211-287f-4f9a-8082-818831a0d26b,urn:openrag:openarchiver:email:9e325a3e-b01f-40bf-8890-b400d4e3d7f4:f755e211-287f-4f9a-8082-818831a0d26b,Votre facture Internet est disponible,CONTEXTUAL,1,orange-fibre-GT2-revue-a-faire.xlsx,document-review-stage-1,Revue prioritaire,186,orange-fibre-cross-domain-v1,orange-fibre-cross-domain-guideline-v1,
orange-fibre-cross-domain-v1,candidate-52b3a8470a94531b,component-1df7334963116c38,2_oPjqjziRdDmmhDCf8CYlsI,urn:openrag:openarchiver:email:6ca4c5b5-3440-4c50-8666-cecfa25916d5:988de287-9dae-4e2e-93b7-ea572417d62f,urn:openrag:openarchiver:email:6ca4c5b5-3440-4c50-8666-cecfa25916d5:988de287-9dae-4e2e-93b7-ea572417d62f,Confirmation de votre commande,CORE,2,orange-fibre-GT2-revue-a-faire.xlsx,document-review-stage-1,Revue prioritaire,6,orange-fibre-cross-domain-v1,orange-fibre-cross-domain-guideline-v1,
orange-fibre-cross-domain-v1,candidate-5447899106d32219,component-797a348fa4269127,C11qk8HFHQBEzHQG_RQ3hEul,urn:openrag:openarchiver:email:9e325a3e-b01f-40bf-8890-b400d4e3d7f4:415b23d3-f126-4490-9880-a2ed06732262,urn:openrag:openarchiver:email:9e325a3e-b01f-40bf-8890-b400d4e3d7f4:415b23d3-f126-4490-9880-a2ed06732262,mail--415b23d3f126.eml,CORE,2,orange-fibre-GT2-revue-a-faire.xlsx,document-review-stage-1,Revue prioritaire,38,orange-fibre-cross-domain-v1,orange-fibre-cross-domain-guideline-v1,
orange-fibre-cross-domain-v1,candidate-551bea9bebeb1310,component-759a1a5ab89c6798,k6zZGnOVGhTgQyUFxI3HYXHU,urn:openrag:openarchiver:email:9e325a3e-b01f-40bf-8890-b400d4e3d7f4:90daac41-0c49-4103-8d4c-5bcd3c42389e,urn:openrag:openarchiver:email:9e325a3e-b01f-40bf-8890-b400d4e3d7f4:90daac41-0c49-4103-8d4c-5bcd3c42389e,Confirmation : votre installation fibre FERME DE POMMERIEUX,NOT_RELEVANT,0,orange-fibre-GT2-revue-a-faire.xlsx,document-review-stage-1,Revue prioritaire,152,orange-fibre-cross-domain-v1,orange-fibre-cross-domain-guideline-v1,
orange-fibre-cross-domain-v1,candidate-55f199ae9a291e6a,component-d2f1c6d177c82542,-6cMd82DFNKroTIr5dzG6MJc,urn:openrag:openarchiver:email:6ca4c5b5-3440-4c50-8666-cecfa25916d5:edd29382-9af7-4a05-b2d2-e114b63dfcd8,urn:openrag:openarchiver:email:6ca4c5b5-3440-4c50-8666-cecfa25916d5:edd29382-9af7-4a05-b2d2-e114b63dfcd8,RE: DT CIR 2014,NOT_RELEVANT,0,orange-fibre-GT2-derniere-revue-ciblee.xlsx,document-review-stage-2,Contrôle négatif,34,orange-fibre-cross-domain-v1,orange-fibre-cross-domain-guideline-v1,
orange-fibre-cross-domain-v1,candidate-569b3fa93e686329,component-21967138a5d4aeb3,5eYL_PR8H2LENxqXKZA7pyLt,urn:openrag:openarchiver:attachment:3abd983e-1d99-4784-9337-86f67c045986,urn:openrag:openarchiver:attachment:3abd983e-1d99-4784-9337-86f67c045986,Facture_EDF_10259002418.pdf,NOT_RELEVANT,0,orange-fibre-GT2-revue-a-faire.xlsx,document-review-stage-1,Contrôle négatif,30,orange-fibre-cross-domain-v1,orange-fibre-cross-domain-guideline-v1,
orange-fibre-cross-domain-v1,candidate-56d4dbc5a93926b6,component-7cc7ef08ab85d768,HnPMY5LEkYWJuZJJIEUXvXuY,urn:openrag:openarchiver:email:9e325a3e-b01f-40bf-8890-b400d4e3d7f4:390c0b9b-f3a6-458d-bf00-cdf881aa3486,urn:openrag:openarchiver:email:9e325a3e-b01f-40bf-8890-b400d4e3d7f4:390c0b9b-f3a6-458d-bf00-cdf881aa3486,Votre facture Internet est disponible,CONTEXTUAL,1,orange-fibre-GT2-revue-a-faire.xlsx,document-review-stage-1,Revue prioritaire,154,orange-fibre-cross-domain-v1,orange-fibre-cross-domain-guideline-v1,
orange-fibre-cross-domain-v1,candidate-57064db98624c102,component-b867fb7ec6e27e40,XD-FRsa69K5SF-7Zzlo7dZID,urn:openrag:openarchiver:email:9e325a3e-b01f-40bf-8890-b400d4e3d7f4:89573f54-42ca-47a9-ab80-5203e19811af,urn:openrag:openarchiver:email:9e325a3e-b01f-40bf-8890-b400d4e3d7f4:89573f54-42ca-47a9-ab80-5203e19811af,mail--89573f5442ca.eml,CORE,2,orange-fibre-GT2-revue-a-faire.xlsx,document-review-stage-1,Revue prioritaire,55,orange-fibre-cross-domain-v1,orange-fibre-cross-domain-guideline-v1,
orange-fibre-cross-domain-v1,candidate-575ef1da9145ace2,component-c547c5afd1fd4452,aBDMDyWigD006Jac9XRIq79S,urn:openrag:openarchiver:attachment:22308111-10e4-4342-8a06-195e7ff8ad9b,urn:openrag:openarchiver:attachment:22308111-10e4-4342-8a06-195e7ff8ad9b,Conditions_Generales_de_Vente_Sosh.pdf,NOT_RELEVANT,0,orange-fibre-GT2-derniere-revue-ciblee.xlsx,document-review-stage-2,Revue prioritaire,15,orange-fibre-cross-domain-v1,orange-fibre-cross-domain-guideline-v1,
orange-fibre-cross-domain-v1,candidate-57a12d1092dd603b,component-62d78922812baab4,FBi2bWn1Z3ifShisE_3QkSiS,urn:openrag:openarchiver:attachment:1d0c86ad-2095-47e5-9aa2-5f17fd168358,urn:openrag:openarchiver:attachment:1d0c86ad-2095-47e5-9aa2-5f17fd168358,Bon_de_commande_DEV-00787004.pdf,NOT_RELEVANT,0,orange-fibre-GT2-revue-a-faire.xlsx,document-review-stage-1,Revue prioritaire,144,orange-fibre-cross-domain-v1,orange-fibre-cross-domain-guideline-v1,
orange-fibre-cross-domain-v1,candidate-59739ddc85a2351a,component-97162335203ef55e,HvKd1glLmwbE-_DVrBMYn1Uw,urn:openrag:openarchiver:attachment:2927e92d-fc41-47d2-aa23-7bd8461dbae9,urn:openrag:openarchiver:attachment:2927e92d-fc41-47d2-aa23-7bd8461dbae9,Conditions Spécifiques des options Multi-SIM.pdf,NOT_RELEVANT,0,orange-fibre-GT2-revue-a-faire.xlsx,document-review-stage-1,Revue prioritaire,93,orange-fibre-cross-domain-v1,orange-fibre-cross-domain-guideline-v1,
orange-fibre-cross-domain-v1,candidate-5aedd33702b2e790,component-d2b6ad97d19d7ea4,b8Jf7Mcl86OoRORGYSSJiWm-,urn:openrag:openarchiver:email:9e325a3e-b01f-40bf-8890-b400d4e3d7f4:d94f7c98-3a0a-4d87-8f4e-9adf34e94eae,urn:openrag:openarchiver:email:9e325a3e-b01f-40bf-8890-b400d4e3d7f4:d94f7c98-3a0a-4d87-8f4e-9adf34e94eae,mail--d94f7c983a0a.eml,CORE,2,orange-fibre-GT2-revue-a-faire.xlsx,document-review-stage-1,Revue prioritaire,60,orange-fibre-cross-domain-v1,orange-fibre-cross-domain-guideline-v1,
orange-fibre-cross-domain-v1,candidate-5c3fc46a71d99928,component-cad5cb475c33c61f,gCkEnuxhCmg11gsD0cvUACdl,urn:openrag:openarchiver:email:6ca4c5b5-3440-4c50-8666-cecfa25916d5:7b0f59df-4b52-44db-a745-fb2e9418d1b5,urn:openrag:openarchiver:email:6ca4c5b5-3440-4c50-8666-cecfa25916d5:7b0f59df-4b52-44db-a745-fb2e9418d1b5,factures CIR CABL'INOV,NOT_RELEVANT,0,orange-fibre-GT2-revue-a-faire.xlsx,document-review-stage-1,Contrôle négatif,29,orange-fibre-cross-domain-v1,orange-fibre-cross-domain-guideline-v1,
orange-fibre-cross-domain-v1,candidate-5c592ff4b5a74e47,component-b867fb7ec6e27e40,fYpRCd0EDjdi4lu_ldnJwPL1,urn:openrag:openarchiver:attachment:2f83d6c5-7659-40ca-96c8-e40ed756c3ee,urn:openrag:openarchiver:attachment:2f83d6c5-7659-40ca-96c8-e40ed756c3ee,facture_9093277556_2024-01-05.pdf,CORE,2,orange-fibre-GT2-revue-a-faire.xlsx,document-review-stage-1,Revue prioritaire,54,orange-fibre-cross-domain-v1,orange-fibre-cross-domain-guideline-v1,
orange-fibre-cross-domain-v1,candidate-5c884810e191f1ba,component-a6ae4b9d55668e19,ZMkc0QKZHeK5iv3Dl3N0mSB8,urn:openrag:openarchiver:email:6ca4c5b5-3440-4c50-8666-cecfa25916d5:49599c03-9597-4b1a-a89b-22bd42d451bb,urn:openrag:openarchiver:email:6ca4c5b5-3440-4c50-8666-cecfa25916d5:49599c03-9597-4b1a-a89b-22bd42d451bb,Votre facture est arrivée,CONTEXTUAL,1,orange-fibre-GT2-revue-a-faire.xlsx,document-review-stage-1,Revue prioritaire,49,orange-fibre-cross-domain-v1,orange-fibre-cross-domain-guideline-v1,
orange-fibre-cross-domain-v1,candidate-5cd94966e8606c80,component-555d3a4028840bae,ak_wRm9UOMjKc4vr8wcPAetD,urn:openrag:openarchiver:email:6ca4c5b5-3440-4c50-8666-cecfa25916d5:c1afc67c-5ebf-477c-a857-06933459b74b,urn:openrag:openarchiver:email:6ca4c5b5-3440-4c50-8666-cecfa25916d5:c1afc67c-5ebf-477c-a857-06933459b74b,CABL'INOV,NOT_RELEVANT,0,orange-fibre-GT2-revue-a-faire.xlsx,document-review-stage-1,Revue prioritaire,82,orange-fibre-cross-domain-v1,orange-fibre-cross-domain-guideline-v1,
orange-fibre-cross-domain-v1,candidate-5cefb45c045a08f9,component-dca725566c399d43,-i0jI8buKXEckP5qQmYuRz6O,urn:openrag:openarchiver:email:6ca4c5b5-3440-4c50-8666-cecfa25916d5:cbe7c2d5-8e64-4bcc-8026-3b8706ca4c65,urn:openrag:openarchiver:email:6ca4c5b5-3440-4c50-8666-cecfa25916d5:cbe7c2d5-8e64-4bcc-8026-3b8706ca4c65,Votre derni?re facture Bouygues Telecom est disponible,NOT_RELEVANT,0,orange-fibre-GT2-revue-a-faire.xlsx,document-review-stage-1,Revue prioritaire,184,orange-fibre-cross-domain-v1,orange-fibre-cross-domain-guideline-v1,
orange-fibre-cross-domain-v1,candidate-5d439cd3102b0617,component-5f2623d86ab0a6f0,QnVP9mDfoDcfxs8nmGDHvLlZ,urn:openrag:openarchiver:email:6ca4c5b5-3440-4c50-8666-cecfa25916d5:d81a8abb-0c06-4b79-bbda-97d9aa2465d4,urn:openrag:openarchiver:email:6ca4c5b5-3440-4c50-8666-cecfa25916d5:d81a8abb-0c06-4b79-bbda-97d9aa2465d4,"Eloi, venez découvrir La Boîte Sosh à prix mini !",CORE,2,orange-fibre-GT2-revue-a-faire.xlsx,document-review-stage-1,Revue prioritaire,84,orange-fibre-cross-domain-v1,orange-fibre-cross-domain-guideline-v1,
orange-fibre-cross-domain-v1,candidate-5e28b71354bb3831,component-9be67f0c1beab356,tW8tYzg33L9wC_b7dX7Y8nW8,urn:openrag:openarchiver:email:9e325a3e-b01f-40bf-8890-b400d4e3d7f4:a34a48ba-57a7-4880-b4ae-45076b734442,urn:openrag:openarchiver:email:9e325a3e-b01f-40bf-8890-b400d4e3d7f4:a34a48ba-57a7-4880-b4ae-45076b734442,Proposition de partenariat pour hébergement de nœud télécom à Nouan-le-Fuzelier,CONTEXTUAL,1,orange-fibre-GT2-revue-a-faire.xlsx,document-review-stage-1,Revue prioritaire,95,orange-fibre-cross-domain-v1,orange-fibre-cross-domain-guideline-v1,
orange-fibre-cross-domain-v1,candidate-5e52d2d98dd9d68f,component-453dbdf7df724ac7,RrQodRTjEJLdXF-p3gxt4jgd,urn:openrag:openarchiver:email:6ca4c5b5-3440-4c50-8666-cecfa25916d5:57c2ea79-6ee6-4c67-adf7-82d9ce54075a,urn:openrag:openarchiver:email:6ca4c5b5-3440-4c50-8666-cecfa25916d5:57c2ea79-6ee6-4c67-adf7-82d9ce54075a,Et si vous passiez chez Sosh pour votre abonnement internet ?,CORE,2,orange-fibre-GT2-revue-a-faire.xlsx,document-review-stage-1,Revue prioritaire,21,orange-fibre-cross-domain-v1,orange-fibre-cross-domain-guideline-v1,
orange-fibre-cross-domain-v1,candidate-5e90c1b064ba652d,component-d2949ad5aa38c4c2,LENBasPfnWiXb7VV9ShqlRtl,urn:openrag:openarchiver:email:9e325a3e-b01f-40bf-8890-b400d4e3d7f4:e8a5250a-9234-4e38-bf78-120b26149fa3,urn:openrag:openarchiver:email:9e325a3e-b01f-40bf-8890-b400d4e3d7f4:e8a5250a-9234-4e38-bf78-120b26149fa3,Préparation à la prochaine mandature - important,NOT_RELEVANT,0,orange-fibre-GT2-derniere-revue-ciblee.xlsx,document-review-stage-2,Contrôle négatif,31,orange-fibre-cross-domain-v1,orange-fibre-cross-domain-guideline-v1,
orange-fibre-cross-domain-v1,candidate-5ea8da5173901698,component-1458fdf3ae1bb1b7,FoyDvgr3Wm69UsG3cI0NAwr7,urn:openrag:openarchiver:email:6ca4c5b5-3440-4c50-8666-cecfa25916d5:7f1657d5-b542-49ae-a5ba-6f172792f6a9,urn:openrag:openarchiver:email:6ca4c5b5-3440-4c50-8666-cecfa25916d5:7f1657d5-b542-49ae-a5ba-6f172792f6a9,Votre facture est arrivée,CONTEXTUAL,1,orange-fibre-GT2-revue-a-faire.xlsx,document-review-stage-1,Revue prioritaire,3,orange-fibre-cross-domain-v1,orange-fibre-cross-domain-guideline-v1,
orange-fibre-cross-domain-v1,candidate-60e58b0ec79151f4,component-7cd09e617dfcce1b,cYuDtrcpwD_XzcpOIFPSVeNe,urn:openrag:openarchiver:attachment:1b05474b-25b6-4950-9a84-cb0defd9ad31,urn:openrag:openarchiver:attachment:1b05474b-25b6-4950-9a84-cb0defd9ad31,FR65863789.pdf,NOT_RELEVANT,0,orange-fibre-GT2-derniere-revue-ciblee.xlsx,document-review-stage-2,Contrôle négatif,56,orange-fibre-cross-domain-v1,orange-fibre-cross-domain-guideline-v1,
orange-fibre-cross-domain-v1,candidate-61b17093a22578bd,component-70d583592c58eaf5,-C-2V_KhTLJS6eFTe9r1IXIp,urn:openrag:openarchiver:email:6ca4c5b5-3440-4c50-8666-cecfa25916d5:b73a36c3-67e0-4efb-a1f2-3dfe5c591838,urn:openrag:openarchiver:email:6ca4c5b5-3440-4c50-8666-cecfa25916d5:b73a36c3-67e0-4efb-a1f2-3dfe5c591838,Votre paiement par carte bancaire est pris en compte,NOT_RELEVANT,0,orange-fibre-GT2-revue-a-faire.xlsx,document-review-stage-1,Revue prioritaire,89,orange-fibre-cross-domain-v1,orange-fibre-cross-domain-guideline-v1,
orange-fibre-cross-domain-v1,candidate-61d4e533ce483233,component-99a59c7264b7289c,tgrUjeTMW3qyulXziiGrYoTH,urn:openrag:openarchiver:email:6ca4c5b5-3440-4c50-8666-cecfa25916d5:c70cc409-ad8c-4b28-8e61-ae10fb9cb614,urn:openrag:openarchiver:email:6ca4c5b5-3440-4c50-8666-cecfa25916d5:c70cc409-ad8c-4b28-8e61-ae10fb9cb614,Votre changement de Code secret,NOT_RELEVANT,0,orange-fibre-GT2-revue-a-faire.xlsx,document-review-stage-1,Revue prioritaire,157,orange-fibre-cross-domain-v1,orange-fibre-cross-domain-guideline-v1,
orange-fibre-cross-domain-v1,candidate-61ed0c66a6569e2a,component-e1f103ce76fab65f,0kPtqdu2XNomIO-LhIq4gjcu,urn:openrag:openarchiver:attachment:7212de69-b6f4-493c-8b38-7478791478ef,urn:openrag:openarchiver:attachment:7212de69-b6f4-493c-8b38-7478791478ef,Grand-livre général 6 a 8 ANNEE 2024.pdf,CONTEXTUAL,1,orange-fibre-GT2-revue-a-faire.xlsx,document-review-stage-1,Revue prioritaire,111,orange-fibre-cross-domain-v1,orange-fibre-cross-domain-guideline-v1,
orange-fibre-cross-domain-v1,candidate-632231bb74da6db5,component-66f7c56f1d3908ca,GO20QvknCGiAtckYZF7i2OU2,urn:openrag:openarchiver:email:6ca4c5b5-3440-4c50-8666-cecfa25916d5:e59b1cd6-1a38-44b2-961b-c5bfd22343ff,urn:openrag:openarchiver:email:6ca4c5b5-3440-4c50-8666-cecfa25916d5:e59b1cd6-1a38-44b2-961b-c5bfd22343ff,Et si vous passiez chez Sosh pour votre abonnement internet ?,CORE,2,orange-fibre-GT2-revue-a-faire.xlsx,document-review-stage-1,Revue prioritaire,31,orange-fibre-cross-domain-v1,orange-fibre-cross-domain-guideline-v1,
orange-fibre-cross-domain-v1,candidate-64226698bb558f3f,component-e1432b98600c50c4,h3U2ZD1ONEt93kYmJK84Dk4s,urn:openrag:openarchiver:attachment:66dad0b3-f435-4e89-ba03-7f321ef7249f,urn:openrag:openarchiver:attachment:66dad0b3-f435-4e89-ba03-7f321ef7249f,023424 C1 plaquette 12.2021.pdf,CONTEXTUAL,1,orange-fibre-GT2-revue-a-faire.xlsx,document-review-stage-1,Revue prioritaire,103,orange-fibre-cross-domain-v1,orange-fibre-cross-domain-guideline-v1,
orange-fibre-cross-domain-v1,candidate-6432aa277d554bd5,component-defa6952bd91f9b3,o0dxk7Fo8z6vA-VeqKovPhmO,urn:openrag:openarchiver:attachment:79e0666a-3cb0-4762-af18-5eb6be9329e5,urn:openrag:openarchiver:attachment:79e0666a-3cb0-4762-af18-5eb6be9329e5,facture_9073083280_2025-12-04.pdf,NOT_RELEVANT,0,orange-fibre-GT2-derniere-revue-ciblee.xlsx,document-review-stage-2,Revue prioritaire,14,orange-fibre-cross-domain-v1,orange-fibre-cross-domain-guideline-v1,
orange-fibre-cross-domain-v1,candidate-653ad2040564b7c0,component-87b001e621c80d58,vgVcStwvuAXsHAToOqFk4mvZ,urn:openrag:openarchiver:email:6ca4c5b5-3440-4c50-8666-cecfa25916d5:63225106-accd-420c-8bbc-0a877fa174ea,urn:openrag:openarchiver:email:6ca4c5b5-3440-4c50-8666-cecfa25916d5:63225106-accd-420c-8bbc-0a877fa174ea,Votre facture est disponible,CONTEXTUAL,1,orange-fibre-GT2-revue-a-faire.xlsx,document-review-stage-1,Revue prioritaire,42,orange-fibre-cross-domain-v1,orange-fibre-cross-domain-guideline-v1,
orange-fibre-cross-domain-v1,candidate-653e3e6011fb1d68,component-2f657ce12019f3d9,RzgtyqzqL44r_Y4XXIkfQdJ6,urn:openrag:openarchiver:email:9e325a3e-b01f-40bf-8890-b400d4e3d7f4:596caade-aaf5-46bd-963f-7ba3191f23d5,urn:openrag:openarchiver:email:9e325a3e-b01f-40bf-8890-b400d4e3d7f4:596caade-aaf5-46bd-963f-7ba3191f23d5,RE: Voitures,NOT_RELEVANT,0,orange-fibre-GT2-revue-a-faire.xlsx,document-review-stage-1,Contrôle négatif,2,orange-fibre-cross-domain-v1,orange-fibre-cross-domain-guideline-v1,
orange-fibre-cross-domain-v1,candidate-65c596978a466e45,component-76621d9f7139b680,XY6v_fVR411O24UHOpXGcEv7,urn:openrag:openarchiver:attachment:555bcc26-f2d5-413a-a93f-c48b2dac53b0,urn:openrag:openarchiver:attachment:555bcc26-f2d5-413a-a93f-c48b2dac53b0,251016-facture_9073083280_2025-10-06.pdf,NOT_RELEVANT,0,orange-fibre-GT2-derniere-revue-ciblee.xlsx,document-review-stage-2,Revue prioritaire,2,orange-fibre-cross-domain-v1,orange-fibre-cross-domain-guideline-v1,
orange-fibre-cross-domain-v1,candidate-66fb1b67f72a8cfe,component-7bbbdc1bd00a68cb,KizHgCdnjXXNF94LUB8o9-6M,urn:openrag:openarchiver:email:9e325a3e-b01f-40bf-8890-b400d4e3d7f4:30dc3eae-d8a3-4f5f-8917-61a90735729b,urn:openrag:openarchiver:email:9e325a3e-b01f-40bf-8890-b400d4e3d7f4:30dc3eae-d8a3-4f5f-8917-61a90735729b,Re: Suite Vente du 27 Mars 2023,NOT_RELEVANT,0,orange-fibre-GT2-derniere-revue-ciblee.xlsx,document-review-stage-2,Contrôle négatif,57,orange-fibre-cross-domain-v1,orange-fibre-cross-domain-guideline-v1,
orange-fibre-cross-domain-v1,candidate-67bf232b78ee004f,component-f875a34b7c9d0a32,VchamYYVc1zT19OtYHwMWXXV,urn:openrag:openarchiver:email:6ca4c5b5-3440-4c50-8666-cecfa25916d5:34eb6b3e-f6da-4511-bfdc-16dc4581bd36,urn:openrag:openarchiver:email:6ca4c5b5-3440-4c50-8666-cecfa25916d5:34eb6b3e-f6da-4511-bfdc-16dc4581bd36,Vous avez choisi la Boîte Sosh Fibre (Rappel),CORE,2,orange-fibre-GT2-revue-a-faire.xlsx,document-review-stage-1,Revue prioritaire,64,orange-fibre-cross-domain-v1,orange-fibre-cross-domain-guideline-v1,
orange-fibre-cross-domain-v1,candidate-67ca4450a0f4783c,component-9b28b0fbcb0672b2,GnmtLnfVWAgkhaFbjUkUa4Gz,urn:openrag:openarchiver:email:9e325a3e-b01f-40bf-8890-b400d4e3d7f4:52c0dafd-625c-411b-8754-4c6288a638ee,urn:openrag:openarchiver:email:9e325a3e-b01f-40bf-8890-b400d4e3d7f4:52c0dafd-625c-411b-8754-4c6288a638ee,Votre résiliation en cours,CORE,2,orange-fibre-GT2-revue-a-faire.xlsx,document-review-stage-1,Contrôle négatif,42,orange-fibre-cross-domain-v1,orange-fibre-cross-domain-guideline-v1,
orange-fibre-cross-domain-v1,candidate-68086c512c973308,component-2efe8142feda356b,j2RdFIYItQnt662l15o_xH4k,urn:openrag:openarchiver:email:6ca4c5b5-3440-4c50-8666-cecfa25916d5:62302aeb-957d-4ed4-8568-77d41603fc1b,urn:openrag:openarchiver:email:6ca4c5b5-3440-4c50-8666-cecfa25916d5:62302aeb-957d-4ed4-8568-77d41603fc1b,Votre facture est arrivée,CONTEXTUAL,1,orange-fibre-GT2-revue-a-faire.xlsx,document-review-stage-1,Revue prioritaire,13,orange-fibre-cross-domain-v1,orange-fibre-cross-domain-guideline-v1,
orange-fibre-cross-domain-v1,candidate-69906012b8c5fdc2,component-9419cbcfea5934bd,zQPwAf9RsnNjZX_KsWK_uF5I,urn:openrag:openarchiver:attachment:6d20a80e-46f2-4956-9c74-3c5d70daecf7,urn:openrag:openarchiver:attachment:6d20a80e-46f2-4956-9c74-3c5d70daecf7,facture_9073083280_2024-11-04.pdf,NOT_RELEVANT,0,orange-fibre-GT2-derniere-revue-ciblee.xlsx,document-review-stage-2,Revue prioritaire,3,orange-fibre-cross-domain-v1,orange-fibre-cross-domain-guideline-v1,
orange-fibre-cross-domain-v1,candidate-6a3b09a8b8e115f4,component-fc47f21f6f9ba57b,-Ze9lUOv7Iw9lz_lmBeM924t,urn:openrag:openarchiver:email:6ca4c5b5-3440-4c50-8666-cecfa25916d5:78713f6a-01b2-4892-b9bb-002360aff2df,urn:openrag:openarchiver:email:6ca4c5b5-3440-4c50-8666-cecfa25916d5:78713f6a-01b2-4892-b9bb-002360aff2df,Suivez votre demande en ligne,NOT_RELEVANT,0,orange-fibre-GT2-revue-a-faire.xlsx,document-review-stage-1,Revue prioritaire,199,orange-fibre-cross-domain-v1,orange-fibre-cross-domain-guideline-v1,
orange-fibre-cross-domain-v1,candidate-6cd2c7e602acc905,component-fe573d8abcf697ae,2mEKZYZjiWOd2zSb1XyrQ5TX,urn:openrag:openarchiver:email:6ca4c5b5-3440-4c50-8666-cecfa25916d5:ce42333d-f7ba-4f1e-92d9-db2308667174,urn:openrag:openarchiver:email:6ca4c5b5-3440-4c50-8666-cecfa25916d5:ce42333d-f7ba-4f1e-92d9-db2308667174,Votre facture est arrivée,CONTEXTUAL,1,orange-fibre-GT2-revue-a-faire.xlsx,document-review-stage-1,Revue prioritaire,65,orange-fibre-cross-domain-v1,orange-fibre-cross-domain-guideline-v1,
orange-fibre-cross-domain-v1,candidate-6d7015f0e518d0e8,component-14b9aad383067b84,gZCysj2zEu2G_nngMJA385h8,urn:openrag:openarchiver:email:9e325a3e-b01f-40bf-8890-b400d4e3d7f4:667cd526-9b06-4b54-841f-96238efc344a,urn:openrag:openarchiver:email:9e325a3e-b01f-40bf-8890-b400d4e3d7f4:667cd526-9b06-4b54-841f-96238efc344a,EARL FERME DE POMMERIEUX _ bilan 2021,NOT_RELEVANT,0,orange-fibre-GT2-revue-a-faire.xlsx,document-review-stage-1,Revue prioritaire,75,orange-fibre-cross-domain-v1,orange-fibre-cross-domain-guideline-v1,
orange-fibre-cross-domain-v1,candidate-6df242d738aa92b7,component-7069fc7796e4131c,LT1MT1tg2K8QTGNTr73vmTe1,urn:openrag:openarchiver:email:6ca4c5b5-3440-4c50-8666-cecfa25916d5:1eea0530-f559-4349-b21c-dd0493ea84b4,urn:openrag:openarchiver:email:6ca4c5b5-3440-4c50-8666-cecfa25916d5:1eea0530-f559-4349-b21c-dd0493ea84b4,Votre facture est disponible,CONTEXTUAL,1,orange-fibre-GT2-revue-a-faire.xlsx,document-review-stage-1,Revue prioritaire,33,orange-fibre-cross-domain-v1,orange-fibre-cross-domain-guideline-v1,
orange-fibre-cross-domain-v1,candidate-6ef6cb1fba7cad4f,component-e943111e74321a59,sPC9GscQL2f_WvQdQDhgxRHx,urn:openrag:openarchiver:email:6ca4c5b5-3440-4c50-8666-cecfa25916d5:7d6658b6-aae0-4f5b-ac2d-b81e4e70ed4c,urn:openrag:openarchiver:email:6ca4c5b5-3440-4c50-8666-cecfa25916d5:7d6658b6-aae0-4f5b-ac2d-b81e4e70ed4c,Votre derni?re facture Bouygues Telecom est disponible,NOT_RELEVANT,0,orange-fibre-GT2-revue-a-faire.xlsx,document-review-stage-1,Revue prioritaire,190,orange-fibre-cross-domain-v1,orange-fibre-cross-domain-guideline-v1,
orange-fibre-cross-domain-v1,candidate-7155916c8df72bca,component-538ff02ec1e8894d,9rKYnbM8qokQvqsGHSCTdd-R,urn:openrag:openarchiver:email:6ca4c5b5-3440-4c50-8666-cecfa25916d5:63cbf914-ea19-4328-a970-ea96b3e7c38d,urn:openrag:openarchiver:email:6ca4c5b5-3440-4c50-8666-cecfa25916d5:63cbf914-ea19-4328-a970-ea96b3e7c38d,Et si vous passiez chez Sosh pour votre abonnement internet ?,CORE,2,orange-fibre-GT2-revue-a-faire.xlsx,document-review-stage-1,Revue prioritaire,27,orange-fibre-cross-domain-v1,orange-fibre-cross-domain-guideline-v1,
orange-fibre-cross-domain-v1,candidate-72620b0646be76ae,component-af93e436da910872,vmKJr7r5t9TmuYu6wW6bjdL1,urn:openrag:openarchiver:attachment:5ba34af5-9a9e-43be-b3ee-023626cb03fd,urn:openrag:openarchiver:attachment:5ba34af5-9a9e-43be-b3ee-023626cb03fd,CR_Ateliers 28.06.docx,NOT_RELEVANT,0,orange-fibre-GT2-derniere-revue-ciblee.xlsx,document-review-stage-2,Contrôle négatif,22,orange-fibre-cross-domain-v1,orange-fibre-cross-domain-guideline-v1,
orange-fibre-cross-domain-v1,candidate-72d63757faaeaab4,component-b90477890a358bcd,evwxypQTvsQiMuWvvaETr_-S,urn:openrag:openarchiver:email:9e325a3e-b01f-40bf-8890-b400d4e3d7f4:c307e713-f576-4978-b4dc-4987d36557c7,urn:openrag:openarchiver:email:9e325a3e-b01f-40bf-8890-b400d4e3d7f4:c307e713-f576-4978-b4dc-4987d36557c7,"Groupe de travail "" Cahier des charges""",NOT_RELEVANT,0,orange-fibre-GT2-revue-a-faire.xlsx,document-review-stage-1,Contrôle négatif,40,orange-fibre-cross-domain-v1,orange-fibre-cross-domain-guideline-v1,
orange-fibre-cross-domain-v1,candidate-73c72a37499fded7,component-4bf63e7ed8503c68,3TjD8xFiyQHHN3pD2NyB12yz,urn:openrag:openarchiver:email:9e325a3e-b01f-40bf-8890-b400d4e3d7f4:bd4852d6-3799-40f6-b213-0c8f6b9e2064,urn:openrag:openarchiver:email:9e325a3e-b01f-40bf-8890-b400d4e3d7f4:bd4852d6-3799-40f6-b213-0c8f6b9e2064,Re: Voitures - Transport,NOT_RELEVANT,0,orange-fibre-GT2-revue-a-faire.xlsx,document-review-stage-1,Contrôle négatif,12,orange-fibre-cross-domain-v1,orange-fibre-cross-domain-guideline-v1,
orange-fibre-cross-domain-v1,candidate-74942ba8c04a2ab0,component-530bba1248b3afd3,TpCIPSIRp15wnNS1y4gs4W2S,urn:openrag:openarchiver:email:6ca4c5b5-3440-4c50-8666-cecfa25916d5:6b3588b1-e770-47ba-a81e-d86a57eb87da,urn:openrag:openarchiver:email:6ca4c5b5-3440-4c50-8666-cecfa25916d5:6b3588b1-e770-47ba-a81e-d86a57eb87da,"On vient de faire la résiliation, ELOI !",NOT_RELEVANT,0,orange-fibre-GT2-derniere-revue-ciblee.xlsx,document-review-stage-2,Revue prioritaire,27,orange-fibre-cross-domain-v1,orange-fibre-cross-domain-guideline-v1,
orange-fibre-cross-domain-v1,candidate-74e527b6b7376917,component-f7e91e81efe09b6e,O4IVlfN7tOBu0Nu1f7k5Mjq5,urn:openrag:openarchiver:email:9e325a3e-b01f-40bf-8890-b400d4e3d7f4:47f18705-a8de-4488-8ad9-c5eebc2ab3b1,urn:openrag:openarchiver:email:9e325a3e-b01f-40bf-8890-b400d4e3d7f4:47f18705-a8de-4488-8ad9-c5eebc2ab3b1,Votre facture Internet est en ligne,CONTEXTUAL,1,orange-fibre-GT2-revue-a-faire.xlsx,document-review-stage-1,Revue prioritaire,197,orange-fibre-cross-domain-v1,orange-fibre-cross-domain-guideline-v1,
orange-fibre-cross-domain-v1,candidate-75aef5829e6aed86,component-c0d420d084c3d5a9,krvnvNT1Jm0Gu4yImn44pEDn,urn:openrag:openarchiver:email:6ca4c5b5-3440-4c50-8666-cecfa25916d5:5c5d3ddc-f003-4c5e-bc54-92f4e6bda592,urn:openrag:openarchiver:email:6ca4c5b5-3440-4c50-8666-cecfa25916d5:5c5d3ddc-f003-4c5e-bc54-92f4e6bda592,À propos du mot de passe de votre compte Sosh,NOT_RELEVANT,0,orange-fibre-GT2-revue-a-faire.xlsx,document-review-stage-1,Revue prioritaire,99,orange-fibre-cross-domain-v1,orange-fibre-cross-domain-guideline-v1,
orange-fibre-cross-domain-v1,candidate-75b52e47e56afba3,component-a4d1d2a7286f20e1,LIaoxSWZ2F6jae-7MDXtO9Ge,urn:openrag:openarchiver:email:9e325a3e-b01f-40bf-8890-b400d4e3d7f4:70c3f747-86fc-4ddd-af9b-d1f3fa1a930a,urn:openrag:openarchiver:email:9e325a3e-b01f-40bf-8890-b400d4e3d7f4:70c3f747-86fc-4ddd-af9b-d1f3fa1a930a,Re: Voitures - Transport,NOT_RELEVANT,0,orange-fibre-GT2-revue-a-faire.xlsx,document-review-stage-1,Contrôle négatif,8,orange-fibre-cross-domain-v1,orange-fibre-cross-domain-guideline-v1,
orange-fibre-cross-domain-v1,candidate-77159b884dd490fe,component-65281fd33eb33740,wjqod3M2CyPayp6kO1KAMvzA,urn:openrag:openarchiver:email:6ca4c5b5-3440-4c50-8666-cecfa25916d5:6b6b76c1-3c51-42bd-a804-783fa0afe703,urn:openrag:openarchiver:email:6ca4c5b5-3440-4c50-8666-cecfa25916d5:6b6b76c1-3c51-42bd-a804-783fa0afe703,Votre facture Internet est disponible,CONTEXTUAL,1,orange-fibre-GT2-revue-a-faire.xlsx,document-review-stage-1,Revue prioritaire,30,orange-fibre-cross-domain-v1,orange-fibre-cross-domain-guideline-v1,
orange-fibre-cross-domain-v1,candidate-7717f2772b796c31,component-0f5c938228609387,J6rtNjo2MlK_Xr5Tkq7wYBhA,urn:openrag:openarchiver:email:9e325a3e-b01f-40bf-8890-b400d4e3d7f4:cde27889-f221-4bfd-b5a2-3926da63a85d,urn:openrag:openarchiver:email:9e325a3e-b01f-40bf-8890-b400d4e3d7f4:cde27889-f221-4bfd-b5a2-3926da63a85d,Votre facture Internet est en ligne,CONTEXTUAL,1,orange-fibre-GT2-revue-a-faire.xlsx,document-review-stage-1,Revue prioritaire,127,orange-fibre-cross-domain-v1,orange-fibre-cross-domain-guideline-v1,
orange-fibre-cross-domain-v1,candidate-775bee5f1a6700dc,component-d3e1db0c9a150834,oqLRLk3ByHFPhPqS0AeNhTMo,urn:openrag:openarchiver:attachment:5dfb2dac-746e-4c51-9a5c-5020d5207b99,urn:openrag:openarchiver:attachment:5dfb2dac-746e-4c51-9a5c-5020d5207b99,facture_9073083280_2024-09-04.pdf,NOT_RELEVANT,0,orange-fibre-GT2-derniere-revue-ciblee.xlsx,document-review-stage-2,Revue prioritaire,9,orange-fibre-cross-domain-v1,orange-fibre-cross-domain-guideline-v1,
orange-fibre-cross-domain-v1,candidate-77c8582e7e53fb47,component-803f917aa94ec411,uiBade-WhmuN4CIKV-AxDKcc,urn:openrag:openarchiver:email:6ca4c5b5-3440-4c50-8666-cecfa25916d5:00e0a09b-81d4-4094-88bc-d70130b44c93,urn:openrag:openarchiver:email:6ca4c5b5-3440-4c50-8666-cecfa25916d5:00e0a09b-81d4-4094-88bc-d70130b44c93,dossier CIR pour relecture,NOT_RELEVANT,0,orange-fibre-GT2-revue-a-faire.xlsx,document-review-stage-1,Contrôle négatif,34,orange-fibre-cross-domain-v1,orange-fibre-cross-domain-guideline-v1,
orange-fibre-cross-domain-v1,candidate-793148301b3cd925,component-80e1f999c507bce4,r3uoqZi3SluWV7v0KYBkvyhZ,urn:openrag:openarchiver:email:6ca4c5b5-3440-4c50-8666-cecfa25916d5:369e5ef7-465b-4b5f-bff6-ef89d5f6a2ae,urn:openrag:openarchiver:email:6ca4c5b5-3440-4c50-8666-cecfa25916d5:369e5ef7-465b-4b5f-bff6-ef89d5f6a2ae,Votre derni?re facture Bouygues Telecom est disponible,NOT_RELEVANT,0,orange-fibre-GT2-revue-a-faire.xlsx,document-review-stage-1,Revue prioritaire,92,orange-fibre-cross-domain-v1,orange-fibre-cross-domain-guideline-v1,
orange-fibre-cross-domain-v1,candidate-7bab0144aa22b3b2,component-c4f21cc3dfb5e91b,Tj6dgFNRe9Hhe87Bw2FyNfnR,urn:openrag:openarchiver:attachment:11bad62e-3ae7-4ef2-ba94-4609de6b4dc7,urn:openrag:openarchiver:attachment:11bad62e-3ae7-4ef2-ba94-4609de6b4dc7,NotificationFacture.html,NOT_RELEVANT,0,orange-fibre-GT2-revue-a-faire.xlsx,document-review-stage-1,Revue prioritaire,176,orange-fibre-cross-domain-v1,orange-fibre-cross-domain-guideline-v1,
orange-fibre-cross-domain-v1,candidate-7bc2a337f882697e,component-1eb749e1bcb25a1b,Zqq9f5XCX7KaWF_27fnszNuS,urn:openrag:openarchiver:email:6ca4c5b5-3440-4c50-8666-cecfa25916d5:e0015bbe-3207-47cf-af19-03a373e2d33e,urn:openrag:openarchiver:email:6ca4c5b5-3440-4c50-8666-cecfa25916d5:e0015bbe-3207-47cf-af19-03a373e2d33e,Votre facture est arrivée,CONTEXTUAL,1,orange-fibre-GT2-revue-a-faire.xlsx,document-review-stage-1,Revue prioritaire,7,orange-fibre-cross-domain-v1,orange-fibre-cross-domain-guideline-v1,
orange-fibre-cross-domain-v1,candidate-7c2b4db190178eec,component-6811f012f981916c,bEoA0mtghSVp0Qxa4i8oA1jV,urn:openrag:openarchiver:email:9e325a3e-b01f-40bf-8890-b400d4e3d7f4:9eef2d15-3dc4-4890-805f-2b7113770ba8,urn:openrag:openarchiver:email:9e325a3e-b01f-40bf-8890-b400d4e3d7f4:9eef2d15-3dc4-4890-805f-2b7113770ba8,"FNSEA 41 - ""Anti-tout"" : restons vigilants",NOT_RELEVANT,0,orange-fibre-GT2-revue-a-faire.xlsx,document-review-stage-1,Contrôle négatif,16,orange-fibre-cross-domain-v1,orange-fibre-cross-domain-guideline-v1,
orange-fibre-cross-domain-v1,candidate-7d0b5d557d075a74,component-cbc3b2035af9c101,gofYTQ0sGTZgi--7zbkNW2qj,urn:openrag:openarchiver:email:9e325a3e-b01f-40bf-8890-b400d4e3d7f4:ff0df171-3407-44d7-b1d8-9d5938b2e74f,urn:openrag:openarchiver:email:9e325a3e-b01f-40bf-8890-b400d4e3d7f4:ff0df171-3407-44d7-b1d8-9d5938b2e74f,Consultez les documents relatifs à nos offres Freebox,NOT_RELEVANT,0,orange-fibre-GT2-revue-a-faire.xlsx,document-review-stage-1,Revue prioritaire,101,orange-fibre-cross-domain-v1,orange-fibre-cross-domain-guideline-v1,
orange-fibre-cross-domain-v1,candidate-7daae41aead191cd,component-347358acc44cc67d,R2JxM5twu7csw0H1b8Lp44sI,urn:openrag:openarchiver:email:6ca4c5b5-3440-4c50-8666-cecfa25916d5:8fd527ba-1c75-4dbc-bf6f-b72b84f3a8ef,urn:openrag:openarchiver:email:6ca4c5b5-3440-4c50-8666-cecfa25916d5:8fd527ba-1c75-4dbc-bf6f-b72b84f3a8ef,Demande envoyée à l'établissement B&B HOTEL Poitiers 1 Futuroscope,NOT_RELEVANT,0,orange-fibre-GT2-derniere-revue-ciblee.xlsx,document-review-stage-2,Contrôle négatif,33,orange-fibre-cross-domain-v1,orange-fibre-cross-domain-guideline-v1,
orange-fibre-cross-domain-v1,candidate-7e741d1e65bd97e8,component-a944c055d2d47974,YnqV9tL7mBhXieQ-qwDpmj9A,urn:openrag:openarchiver:attachment:05609579-5fce-4824-ac35-bd6f07d74a29,urn:openrag:openarchiver:attachment:05609579-5fce-4824-ac35-bd6f07d74a29,FCO 3 et MHE .pdf,NOT_RELEVANT,0,orange-fibre-GT2-derniere-revue-ciblee.xlsx,document-review-stage-2,Contrôle négatif,45,orange-fibre-cross-domain-v1,orange-fibre-cross-domain-guideline-v1,
orange-fibre-cross-domain-v1,candidate-7f35140c912d5635,component-990d809eab8449f9,LhwimPHxYLT8rXSUwwq7SgpP,urn:openrag:openarchiver:attachment:609d5843-428f-4ea9-ac84-848f0082381f,urn:openrag:openarchiver:attachment:609d5843-428f-4ea9-ac84-848f0082381f,facture_9093277556_2023-12-05.pdf,CORE,2,orange-fibre-GT2-revue-a-faire.xlsx,document-review-stage-1,Revue prioritaire,45,orange-fibre-cross-domain-v1,orange-fibre-cross-domain-guideline-v1,
orange-fibre-cross-domain-v1,candidate-8116a91a95feb3a6,component-108a67c06a7fd75f,jxnw3ivNe-j1pbA-6VLAMNzz,urn:openrag:openarchiver:attachment:501cd4b6-9899-419c-8247-7214c1b3426b,urn:openrag:openarchiver:attachment:501cd4b6-9899-419c-8247-7214c1b3426b,NotificationFacture.html,NOT_RELEVANT,0,orange-fibre-GT2-revue-a-faire.xlsx,document-review-stage-1,Revue prioritaire,72,orange-fibre-cross-domain-v1,orange-fibre-cross-domain-guideline-v1,
orange-fibre-cross-domain-v1,candidate-81551f88c52d416a,component-719e40f3171b0c7d,E7x4RGSFr4KzJ4DKssdFz_gi,urn:openrag:openarchiver:email:6ca4c5b5-3440-4c50-8666-cecfa25916d5:4e57c5a2-eff8-4103-829b-074e3b22ba1a,urn:openrag:openarchiver:email:6ca4c5b5-3440-4c50-8666-cecfa25916d5:4e57c5a2-eff8-4103-829b-074e3b22ba1a,Votre nouveau mot de passe a bien été enregistré,NOT_RELEVANT,0,orange-fibre-GT2-derniere-revue-ciblee.xlsx,document-review-stage-2,Contrôle négatif,10,orange-fibre-cross-domain-v1,orange-fibre-cross-domain-guideline-v1,
orange-fibre-cross-domain-v1,candidate-81c1a1f8107a7085,component-5e4ca5060e385a0c,NJErtALElvlCHPGOpdzBSXrD,urn:openrag:openarchiver:email:6ca4c5b5-3440-4c50-8666-cecfa25916d5:588a9c10-2792-4677-a8aa-9ce9d6c3ff60,urn:openrag:openarchiver:email:6ca4c5b5-3440-4c50-8666-cecfa25916d5:588a9c10-2792-4677-a8aa-9ce9d6c3ff60,Votre facture Internet est disponible,CONTEXTUAL,1,orange-fibre-GT2-revue-a-faire.xlsx,document-review-stage-1,Revue prioritaire,29,orange-fibre-cross-domain-v1,orange-fibre-cross-domain-guideline-v1,
orange-fibre-cross-domain-v1,candidate-82c0937b76d61279,component-2b729119dc01784b,4a3krDqhPKGoANJhZBj3FA2D,urn:openrag:openarchiver:attachment:3e84d898-e8fc-4060-9289-e0a42faa5208,urn:openrag:openarchiver:attachment:3e84d898-e8fc-4060-9289-e0a42faa5208,Convention du 10 février 2020 - GGD41 FNSEA41 JA41 - DEMETER 41.pdf,NOT_RELEVANT,0,orange-fibre-GT2-revue-a-faire.xlsx,document-review-stage-1,Contrôle négatif,25,orange-fibre-cross-domain-v1,orange-fibre-cross-domain-guideline-v1,
orange-fibre-cross-domain-v1,candidate-82f28285346a5b2a,component-be84c9b09131b103,Z00mWHwqTVEWPhNsD3QCTcb9,urn:openrag:openarchiver:email:9e325a3e-b01f-40bf-8890-b400d4e3d7f4:292c0402-123c-46b4-86ff-735774b31c6a,urn:openrag:openarchiver:email:9e325a3e-b01f-40bf-8890-b400d4e3d7f4:292c0402-123c-46b4-86ff-735774b31c6a,Newsletter agriculture #2 - Juin 2018,NOT_RELEVANT,0,orange-fibre-GT2-derniere-revue-ciblee.xlsx,document-review-stage-2,Contrôle négatif,39,orange-fibre-cross-domain-v1,orange-fibre-cross-domain-guideline-v1,
orange-fibre-cross-domain-v1,candidate-8337d31764d6b22e,component-ae316cf5b1009e68,ZWzYCQWLBRCB1d6_c8WtVHV6,urn:openrag:openarchiver:email:6ca4c5b5-3440-4c50-8666-cecfa25916d5:8856dd23-01d8-476e-b42f-0f74c3df4026,urn:openrag:openarchiver:email:6ca4c5b5-3440-4c50-8666-cecfa25916d5:8856dd23-01d8-476e-b42f-0f74c3df4026,Re: DOC CIR,NOT_RELEVANT,0,orange-fibre-GT2-revue-a-faire.xlsx,document-review-stage-1,Contrôle négatif,50,orange-fibre-cross-domain-v1,orange-fibre-cross-domain-guideline-v1,
orange-fibre-cross-domain-v1,candidate-838598e0d446c2f6,component-060b2794708fbc5d,4TCu3oZj0-M-2EgcIctWfxVu,urn:openrag:openarchiver:email:9e325a3e-b01f-40bf-8890-b400d4e3d7f4:90f11bf6-b856-4a07-b547-7ca9feda9ea6,urn:openrag:openarchiver:email:9e325a3e-b01f-40bf-8890-b400d4e3d7f4:90f11bf6-b856-4a07-b547-7ca9feda9ea6,Demande de documents - WISEARCH,CORE,2,orange-fibre-GT2-revue-a-faire.xlsx,document-review-stage-1,Revue prioritaire,69,orange-fibre-cross-domain-v1,orange-fibre-cross-domain-guideline-v1,
orange-fibre-cross-domain-v1,candidate-848679a5f2583f66,component-722cf44faa9cc976,_KoWMwHpl5d5SSeZI8vAbUu1,urn:openrag:openarchiver:email:6ca4c5b5-3440-4c50-8666-cecfa25916d5:220a2a68-fb6a-47a5-ace9-36904dcd46ae,urn:openrag:openarchiver:email:6ca4c5b5-3440-4c50-8666-cecfa25916d5:220a2a68-fb6a-47a5-ace9-36904dcd46ae,Facture,NOT_RELEVANT,0,orange-fibre-GT2-derniere-revue-ciblee.xlsx,document-review-stage-2,Contrôle négatif,44,orange-fibre-cross-domain-v1,orange-fibre-cross-domain-guideline-v1,
orange-fibre-cross-domain-v1,candidate-858b371b6ffa3567,component-68e57df30b135b95,HGzRxVk9pG2YWvPytcXh9-hM,urn:openrag:openarchiver:email:6ca4c5b5-3440-4c50-8666-cecfa25916d5:d60eb6f0-7423-446a-8d22-a0fcb4192bb7,urn:openrag:openarchiver:email:6ca4c5b5-3440-4c50-8666-cecfa25916d5:d60eb6f0-7423-446a-8d22-a0fcb4192bb7,Votre derni?re facture Bouygues Telecom est disponible,NOT_RELEVANT,0,orange-fibre-GT2-revue-a-faire.xlsx,document-review-stage-1,Revue prioritaire,88,orange-fibre-cross-domain-v1,orange-fibre-cross-domain-guideline-v1,
orange-fibre-cross-domain-v1,candidate-873a5c5aec011f39,component-72906384480cc768,50MnBlVeSR2lueh8HGmePMJ1,urn:openrag:openarchiver:email:6ca4c5b5-3440-4c50-8666-cecfa25916d5:cfcda6d1-6c22-473c-be4d-6c1c379f7d10,urn:openrag:openarchiver:email:6ca4c5b5-3440-4c50-8666-cecfa25916d5:cfcda6d1-6c22-473c-be4d-6c1c379f7d10,Vos conditions d'abonnement,CORE,2,orange-fibre-GT2-revue-a-faire.xlsx,document-review-stage-1,Revue prioritaire,90,orange-fibre-cross-domain-v1,orange-fibre-cross-domain-guideline-v1,
orange-fibre-cross-domain-v1,candidate-87dd4b083669dee4,component-23379eed206b127c,UMVyLNfsajqDs8KS1KOSa2B6,urn:openrag:openarchiver:email:9e325a3e-b01f-40bf-8890-b400d4e3d7f4:ce33efa3-1535-46d4-9f1e-6e97ff070cd1,urn:openrag:openarchiver:email:9e325a3e-b01f-40bf-8890-b400d4e3d7f4:ce33efa3-1535-46d4-9f1e-6e97ff070cd1,Re: Compte-rendu réunion GT structuration du 18 avril 2023,NOT_RELEVANT,0,orange-fibre-GT2-derniere-revue-ciblee.xlsx,document-review-stage-2,Contrôle négatif,27,orange-fibre-cross-domain-v1,orange-fibre-cross-domain-guideline-v1,
orange-fibre-cross-domain-v1,candidate-88caf288d2e8e497,component-e1f103ce76fab65f,x5772Z4hhoIeAn8KR41bmXSO,urn:openrag:openarchiver:email:6ca4c5b5-3440-4c50-8666-cecfa25916d5:2b0c24b8-691a-4406-ad58-806844a5e233,urn:openrag:openarchiver:email:6ca4c5b5-3440-4c50-8666-cecfa25916d5:2b0c24b8-691a-4406-ad58-806844a5e233,Re: SIG - WISEARCH,CORE,2,orange-fibre-GT2-revue-a-faire.xlsx,document-review-stage-1,Revue prioritaire,115,orange-fibre-cross-domain-v1,orange-fibre-cross-domain-guideline-v1,
orange-fibre-cross-domain-v1,candidate-899ab193deb040f6,component-79fe68d84cdf6e18,-_asJOeiS6GwtZQmbQhp-cbX,urn:openrag:openarchiver:email:6ca4c5b5-3440-4c50-8666-cecfa25916d5:ea21fa4f-11d8-4cba-b547-2950c446b3c9,urn:openrag:openarchiver:email:6ca4c5b5-3440-4c50-8666-cecfa25916d5:ea21fa4f-11d8-4cba-b547-2950c446b3c9,"Confirmation pour votre voyage NOUAN LE FUZELIER - GENEVE, aller le 25 janv.",NOT_RELEVANT,0,orange-fibre-GT2-revue-a-faire.xlsx,document-review-stage-1,Contrôle négatif,23,orange-fibre-cross-domain-v1,orange-fibre-cross-domain-guideline-v1,
orange-fibre-cross-domain-v1,candidate-89a157e1e66e7033,component-4b8a07a2e2c97743,GEX2ZpwpYHuZC7cJPc2dQkWt,urn:openrag:openarchiver:email:6ca4c5b5-3440-4c50-8666-cecfa25916d5:3a8f4b61-8c57-4df3-b051-f554e06e3de4,urn:openrag:openarchiver:email:6ca4c5b5-3440-4c50-8666-cecfa25916d5:3a8f4b61-8c57-4df3-b051-f554e06e3de4,Votre facture Internet est disponible,CONTEXTUAL,1,orange-fibre-GT2-revue-a-faire.xlsx,document-review-stage-1,Revue prioritaire,25,orange-fibre-cross-domain-v1,orange-fibre-cross-domain-guideline-v1,
orange-fibre-cross-domain-v1,candidate-8ab615f58cffd5cf,component-665e19eaa5af669b,37NUtvdy_slnqWBJuoN2fnZx,urn:openrag:openarchiver:email:6ca4c5b5-3440-4c50-8666-cecfa25916d5:ba329f31-1948-4caa-b54b-730caf460795,urn:openrag:openarchiver:email:6ca4c5b5-3440-4c50-8666-cecfa25916d5:ba329f31-1948-4caa-b54b-730caf460795,Dossier CIR 2016 actualisé,NOT_RELEVANT,0,orange-fibre-GT2-revue-a-faire.xlsx,document-review-stage-1,Contrôle négatif,47,orange-fibre-cross-domain-v1,orange-fibre-cross-domain-guideline-v1,
orange-fibre-cross-domain-v1,candidate-8ad9aa31445f2385,component-b92463bdb05ce095,7PyuArwBohmso-RyvGoNlFPT,urn:openrag:openarchiver:email:9e325a3e-b01f-40bf-8890-b400d4e3d7f4:25e4a290-ae7f-40c3-94c5-f09f8a65ffbc,urn:openrag:openarchiver:email:9e325a3e-b01f-40bf-8890-b400d4e3d7f4:25e4a290-ae7f-40c3-94c5-f09f8a65ffbc,Votre accès à la fibre,NOT_RELEVANT,0,orange-fibre-GT2-revue-a-faire.xlsx,document-review-stage-1,Revue prioritaire,167,orange-fibre-cross-domain-v1,orange-fibre-cross-domain-guideline-v1,
orange-fibre-cross-domain-v1,candidate-8c3e27b891da1f72,component-4842a5253018cef8,D6VU9s52GuxkCt99fBAomeEw,urn:openrag:openarchiver:attachment:5200e9a0-4b9a-4df8-b260-4ff912eb1e9d,urn:openrag:openarchiver:attachment:5200e9a0-4b9a-4df8-b260-4ff912eb1e9d,facture_9093277556_2023-04-06.pdf,CORE,2,orange-fibre-GT2-revue-a-faire.xlsx,document-review-stage-1,Revue prioritaire,23,orange-fibre-cross-domain-v1,orange-fibre-cross-domain-guideline-v1,
orange-fibre-cross-domain-v1,candidate-8ca4b5f17daa977f,component-92b30199ac28acef,rtTLfnNn3aKyQfhOM33ftRGC,urn:openrag:openarchiver:email:9e325a3e-b01f-40bf-8890-b400d4e3d7f4:ec0e2d07-4dc5-470d-84b4-d2ea9c9b0325,urn:openrag:openarchiver:email:9e325a3e-b01f-40bf-8890-b400d4e3d7f4:ec0e2d07-4dc5-470d-84b4-d2ea9c9b0325,[Free] Votre abonnement Freebox - Prise en charge incident,NOT_RELEVANT,0,orange-fibre-GT2-revue-a-faire.xlsx,document-review-stage-1,Revue prioritaire,155,orange-fibre-cross-domain-v1,orange-fibre-cross-domain-guideline-v1,
orange-fibre-cross-domain-v1,candidate-8dc6a4a18dc09a46,component-6b40254ee8115026,D-7581HzoyZ4WwQ2I7_Aw9H8,urn:openrag:openarchiver:email:9e325a3e-b01f-40bf-8890-b400d4e3d7f4:30e42024-1e33-43fd-9bce-56ada06a54c9,urn:openrag:openarchiver:email:9e325a3e-b01f-40bf-8890-b400d4e3d7f4:30e42024-1e33-43fd-9bce-56ada06a54c9,Votre facture Internet est disponible,CONTEXTUAL,1,orange-fibre-GT2-revue-a-faire.xlsx,document-review-stage-1,Revue prioritaire,149,orange-fibre-cross-domain-v1,orange-fibre-cross-domain-guideline-v1,
orange-fibre-cross-domain-v1,candidate-8eacb09673267370,component-644a227a0546eda4,yRFGAQ3ON6hni1vQIQBBim5o,urn:openrag:openarchiver:attachment:3cbf649b-c142-4b99-83a7-d2171d43ccc3,urn:openrag:openarchiver:attachment:3cbf649b-c142-4b99-83a7-d2171d43ccc3,facture_9073083280_2024-02-05.pdf,NOT_RELEVANT,0,orange-fibre-GT2-derniere-revue-ciblee.xlsx,document-review-stage-2,Revue prioritaire,25,orange-fibre-cross-domain-v1,orange-fibre-cross-domain-guideline-v1,
orange-fibre-cross-domain-v1,candidate-8f541a6375ff42fd,component-9d7435e61a87be17,D_oGAq-htcRfZLgO9EzG1UZc,urn:openrag:openarchiver:attachment:3cb3c79a-bf22-49ae-b797-ffcb123ef05e,urn:openrag:openarchiver:attachment:3cb3c79a-bf22-49ae-b797-ffcb123ef05e,CIR Dossier Technique CVGR 2017.docx,NOT_RELEVANT,0,orange-fibre-GT2-derniere-revue-ciblee.xlsx,document-review-stage-2,Contrôle négatif,18,orange-fibre-cross-domain-v1,orange-fibre-cross-domain-guideline-v1,
orange-fibre-cross-domain-v1,candidate-8f638c8898fb5a83,component-2f8015a9f628ef91,p9CufeiEhf_f2BrOAyWN06kY,urn:openrag:openarchiver:attachment:77f20618-64fb-4e3d-9e41-0583dc2ae900,urn:openrag:openarchiver:attachment:77f20618-64fb-4e3d-9e41-0583dc2ae900,FR56709535.pdf,NOT_RELEVANT,0,orange-fibre-GT2-derniere-revue-ciblee.xlsx,document-review-stage-2,Contrôle négatif,3,orange-fibre-cross-domain-v1,orange-fibre-cross-domain-guideline-v1,
orange-fibre-cross-domain-v1,candidate-92a041b2aa03cd4a,component-d1ad367deb8c509b,X3p9uPJZ2hT5bfra8RSg68PV,urn:openrag:openarchiver:email:6ca4c5b5-3440-4c50-8666-cecfa25916d5:13ac4f3c-c9cd-40de-8b45-4c2660bfc3b6,urn:openrag:openarchiver:email:6ca4c5b5-3440-4c50-8666-cecfa25916d5:13ac4f3c-c9cd-40de-8b45-4c2660bfc3b6,Et si vous passiez chez Sosh pour votre abonnement internet ?,CORE,2,orange-fibre-GT2-revue-a-faire.xlsx,document-review-stage-1,Revue prioritaire,58,orange-fibre-cross-domain-v1,orange-fibre-cross-domain-guideline-v1,
orange-fibre-cross-domain-v1,candidate-9453b4013c26edc1,component-e1432b98600c50c4,UQ59LdQJqajq_TdH5-ZJdq6s,urn:openrag:openarchiver:email:9e325a3e-b01f-40bf-8890-b400d4e3d7f4:a4e29200-678f-4fe3-b43f-678fbd956f28,urn:openrag:openarchiver:email:9e325a3e-b01f-40bf-8890-b400d4e3d7f4:a4e29200-678f-4fe3-b43f-678fbd956f28,Réponse automatique : [EXT] EARL FERME DE POMMERIEUX  - plaquettes 2022 et 2021,CORE,2,orange-fibre-GT2-revue-a-faire.xlsx,document-review-stage-1,Revue prioritaire,105,orange-fibre-cross-domain-v1,orange-fibre-cross-domain-guideline-v1,
orange-fibre-cross-domain-v1,candidate-9476c863b6da9353,component-44ba53412aaf5cd5,vThG5GPxKTeotmieXmx6Imyh,urn:openrag:openarchiver:attachment:576d8d3e-3a62-4514-abb2-70ac66cf5372,urn:openrag:openarchiver:attachment:576d8d3e-3a62-4514-abb2-70ac66cf5372,MADEJ_Loan_Rapport_Stage_M2_BEE_PNB.pdf,NOT_RELEVANT,0,orange-fibre-GT2-revue-a-faire.xlsx,document-review-stage-1,Revue prioritaire,140,orange-fibre-cross-domain-v1,orange-fibre-cross-domain-guideline-v1,
orange-fibre-cross-domain-v1,candidate-95324d8fff1f1c80,component-33b8750c22ae9308,bvGErckj3hUsPB_LVzm1hbBj,urn:openrag:openarchiver:email:6ca4c5b5-3440-4c50-8666-cecfa25916d5:9561d669-a556-49e7-8e64-9df9c19943ec,urn:openrag:openarchiver:email:6ca4c5b5-3440-4c50-8666-cecfa25916d5:9561d669-a556-49e7-8e64-9df9c19943ec,"Chez vous, internet est trop lent ? La solution est ICI >>>",NOT_RELEVANT,0,orange-fibre-GT2-revue-a-faire.xlsx,document-review-stage-1,Revue prioritaire,133,orange-fibre-cross-domain-v1,orange-fibre-cross-domain-guideline-v1,
orange-fibre-cross-domain-v1,candidate-955aac9eedbd4f53,component-08e2fae285d18865,I77UURZMkDGqKXHYZ6CujvVg,urn:openrag:openarchiver:email:9e325a3e-b01f-40bf-8890-b400d4e3d7f4:55458988-7e8e-4061-bea4-e6e6bbb8f57c,urn:openrag:openarchiver:email:9e325a3e-b01f-40bf-8890-b400d4e3d7f4:55458988-7e8e-4061-bea4-e6e6bbb8f57c,[MIlkyWan] Bonne année : Rétrospective 2022 et Roadmap 2023,NOT_RELEVANT,0,orange-fibre-GT2-revue-a-faire.xlsx,document-review-stage-1,Revue prioritaire,71,orange-fibre-cross-domain-v1,orange-fibre-cross-domain-guideline-v1,
orange-fibre-cross-domain-v1,candidate-9564c32e3770d53d,component-968fd59365aef6dd,-RTtnCuF7DRQUx3iKBKyS8rz,urn:openrag:openarchiver:attachment:5761d919-b072-49e0-b2f2-ea7169a1ecc9,urn:openrag:openarchiver:attachment:5761d919-b072-49e0-b2f2-ea7169a1ecc9,Devis_144.pdf,NOT_RELEVANT,0,orange-fibre-GT2-revue-a-faire.xlsx,document-review-stage-1,Revue prioritaire,156,orange-fibre-cross-domain-v1,orange-fibre-cross-domain-guideline-v1,
orange-fibre-cross-domain-v1,candidate-968df21ab6f08bd4,component-61bd491373800bef,ljLxSVCam6JaIQI_-Ftn-uV-,urn:openrag:openarchiver:email:6ca4c5b5-3440-4c50-8666-cecfa25916d5:770b115d-407e-466f-9570-2c51cfaf321e,urn:openrag:openarchiver:email:6ca4c5b5-3440-4c50-8666-cecfa25916d5:770b115d-407e-466f-9570-2c51cfaf321e,Votre derni?re facture Bouygues Telecom est disponible,NOT_RELEVANT,0,orange-fibre-GT2-revue-a-faire.xlsx,document-review-stage-1,Revue prioritaire,86,orange-fibre-cross-domain-v1,orange-fibre-cross-domain-guideline-v1,
orange-fibre-cross-domain-v1,candidate-96ba80ad9ded568f,component-7459c64f03d7f784,uredyFw9nE4No2OPzSej1pam,urn:openrag:openarchiver:email:6ca4c5b5-3440-4c50-8666-cecfa25916d5:5ed66cc9-8636-4907-a339-3c2e78cd6926,urn:openrag:openarchiver:email:6ca4c5b5-3440-4c50-8666-cecfa25916d5:5ed66cc9-8636-4907-a339-3c2e78cd6926,Votre facture est arrivée,CONTEXTUAL,1,orange-fibre-GT2-revue-a-faire.xlsx,document-review-stage-1,Revue prioritaire,34,orange-fibre-cross-domain-v1,orange-fibre-cross-domain-guideline-v1,
orange-fibre-cross-domain-v1,candidate-9807e0cc15420b4c,component-cd19a41ae4365482,9JkPmaswBMNhB7QA2U2QBV0y,urn:openrag:openarchiver:attachment:754c1868-5afd-4d1d-876a-c832905c2399,urn:openrag:openarchiver:attachment:754c1868-5afd-4d1d-876a-c832905c2399,NotificationFacture.html,NOT_RELEVANT,0,orange-fibre-GT2-revue-a-faire.xlsx,document-review-stage-1,Revue prioritaire,179,orange-fibre-cross-domain-v1,orange-fibre-cross-domain-guideline-v1,
orange-fibre-cross-domain-v1,candidate-98e2698f25ad4c12,component-272053b89239ba91,sFeXi191bTnlzbxuC7aKa90b,urn:openrag:openarchiver:attachment:3118623c-e8c0-431d-85cd-f2c5685a85fa,urn:openrag:openarchiver:attachment:3118623c-e8c0-431d-85cd-f2c5685a85fa,facture_9065627022_2020-03-23-5.pdf,NOT_RELEVANT,0,orange-fibre-GT2-derniere-revue-ciblee.xlsx,document-review-stage-2,Revue prioritaire,4,orange-fibre-cross-domain-v1,orange-fibre-cross-domain-guideline-v1,
orange-fibre-cross-domain-v1,candidate-991bb392723d4a7a,component-0b3a251a55e31125,WTjoFIeKmkdeFtXw9SuykZvz,urn:openrag:openarchiver:email:9e325a3e-b01f-40bf-8890-b400d4e3d7f4:1707f57d-cafb-41ca-af67-fe78a301d9a3,urn:openrag:openarchiver:email:9e325a3e-b01f-40bf-8890-b400d4e3d7f4:1707f57d-cafb-41ca-af67-fe78a301d9a3,Votre facture de février 2015 est disponible,NOT_RELEVANT,0,orange-fibre-GT2-derniere-revue-ciblee.xlsx,document-review-stage-2,Contrôle négatif,32,orange-fibre-cross-domain-v1,orange-fibre-cross-domain-guideline-v1,
orange-fibre-cross-domain-v1,candidate-99533846130f751f,component-33fd3248b9efb467,aQ7EnZRDoWeBiRVQusTbihuf,urn:openrag:openarchiver:email:9e325a3e-b01f-40bf-8890-b400d4e3d7f4:f2b9aa10-c337-4d94-b661-f7d851688cff,urn:openrag:openarchiver:email:9e325a3e-b01f-40bf-8890-b400d4e3d7f4:f2b9aa10-c337-4d94-b661-f7d851688cff,"Re: Relance activités à distance et Confirmation (bis pour certains) d'inscription à la formation ""Calculer et analyser ses coûts de production....avec l’IGP Agneaux de Sologne""",NOT_RELEVANT,0,orange-fibre-GT2-revue-a-faire.xlsx,document-review-stage-1,Contrôle négatif,17,orange-fibre-cross-domain-v1,orange-fibre-cross-domain-guideline-v1,
orange-fibre-cross-domain-v1,candidate-998810d6b85dd559,component-666f8e3b20fac835,YwKyGcXK_-ATAYYb2kjK59Ro,urn:openrag:openarchiver:attachment:6a05b08a-8731-4c6c-9284-5efc44708f66,urn:openrag:openarchiver:attachment:6a05b08a-8731-4c6c-9284-5efc44708f66,20250129_Tax Invoice_404-4466743-2211569.pdf,NOT_RELEVANT,0,orange-fibre-GT2-revue-a-faire.xlsx,document-review-stage-1,Revue prioritaire,147,orange-fibre-cross-domain-v1,orange-fibre-cross-domain-guideline-v1,
orange-fibre-cross-domain-v1,candidate-9a0499c3451a11f2,component-c5d92464737688ab,22pRzvgRvlUIhf441PnF99TV,urn:openrag:openarchiver:email:9e325a3e-b01f-40bf-8890-b400d4e3d7f4:373d8b8e-dd19-49e0-b3c8-05e29a23ccba,urn:openrag:openarchiver:email:9e325a3e-b01f-40bf-8890-b400d4e3d7f4:373d8b8e-dd19-49e0-b3c8-05e29a23ccba,[Free] Votre abonnement Freebox - Rendez-vous le lundi 28 octobre,NOT_RELEVANT,0,orange-fibre-GT2-revue-a-faire.xlsx,document-review-stage-1,Revue prioritaire,177,orange-fibre-cross-domain-v1,orange-fibre-cross-domain-guideline-v1,
orange-fibre-cross-domain-v1,candidate-9accd2e978952e12,component-e1f103ce76fab65f,qq5QQkWJeBO_Oc520njDsxx1,urn:openrag:openarchiver:email:6ca4c5b5-3440-4c50-8666-cecfa25916d5:1667bdb8-056c-4c76-a47c-1bf23a0f7830,urn:openrag:openarchiver:email:6ca4c5b5-3440-4c50-8666-cecfa25916d5:1667bdb8-056c-4c76-a47c-1bf23a0f7830,SIG - WISEARCH,CORE,2,orange-fibre-GT2-revue-a-faire.xlsx,document-review-stage-1,Revue prioritaire,118,orange-fibre-cross-domain-v1,orange-fibre-cross-domain-guideline-v1,
orange-fibre-cross-domain-v1,candidate-9b190db37e900a31,component-bd3f261c98365161,0pj0XRbx3w8JUFnB21M3VwvO,urn:openrag:openarchiver:attachment:3419bc68-9af9-4359-89b3-e80bdd64a3e0,urn:openrag:openarchiver:attachment:3419bc68-9af9-4359-89b3-e80bdd64a3e0,CIR Dossier Technique CVGR 2013  08062014.docx,NOT_RELEVANT,0,orange-fibre-GT2-derniere-revue-ciblee.xlsx,document-review-stage-2,Contrôle négatif,37,orange-fibre-cross-domain-v1,orange-fibre-cross-domain-guideline-v1,
orange-fibre-cross-domain-v1,candidate-9b613536446a0df0,component-e65c4e41cf438405,NQcW4dxBucHHTsWZ5gpWF8F1,urn:openrag:openarchiver:email:9e325a3e-b01f-40bf-8890-b400d4e3d7f4:3978a1e9-85a3-4a29-8022-79afd7b6684d,urn:openrag:openarchiver:email:9e325a3e-b01f-40bf-8890-b400d4e3d7f4:3978a1e9-85a3-4a29-8022-79afd7b6684d,Votre facture Internet est en ligne,CONTEXTUAL,1,orange-fibre-GT2-revue-a-faire.xlsx,document-review-stage-1,Revue prioritaire,188,orange-fibre-cross-domain-v1,orange-fibre-cross-domain-guideline-v1,
orange-fibre-cross-domain-v1,candidate-9b6d42af0524b0bd,component-0727a75ae6088c86,hOhuezcUEcWYIpaQQPuyGgAs,urn:openrag:openarchiver:email:9e325a3e-b01f-40bf-8890-b400d4e3d7f4:cacf3bc6-89a9-4d73-a68c-d391459783ac,urn:openrag:openarchiver:email:9e325a3e-b01f-40bf-8890-b400d4e3d7f4:cacf3bc6-89a9-4d73-a68c-d391459783ac,CAPITAL sur M6 dimanche soir,NOT_RELEVANT,0,orange-fibre-GT2-revue-a-faire.xlsx,document-review-stage-1,Contrôle négatif,19,orange-fibre-cross-domain-v1,orange-fibre-cross-domain-guideline-v1,
orange-fibre-cross-domain-v1,candidate-9baf7d1bdab0d44b,component-b05dede3cc69c830,TP31v2d41Oo44wpoDC7HWCwl,urn:openrag:openarchiver:email:9e325a3e-b01f-40bf-8890-b400d4e3d7f4:d0826233-e246-43f0-8a23-71995a28ef37,urn:openrag:openarchiver:email:9e325a3e-b01f-40bf-8890-b400d4e3d7f4:d0826233-e246-43f0-8a23-71995a28ef37,Votre formulaire envoyé à Orange Wholesale France,CONTEXTUAL,1,orange-fibre-GT2-revue-a-faire.xlsx,document-review-stage-1,Revue prioritaire,98,orange-fibre-cross-domain-v1,orange-fibre-cross-domain-guideline-v1,
orange-fibre-cross-domain-v1,candidate-9bd8daa0e065cbe9,component-f2ed2335971f10ab,xj0coR7MK6pHP5IJ2gl6cXFy,urn:openrag:openarchiver:email:6ca4c5b5-3440-4c50-8666-cecfa25916d5:bf0044df-7b4b-48c0-89f8-ecfaa2450716,urn:openrag:openarchiver:email:6ca4c5b5-3440-4c50-8666-cecfa25916d5:bf0044df-7b4b-48c0-89f8-ecfaa2450716,2211 modifié,NOT_RELEVANT,0,orange-fibre-GT2-revue-a-faire.xlsx,document-review-stage-1,Revue prioritaire,195,orange-fibre-cross-domain-v1,orange-fibre-cross-domain-guideline-v1,
orange-fibre-cross-domain-v1,candidate-9ce9eb7be7b7aad6,component-af3652bbebf8ca2e,OskVLkvUZkMRzCcd1vgt9sbo,urn:openrag:openarchiver:email:6ca4c5b5-3440-4c50-8666-cecfa25916d5:7cd1f613-8057-4d14-b1f5-9bf94c90eaff,urn:openrag:openarchiver:email:6ca4c5b5-3440-4c50-8666-cecfa25916d5:7cd1f613-8057-4d14-b1f5-9bf94c90eaff,Votre derni?re facture Bouygues Telecom est disponible,NOT_RELEVANT,0,orange-fibre-GT2-revue-a-faire.xlsx,document-review-stage-1,Revue prioritaire,163,orange-fibre-cross-domain-v1,orange-fibre-cross-domain-guideline-v1,
orange-fibre-cross-domain-v1,candidate-9e630ecc5ef1bebc,component-97162335203ef55e,bwpHX_9jWWAdM-SfdpYzVWnA,urn:openrag:openarchiver:email:6ca4c5b5-3440-4c50-8666-cecfa25916d5:ad285480-b87e-4a04-beb5-611eea71299c,urn:openrag:openarchiver:email:6ca4c5b5-3440-4c50-8666-cecfa25916d5:ad285480-b87e-4a04-beb5-611eea71299c,Confirmation de votre commande,CORE,2,orange-fibre-GT2-revue-a-faire.xlsx,document-review-stage-1,Revue prioritaire,94,orange-fibre-cross-domain-v1,orange-fibre-cross-domain-guideline-v1,
orange-fibre-cross-domain-v1,candidate-9e6ecb28a2fe7d00,component-e1f103ce76fab65f,bPYcYLEmWpebwFsRn_HY-FSX,urn:openrag:openarchiver:email:6ca4c5b5-3440-4c50-8666-cecfa25916d5:4d3e6619-6118-4f20-a4f8-983e27c44135,urn:openrag:openarchiver:email:6ca4c5b5-3440-4c50-8666-cecfa25916d5:4d3e6619-6118-4f20-a4f8-983e27c44135,Re: SIG - WISEARCH,CORE,2,orange-fibre-GT2-revue-a-faire.xlsx,document-review-stage-1,Revue prioritaire,117,orange-fibre-cross-domain-v1,orange-fibre-cross-domain-guideline-v1,
orange-fibre-cross-domain-v1,candidate-9e9b9d8356679853,component-95d692034a8a3a2e,yeGGYRaTdIUBP9z7PbJdsu69,urn:openrag:openarchiver:email:9e325a3e-b01f-40bf-8890-b400d4e3d7f4:388d6c49-a48f-4e0c-bcd0-aee5444bff72,urn:openrag:openarchiver:email:9e325a3e-b01f-40bf-8890-b400d4e3d7f4:388d6c49-a48f-4e0c-bcd0-aee5444bff72,Facture,NOT_RELEVANT,0,orange-fibre-GT2-derniere-revue-ciblee.xlsx,document-review-stage-2,Contrôle négatif,17,orange-fibre-cross-domain-v1,orange-fibre-cross-domain-guideline-v1,
orange-fibre-cross-domain-v1,candidate-9f26ef0cd38ec90a,component-173f0e2e7fb253d9,eMaDK3vTtJXVW96SuPsHzf0o,urn:openrag:openarchiver:attachment:081984aa-97f5-4d6e-895e-31a544392bcd,urn:openrag:openarchiver:attachment:081984aa-97f5-4d6e-895e-31a544392bcd,2605_18_RECAPITULATIF CONTRACTUEL.pdf,CONTEXTUAL,1,orange-fibre-GT2-revue-a-faire.xlsx,document-review-stage-1,Revue prioritaire,77,orange-fibre-cross-domain-v1,orange-fibre-cross-domain-guideline-v1,
orange-fibre-cross-domain-v1,candidate-9f610ff2f381d9f8,component-5123b36f7e3613df,PjW7VrDtb82qcNidM2vkbSxx,urn:openrag:openarchiver:email:6ca4c5b5-3440-4c50-8666-cecfa25916d5:995bd202-3610-4934-9228-51db090b622f,urn:openrag:openarchiver:email:6ca4c5b5-3440-4c50-8666-cecfa25916d5:995bd202-3610-4934-9228-51db090b622f,Accédez à internet chez vous et soyez satisfait ou remboursé >>> Tout savoir ICI,NOT_RELEVANT,0,orange-fibre-GT2-revue-a-faire.xlsx,document-review-stage-1,Revue prioritaire,141,orange-fibre-cross-domain-v1,orange-fibre-cross-domain-guideline-v1,
orange-fibre-cross-domain-v1,candidate-9f86222ca171737b,component-e3cb63c25826a0dc,v3cNWN7T3ArkDf0YTI4hDYvg,urn:openrag:openarchiver:attachment:098cf048-59cc-425f-a19b-d9f5f66a4441,urn:openrag:openarchiver:attachment:098cf048-59cc-425f-a19b-d9f5f66a4441,250915-facture_9073083280_2025-09-04.pdf,NOT_RELEVANT,0,orange-fibre-GT2-revue-a-faire.xlsx,document-review-stage-1,Contrôle négatif,27,orange-fibre-cross-domain-v1,orange-fibre-cross-domain-guideline-v1,
orange-fibre-cross-domain-v1,candidate-9fb3fb3232266608,component-f6d7c9a6ce380c4f,LIGEKwBphQLoYROgu2aPUwIn,urn:openrag:openarchiver:email:6ca4c5b5-3440-4c50-8666-cecfa25916d5:c28088fe-7354-4407-963d-dd4101230313,urn:openrag:openarchiver:email:6ca4c5b5-3440-4c50-8666-cecfa25916d5:c28088fe-7354-4407-963d-dd4101230313,"Confirmation pour votre voyage AIX EN PROVENCE TGV - PARIS, aller le 23 déc.",NOT_RELEVANT,0,orange-fibre-GT2-revue-a-faire.xlsx,document-review-stage-1,Contrôle négatif,18,orange-fibre-cross-domain-v1,orange-fibre-cross-domain-guideline-v1,
orange-fibre-cross-domain-v1,candidate-a12fc8d34735dff8,component-0b24eb803f4d5a3d,wNzAE2XzJhm16Pl65jz6AVUp,urn:openrag:openarchiver:attachment:3a610079-d9a2-44c5-94e9-3cb61bd0e05c,urn:openrag:openarchiver:attachment:3a610079-d9a2-44c5-94e9-3cb61bd0e05c,Justificatif d'achat.pdf,NOT_RELEVANT,0,orange-fibre-GT2-derniere-revue-ciblee.xlsx,document-review-stage-2,Contrôle négatif,60,orange-fibre-cross-domain-v1,orange-fibre-cross-domain-guideline-v1,
orange-fibre-cross-domain-v1,candidate-a21cba11d258d29e,component-0e547c5be964fe49,OlVwGfRqZ5z-jCMGzkGXeQVk,urn:openrag:openarchiver:email:9e325a3e-b01f-40bf-8890-b400d4e3d7f4:3ade16fd-43ec-4aaa-be64-e0d0f2ac9ea7,urn:openrag:openarchiver:email:9e325a3e-b01f-40bf-8890-b400d4e3d7f4:3ade16fd-43ec-4aaa-be64-e0d0f2ac9ea7,Re: Dates et organisation des chasses sur Pommerieux,NOT_RELEVANT,0,orange-fibre-GT2-derniere-revue-ciblee.xlsx,document-review-stage-2,Contrôle négatif,16,orange-fibre-cross-domain-v1,orange-fibre-cross-domain-guideline-v1,
orange-fibre-cross-domain-v1,candidate-a254e0c532f163dc,component-272053b89239ba91,-dABJIS9aApQnVwz2vN6rM9j,urn:openrag:openarchiver:email:9e325a3e-b01f-40bf-8890-b400d4e3d7f4:4bdb2d50-5d08-422d-8a04-28c9e2882f5e,urn:openrag:openarchiver:email:9e325a3e-b01f-40bf-8890-b400d4e3d7f4:4bdb2d50-5d08-422d-8a04-28c9e2882f5e,conformité GFR + SCI,NOT_RELEVANT,0,orange-fibre-GT2-derniere-revue-ciblee.xlsx,document-review-stage-2,Contrôle négatif,47,orange-fibre-cross-domain-v1,orange-fibre-cross-domain-guideline-v1,
orange-fibre-cross-domain-v1,candidate-a2e61e042c7b9704,component-4323b0f6ef42140c,ep5LGi0REKje6VmSfNWqI_uu,urn:openrag:openarchiver:email:6ca4c5b5-3440-4c50-8666-cecfa25916d5:a49c47da-ca0f-4bc1-8484-f93d4d0e4829,urn:openrag:openarchiver:email:6ca4c5b5-3440-4c50-8666-cecfa25916d5:a49c47da-ca0f-4bc1-8484-f93d4d0e4829,Votre facture est arrivée,CONTEXTUAL,1,orange-fibre-GT2-revue-a-faire.xlsx,document-review-stage-1,Revue prioritaire,20,orange-fibre-cross-domain-v1,orange-fibre-cross-domain-guideline-v1,
orange-fibre-cross-domain-v1,candidate-a2fd652704e8ecc7,component-e1f103ce76fab65f,hGoO54xQ5QtqErPHQhwFLboN,urn:openrag:openarchiver:attachment:2c89bdd8-0682-4cee-ae5b-074e368b9d0f,urn:openrag:openarchiver:attachment:2c89bdd8-0682-4cee-ae5b-074e368b9d0f,Facture #LIVET_CIR_23.pdf,NOT_RELEVANT,0,orange-fibre-GT2-revue-a-faire.xlsx,document-review-stage-1,Revue prioritaire,109,orange-fibre-cross-domain-v1,orange-fibre-cross-domain-guideline-v1,
orange-fibre-cross-domain-v1,candidate-a539930ef709a3bf,component-e33bffc9f65ada29,wKKSmD89soY4ag1a8bGn0aIK,urn:openrag:openarchiver:attachment:49c2f86d-0c59-4940-adf5-689763bd4832,urn:openrag:openarchiver:attachment:49c2f86d-0c59-4940-adf5-689763bd4832,ESSAI CHAPON R&D notes du 26 fevrier 2016.pdf,NOT_RELEVANT,0,orange-fibre-GT2-revue-a-faire.xlsx,document-review-stage-1,Revue prioritaire,187,orange-fibre-cross-domain-v1,orange-fibre-cross-domain-guideline-v1,
orange-fibre-cross-domain-v1,candidate-a5a27cb195ce40cc,component-154db2ba6a389b9e,iXAt_YeDTC7-4Mx1ratkfMBU,urn:openrag:openarchiver:attachment:2123382e-c5f9-454e-916f-d39911b9070b,urn:openrag:openarchiver:attachment:2123382e-c5f9-454e-916f-d39911b9070b,FR63273721.pdf,NOT_RELEVANT,0,orange-fibre-GT2-derniere-revue-ciblee.xlsx,document-review-stage-2,Contrôle négatif,25,orange-fibre-cross-domain-v1,orange-fibre-cross-domain-guideline-v1,
orange-fibre-cross-domain-v1,candidate-a65f2be770030087,component-09dac0822cb88802,m4Koqp63psHBut57w-bZyf1P,urn:openrag:openarchiver:attachment:27539d50-3f4c-4dd4-9eb0-32479ca9ad8b,urn:openrag:openarchiver:attachment:27539d50-3f4c-4dd4-9eb0-32479ca9ad8b,Facture_EDF_10256952555.pdf,NOT_RELEVANT,0,orange-fibre-GT2-derniere-revue-ciblee.xlsx,document-review-stage-2,Contrôle négatif,46,orange-fibre-cross-domain-v1,orange-fibre-cross-domain-guideline-v1,
orange-fibre-cross-domain-v1,candidate-a6bb7140bf4b1f04,component-555d3a4028840bae,4qvTk2N6eGDyRaA5Hydur5Bt,urn:openrag:openarchiver:attachment:1807fe49-96ed-45f8-90b9-407425186bee,urn:openrag:openarchiver:attachment:1807fe49-96ed-45f8-90b9-407425186bee,grand_livre.pdf,NOT_RELEVANT,0,orange-fibre-GT2-revue-a-faire.xlsx,document-review-stage-1,Revue prioritaire,83,orange-fibre-cross-domain-v1,orange-fibre-cross-domain-guideline-v1,
orange-fibre-cross-domain-v1,candidate-a6cedfeae9f35307,component-1fbe1032b89fb148,uyPLqKRTAhHeI1Vc76wpoaAh,urn:openrag:openarchiver:email:9e325a3e-b01f-40bf-8890-b400d4e3d7f4:ca9a4eb1-f27e-4cee-a488-46dec1d759d1,urn:openrag:openarchiver:email:9e325a3e-b01f-40bf-8890-b400d4e3d7f4:ca9a4eb1-f27e-4cee-a488-46dec1d759d1,Re: Game Fair 2025 - Concours Agneaux,NOT_RELEVANT,0,orange-fibre-GT2-revue-a-faire.xlsx,document-review-stage-1,Contrôle négatif,10,orange-fibre-cross-domain-v1,orange-fibre-cross-domain-guideline-v1,
orange-fibre-cross-domain-v1,candidate-a880659654b9c8d5,component-ec0628ac32f203f0,Fg-Xb8RdJkua7P5rKzvSzK_L,urn:openrag:openarchiver:email:6ca4c5b5-3440-4c50-8666-cecfa25916d5:c30d60d8-dabb-4cee-a915-23846448828a,urn:openrag:openarchiver:email:6ca4c5b5-3440-4c50-8666-cecfa25916d5:c30d60d8-dabb-4cee-a915-23846448828a,suivez votre dossier sur sosh.fr,NOT_RELEVANT,0,orange-fibre-GT2-derniere-revue-ciblee.xlsx,document-review-stage-2,Revue prioritaire,12,orange-fibre-cross-domain-v1,orange-fibre-cross-domain-guideline-v1,
orange-fibre-cross-domain-v1,candidate-a8ffbb7981546d11,component-5778fdda66ecb48c,YqVrrO1R1q3mWwog2rBLPQr9,urn:openrag:openarchiver:email:9e325a3e-b01f-40bf-8890-b400d4e3d7f4:d2e05699-9ec5-4ed5-bce1-99ac1a1a566d,urn:openrag:openarchiver:email:9e325a3e-b01f-40bf-8890-b400d4e3d7f4:d2e05699-9ec5-4ed5-bce1-99ac1a1a566d,Nous avons bien reçu vos équipements,CORE,2,orange-fibre-GT2-revue-a-faire.xlsx,document-review-stage-1,Revue prioritaire,28,orange-fibre-cross-domain-v1,orange-fibre-cross-domain-guideline-v1,
orange-fibre-cross-domain-v1,candidate-a999bb2237609db8,component-5b572ce9c264435e,JvWuG81dQd83bylI_x-La-gr,urn:openrag:openarchiver:email:9e325a3e-b01f-40bf-8890-b400d4e3d7f4:c61ca45f-40cd-47d9-bcd8-19679b4e341a,urn:openrag:openarchiver:email:9e325a3e-b01f-40bf-8890-b400d4e3d7f4:c61ca45f-40cd-47d9-bcd8-19679b4e341a,Re: NOFU - mémoire en réponse enquête publique,NOT_RELEVANT,0,orange-fibre-GT2-revue-a-faire.xlsx,document-review-stage-1,Contrôle négatif,33,orange-fibre-cross-domain-v1,orange-fibre-cross-domain-guideline-v1,
orange-fibre-cross-domain-v1,candidate-aa4de59b64552a94,component-3b4608b8c4b2cfe9,lRvbYpEO27rYV6aHtrVDNcv2,urn:openrag:openarchiver:email:6ca4c5b5-3440-4c50-8666-cecfa25916d5:d45ffdc4-2e6e-4381-ae43-3fa595abaded,urn:openrag:openarchiver:email:6ca4c5b5-3440-4c50-8666-cecfa25916d5:d45ffdc4-2e6e-4381-ae43-3fa595abaded,Votre facture Internet est disponible,CONTEXTUAL,1,orange-fibre-GT2-revue-a-faire.xlsx,document-review-stage-1,Revue prioritaire,18,orange-fibre-cross-domain-v1,orange-fibre-cross-domain-guideline-v1,
orange-fibre-cross-domain-v1,candidate-aa54035060f6688e,component-9f2c77535ab05416,SK5WnlblPfefk2dHAsRn8Flu,urn:openrag:openarchiver:attachment:522f3816-e11f-42ee-814d-b366dabbdc6d,urn:openrag:openarchiver:attachment:522f3816-e11f-42ee-814d-b366dabbdc6d,darty_contrat_de_confiance.pdf,NOT_RELEVANT,0,orange-fibre-GT2-derniere-revue-ciblee.xlsx,document-review-stage-2,Contrôle négatif,61,orange-fibre-cross-domain-v1,orange-fibre-cross-domain-guideline-v1,
orange-fibre-cross-domain-v1,candidate-ab95b95f5e3fb958,component-64c0e94952c75093,bBIRc1DNYioWkt8sJOpKJ0U-,urn:openrag:openarchiver:email:9e325a3e-b01f-40bf-8890-b400d4e3d7f4:64fc0b0c-814a-4373-9c5c-c436aa86a9d5,urn:openrag:openarchiver:email:9e325a3e-b01f-40bf-8890-b400d4e3d7f4:64fc0b0c-814a-4373-9c5c-c436aa86a9d5,RE: Message depuis milkywan.fr de Eloi Primaux,NOT_RELEVANT,0,orange-fibre-GT2-revue-a-faire.xlsx,document-review-stage-1,Revue prioritaire,145,orange-fibre-cross-domain-v1,orange-fibre-cross-domain-guideline-v1,
orange-fibre-cross-domain-v1,candidate-abc9d7a0a9fb85d6,component-80f972b3a9b33f0f,TAcY7ZVQnG5yFXuzkZ7EdNMX,urn:openrag:openarchiver:email:6ca4c5b5-3440-4c50-8666-cecfa25916d5:4a45a927-5058-446f-8694-f358fa8bc085,urn:openrag:openarchiver:email:6ca4c5b5-3440-4c50-8666-cecfa25916d5:4a45a927-5058-446f-8694-f358fa8bc085,Votre facture est disponible,CONTEXTUAL,1,orange-fibre-GT2-revue-a-faire.xlsx,document-review-stage-1,Revue prioritaire,40,orange-fibre-cross-domain-v1,orange-fibre-cross-domain-guideline-v1,
orange-fibre-cross-domain-v1,candidate-ac6698356b07eae7,component-e1f103ce76fab65f,elDap-UTRRscuTdHC4aPzh6A,urn:openrag:openarchiver:attachment:42dcfa6b-1943-4eb0-8899-c926cfdfa012,urn:openrag:openarchiver:attachment:42dcfa6b-1943-4eb0-8899-c926cfdfa012,Grand livre auxiliaire.pdf,CORE,2,orange-fibre-GT2-revue-a-faire.xlsx,document-review-stage-1,Revue prioritaire,110,orange-fibre-cross-domain-v1,orange-fibre-cross-domain-guideline-v1,
orange-fibre-cross-domain-v1,candidate-adc1c401e5a1c9a6,component-2cdbd1a78adab052,-u4VvN3UL2dfWNOYF-rMLWm0,urn:openrag:openarchiver:attachment:6a064fae-81e8-41c3-aa11-ee2f6afadbfb,urn:openrag:openarchiver:attachment:6a064fae-81e8-41c3-aa11-ee2f6afadbfb,Facture_Free_202604_34171985_1464161991.pdf,NOT_RELEVANT,0,orange-fibre-GT2-derniere-revue-ciblee.xlsx,document-review-stage-2,Revue prioritaire,17,orange-fibre-cross-domain-v1,orange-fibre-cross-domain-guideline-v1,
orange-fibre-cross-domain-v1,candidate-add953c86e344eef,component-c547c5afd1fd4452,StsU8wRlY3as-0g8xO9nxB68,urn:openrag:openarchiver:attachment:77d8c9bc-9e71-4e73-bf47-42df648bb1b3,urn:openrag:openarchiver:attachment:77d8c9bc-9e71-4e73-bf47-42df648bb1b3,Conditions Particulieres 16546922672412634AA4656824127AEAF531D7F116EF8.pdf,NOT_RELEVANT,0,orange-fibre-GT2-revue-a-faire.xlsx,document-review-stage-1,Revue prioritaire,119,orange-fibre-cross-domain-v1,orange-fibre-cross-domain-guideline-v1,
orange-fibre-cross-domain-v1,candidate-ae0cdc0480ffb64c,component-3addd027f23027b8,5wfCvj2kHeAgUP9Bvs0BJmXg,urn:openrag:openarchiver:attachment:46b4c39d-ee67-47b0-bf2a-6cdfdc33a161,urn:openrag:openarchiver:attachment:46b4c39d-ee67-47b0-bf2a-6cdfdc33a161,NotificationFacture.html,NOT_RELEVANT,0,orange-fibre-GT2-revue-a-faire.xlsx,document-review-stage-1,Revue prioritaire,136,orange-fibre-cross-domain-v1,orange-fibre-cross-domain-guideline-v1,
orange-fibre-cross-domain-v1,candidate-af1c8462975d1ed4,component-613a21d2efb32a4b,hUgUVzJjeU8wXbun4R1xHPfy,urn:openrag:openarchiver:email:9e325a3e-b01f-40bf-8890-b400d4e3d7f4:3dfb75cf-bd57-480e-910c-6f26504534c4,urn:openrag:openarchiver:email:9e325a3e-b01f-40bf-8890-b400d4e3d7f4:3dfb75cf-bd57-480e-910c-6f26504534c4,Re: Groupe de com - Conception des prochains outils,NOT_RELEVANT,0,orange-fibre-GT2-revue-a-faire.xlsx,document-review-stage-1,Revue prioritaire,143,orange-fibre-cross-domain-v1,orange-fibre-cross-domain-guideline-v1,
orange-fibre-cross-domain-v1,candidate-afe4db41034b4a3c,component-cbc3b2035af9c101,lnJWqDKWeZyjPu9CUzHOLyqe,urn:openrag:openarchiver:attachment:1ea3dfb8-e2a5-49fb-ac50-9e38f80f62e6,urn:openrag:openarchiver:attachment:1ea3dfb8-e2a5-49fb-ac50-9e38f80f62e6,brochure_tarifaire_20240130.pdf,NOT_RELEVANT,0,orange-fibre-GT2-revue-a-faire.xlsx,document-review-stage-1,Revue prioritaire,102,orange-fibre-cross-domain-v1,orange-fibre-cross-domain-guideline-v1,
orange-fibre-cross-domain-v1,candidate-b14ae3860ba75ed5,component-ef2d0839e8fc8d5c,GQoj0SuZDm0dfg-fMqcrEDQ3,urn:openrag:openarchiver:email:9e325a3e-b01f-40bf-8890-b400d4e3d7f4:9d456d92-6f0b-4071-bb19-066063224bc8,urn:openrag:openarchiver:email:9e325a3e-b01f-40bf-8890-b400d4e3d7f4:9d456d92-6f0b-4071-bb19-066063224bc8,[Free] Votre abonnement Freebox - Photographie de votre prise fibre (PTO),NOT_RELEVANT,0,orange-fibre-GT2-revue-a-faire.xlsx,document-review-stage-1,Revue prioritaire,194,orange-fibre-cross-domain-v1,orange-fibre-cross-domain-guideline-v1,
orange-fibre-cross-domain-v1,candidate-b3dc8d927077c138,component-715bf10d44a4a3ee,hdUpquAj-kvllR3tdqiQCw8R,urn:openrag:openarchiver:email:6ca4c5b5-3440-4c50-8666-cecfa25916d5:49732f03-0b3e-4052-97ae-7dbbfaabc7aa,urn:openrag:openarchiver:email:6ca4c5b5-3440-4c50-8666-cecfa25916d5:49732f03-0b3e-4052-97ae-7dbbfaabc7aa,Facture,NOT_RELEVANT,0,orange-fibre-GT2-revue-a-faire.xlsx,document-review-stage-1,Contrôle négatif,48,orange-fibre-cross-domain-v1,orange-fibre-cross-domain-guideline-v1,
orange-fibre-cross-domain-v1,candidate-b4d8caaefc91ab41,component-91eb13e3a5b5cdfc,ryX_eV32mi1b25ZWNqG8silP,urn:openrag:openarchiver:email:9e325a3e-b01f-40bf-8890-b400d4e3d7f4:01efb190-9a29-49cc-af8b-678aebb01ef4,urn:openrag:openarchiver:email:9e325a3e-b01f-40bf-8890-b400d4e3d7f4:01efb190-9a29-49cc-af8b-678aebb01ef4,"RE: Important : Bilan financier 2024-2025, point de vigilance et décision subventions 2026",NOT_RELEVANT,0,orange-fibre-GT2-derniere-revue-ciblee.xlsx,document-review-stage-2,Contrôle négatif,8,orange-fibre-cross-domain-v1,orange-fibre-cross-domain-guideline-v1,
orange-fibre-cross-domain-v1,candidate-b5d5b15a8a5d0238,component-2242bf7450cf1267,igxcxoTdGWv1jq0szJWB7R07,urn:openrag:openarchiver:email:9e325a3e-b01f-40bf-8890-b400d4e3d7f4:3d8aba13-772b-48a4-a268-ef2f3597c347,urn:openrag:openarchiver:email:9e325a3e-b01f-40bf-8890-b400d4e3d7f4:3d8aba13-772b-48a4-a268-ef2f3597c347,NOFU - projet en concurrence poste Lamotte Beuvron,NOT_RELEVANT,0,orange-fibre-GT2-derniere-revue-ciblee.xlsx,document-review-stage-2,Contrôle négatif,20,orange-fibre-cross-domain-v1,orange-fibre-cross-domain-guideline-v1,
orange-fibre-cross-domain-v1,candidate-b5e6533ecfbbfafe,component-71c402ec9874a433,as0iOJg69_0vOfm-FZ_oD0d0,urn:openrag:openarchiver:email:9e325a3e-b01f-40bf-8890-b400d4e3d7f4:27900980-f814-425d-93d7-38c6da9fc060,urn:openrag:openarchiver:email:9e325a3e-b01f-40bf-8890-b400d4e3d7f4:27900980-f814-425d-93d7-38c6da9fc060,Re: Voitures,NOT_RELEVANT,0,orange-fibre-GT2-revue-a-faire.xlsx,document-review-stage-1,Contrôle négatif,24,orange-fibre-cross-domain-v1,orange-fibre-cross-domain-guideline-v1,
orange-fibre-cross-domain-v1,candidate-b5fbdaeaa9e060f6,component-060b2794708fbc5d,cNIqOVh7B5kYYp6rNCJQGXYz,urn:openrag:openarchiver:attachment:1b5a9678-0c59-4310-88e6-042acdf3f3cd,urn:openrag:openarchiver:attachment:1b5a9678-0c59-4310-88e6-042acdf3f3cd,Demande de documents.xlsx,CORE,2,orange-fibre-GT2-revue-a-faire.xlsx,document-review-stage-1,Revue prioritaire,70,orange-fibre-cross-domain-v1,orange-fibre-cross-domain-guideline-v1,
orange-fibre-cross-domain-v1,candidate-b5fef33d2b24c7ea,component-a00644b790d64913,DruJmnWlI-s9uEwWlmekDsFh,urn:openrag:openarchiver:email:9e325a3e-b01f-40bf-8890-b400d4e3d7f4:52afe025-d013-47ab-9568-fd5cdf7ab7e9,urn:openrag:openarchiver:email:9e325a3e-b01f-40bf-8890-b400d4e3d7f4:52afe025-d013-47ab-9568-fd5cdf7ab7e9,Re: Paturesens -Groupe SHSologne - formation gestion printemps ça continue,NOT_RELEVANT,0,orange-fibre-GT2-revue-a-faire.xlsx,document-review-stage-1,Contrôle négatif,4,orange-fibre-cross-domain-v1,orange-fibre-cross-domain-guideline-v1,
orange-fibre-cross-domain-v1,candidate-b67c9ca3a71a6962,component-e60363b59ea0d9ac,6hEGQXIv1615Y2FxJX7iRA6E,urn:openrag:openarchiver:email:9e325a3e-b01f-40bf-8890-b400d4e3d7f4:67244b45-0ea1-4ee5-8eaf-067164cc1242,urn:openrag:openarchiver:email:9e325a3e-b01f-40bf-8890-b400d4e3d7f4:67244b45-0ea1-4ee5-8eaf-067164cc1242,Rappel : 26/11/25 - CAD de 8h à 9H + réunion de Bureau à 10H30,NOT_RELEVANT,0,orange-fibre-GT2-derniere-revue-ciblee.xlsx,document-review-stage-2,Contrôle négatif,26,orange-fibre-cross-domain-v1,orange-fibre-cross-domain-guideline-v1,
orange-fibre-cross-domain-v1,candidate-b72cba5b5cbad1fb,component-b55f09fbe2f566ad,vR-QrhVUkmie8qCI1ScFwLnw,urn:openrag:openarchiver:email:6ca4c5b5-3440-4c50-8666-cecfa25916d5:f9b1c988-7fb2-4c44-be2b-7a1f9ac741dc,urn:openrag:openarchiver:email:6ca4c5b5-3440-4c50-8666-cecfa25916d5:f9b1c988-7fb2-4c44-be2b-7a1f9ac741dc,Et si vous passiez chez Sosh pour votre abonnement internet ?,CORE,2,orange-fibre-GT2-revue-a-faire.xlsx,document-review-stage-1,Revue prioritaire,52,orange-fibre-cross-domain-v1,orange-fibre-cross-domain-guideline-v1,
orange-fibre-cross-domain-v1,candidate-b72d96d05ea33961,component-80e1f999c507bce4,sV_ZWjmCJpV1ejz9NRCqj21f,urn:openrag:openarchiver:attachment:72345025-8d0c-41cc-b2ff-e811cacee3f4,urn:openrag:openarchiver:attachment:72345025-8d0c-41cc-b2ff-e811cacee3f4,NotificationFacture.html,NOT_RELEVANT,0,orange-fibre-GT2-revue-a-faire.xlsx,document-review-stage-1,Revue prioritaire,91,orange-fibre-cross-domain-v1,orange-fibre-cross-domain-guideline-v1,
orange-fibre-cross-domain-v1,candidate-b7816406ec3b1756,component-aa34271a690068b1,mazmiMCcr4h9tBT7AbBT6jDu,urn:openrag:openarchiver:email:6ca4c5b5-3440-4c50-8666-cecfa25916d5:fe79a915-a946-4280-adff-91e4880c0e51,urn:openrag:openarchiver:email:6ca4c5b5-3440-4c50-8666-cecfa25916d5:fe79a915-a946-4280-adff-91e4880c0e51,Votre colis ORANGE est arrivé dans votre relais Pickup !,CORE,2,orange-fibre-GT2-revue-a-faire.xlsx,document-review-stage-1,Revue prioritaire,51,orange-fibre-cross-domain-v1,orange-fibre-cross-domain-guideline-v1,
orange-fibre-cross-domain-v1,candidate-b7b3960fdecfbff0,component-eafc15b16e1b8f63,WbKewzV5rjHvmdl5yHGuvceS,urn:openrag:openarchiver:email:6ca4c5b5-3440-4c50-8666-cecfa25916d5:2c81c087-dc3a-4066-9c7f-bff30df7df34,urn:openrag:openarchiver:email:6ca4c5b5-3440-4c50-8666-cecfa25916d5:2c81c087-dc3a-4066-9c7f-bff30df7df34,Incident sur le réseau mobile Sosh,NOT_RELEVANT,0,orange-fibre-GT2-derniere-revue-ciblee.xlsx,document-review-stage-2,Revue prioritaire,20,orange-fibre-cross-domain-v1,orange-fibre-cross-domain-guideline-v1,
orange-fibre-cross-domain-v1,candidate-b9a3185af99d8fb2,component-b8c70e09a51f49bb,XU0duuhbnUuy4IG7gxe4MkV7,urn:openrag:openarchiver:email:6ca4c5b5-3440-4c50-8666-cecfa25916d5:27f8e0ad-0ce5-4abc-ab39-8c46a4c09683,urn:openrag:openarchiver:email:6ca4c5b5-3440-4c50-8666-cecfa25916d5:27f8e0ad-0ce5-4abc-ab39-8c46a4c09683,Votre facture est disponible,CONTEXTUAL,1,orange-fibre-GT2-revue-a-faire.xlsx,document-review-stage-1,Revue prioritaire,56,orange-fibre-cross-domain-v1,orange-fibre-cross-domain-guideline-v1,
orange-fibre-cross-domain-v1,candidate-bb6ecfc5ab9e462a,component-5c5f0371f4159308,nhjesurrr6R8n_4OV9dXTYG4,urn:openrag:openarchiver:email:6ca4c5b5-3440-4c50-8666-cecfa25916d5:65c7f248-31b6-487b-8639-84272da7d5ae,urn:openrag:openarchiver:email:6ca4c5b5-3440-4c50-8666-cecfa25916d5:65c7f248-31b6-487b-8639-84272da7d5ae,Confirmation de l'ajout du contrat internet 761056851 dans votre Espace client,NOT_RELEVANT,0,orange-fibre-GT2-revue-a-faire.xlsx,document-review-stage-1,Revue prioritaire,142,orange-fibre-cross-domain-v1,orange-fibre-cross-domain-guideline-v1,
orange-fibre-cross-domain-v1,candidate-bbe5838d344323c5,component-e1f103ce76fab65f,toSG_PseSLuWpeauBt2obIB6,urn:openrag:openarchiver:attachment:31da24ba-1ce2-4322-a009-30ca0492763a,urn:openrag:openarchiver:attachment:31da24ba-1ce2-4322-a009-30ca0492763a,Facture #GGS_CII_24.pdf,NOT_RELEVANT,0,orange-fibre-GT2-revue-a-faire.xlsx,document-review-stage-1,Revue prioritaire,108,orange-fibre-cross-domain-v1,orange-fibre-cross-domain-guideline-v1,
orange-fibre-cross-domain-v1,candidate-bce7004ecbca8d27,component-8bc07eb57739820e,Pgm4JWKy_sSZTfnD2OUQTMPT,urn:openrag:openarchiver:email:9e325a3e-b01f-40bf-8890-b400d4e3d7f4:7dcb3517-49ae-4c4a-8112-f7f728e4fb2d,urn:openrag:openarchiver:email:9e325a3e-b01f-40bf-8890-b400d4e3d7f4:7dcb3517-49ae-4c4a-8112-f7f728e4fb2d,Re: Voitures - Transport,NOT_RELEVANT,0,orange-fibre-GT2-revue-a-faire.xlsx,document-review-stage-1,Contrôle négatif,20,orange-fibre-cross-domain-v1,orange-fibre-cross-domain-guideline-v1,
orange-fibre-cross-domain-v1,candidate-bcf542876d3b3c95,component-990d809eab8449f9,f_qBg4zrxKUv8U7LRoxOTg1V,urn:openrag:openarchiver:email:9e325a3e-b01f-40bf-8890-b400d4e3d7f4:3506bbb8-e525-460f-8617-55cee19d408b,urn:openrag:openarchiver:email:9e325a3e-b01f-40bf-8890-b400d4e3d7f4:3506bbb8-e525-460f-8617-55cee19d408b,mail--3506bbb8e525.eml,CORE,2,orange-fibre-GT2-revue-a-faire.xlsx,document-review-stage-1,Revue prioritaire,46,orange-fibre-cross-domain-v1,orange-fibre-cross-domain-guideline-v1,
orange-fibre-cross-domain-v1,candidate-bd164f889607aa64,component-bb5aa9a0ed884760,N_cpPS2tH6uqH7wMsFt0rDdo,urn:openrag:openarchiver:attachment:5b3f77d8-2a24-43ce-8020-790443e97954,urn:openrag:openarchiver:attachment:5b3f77d8-2a24-43ce-8020-790443e97954,NotificationFacture.html,NOT_RELEVANT,0,orange-fibre-GT2-revue-a-faire.xlsx,document-review-stage-1,Revue prioritaire,169,orange-fibre-cross-domain-v1,orange-fibre-cross-domain-guideline-v1,
orange-fibre-cross-domain-v1,candidate-bd9080575f476de5,component-9ed71fb0d1cb8ac3,mvkVOQDJ3NyUvdsJt_7wUhMo,urn:openrag:openarchiver:email:6ca4c5b5-3440-4c50-8666-cecfa25916d5:6dbe2d49-ff33-4bfd-8df7-d44f88b8a212,urn:openrag:openarchiver:email:6ca4c5b5-3440-4c50-8666-cecfa25916d5:6dbe2d49-ff33-4bfd-8df7-d44f88b8a212,Votre facture est disponible,CONTEXTUAL,1,orange-fibre-GT2-revue-a-faire.xlsx,document-review-stage-1,Revue prioritaire,47,orange-fibre-cross-domain-v1,orange-fibre-cross-domain-guideline-v1,
orange-fibre-cross-domain-v1,candidate-bfb89a50b4477df8,component-b3224139b6dca83f,WgDlKEoSpa5ZF3sMBmIIdq3b,urn:openrag:openarchiver:email:6ca4c5b5-3440-4c50-8666-cecfa25916d5:2f71cc68-1039-4cfe-b332-7806d76a9ed0,urn:openrag:openarchiver:email:6ca4c5b5-3440-4c50-8666-cecfa25916d5:2f71cc68-1039-4cfe-b332-7806d76a9ed0,Fwd: Bulletins de paie - Septembre 2020 - Dossier 023424,NOT_RELEVANT,0,orange-fibre-GT2-derniere-revue-ciblee.xlsx,document-review-stage-2,Contrôle négatif,13,orange-fibre-cross-domain-v1,orange-fibre-cross-domain-guideline-v1,
orange-fibre-cross-domain-v1,candidate-bfdec2400d257114,component-a8df13cdbfe9b7a2,W5zbsAW6r2RRieRHBP_IREYX,urn:openrag:openarchiver:email:9e325a3e-b01f-40bf-8890-b400d4e3d7f4:2308befc-9c3f-474a-b63e-ace955d949ed,urn:openrag:openarchiver:email:9e325a3e-b01f-40bf-8890-b400d4e3d7f4:2308befc-9c3f-474a-b63e-ace955d949ed,"Le sale coup anti-manifestations, actualité Mauvais esprit : Le Point",NOT_RELEVANT,0,orange-fibre-GT2-revue-a-faire.xlsx,document-review-stage-1,Contrôle négatif,28,orange-fibre-cross-domain-v1,orange-fibre-cross-domain-guideline-v1,
orange-fibre-cross-domain-v1,candidate-c108b844f562eee2,component-b7b671ba2d10e758,P1Gj6qYrkn0E_-kcVRKSx8aa,urn:openrag:openarchiver:email:9e325a3e-b01f-40bf-8890-b400d4e3d7f4:a686386e-219b-4919-89d8-b71708dc25f1,urn:openrag:openarchiver:email:9e325a3e-b01f-40bf-8890-b400d4e3d7f4:a686386e-219b-4919-89d8-b71708dc25f1,Votre facture Internet est disponible,CONTEXTUAL,1,orange-fibre-GT2-revue-a-faire.xlsx,document-review-stage-1,Revue prioritaire,166,orange-fibre-cross-domain-v1,orange-fibre-cross-domain-guideline-v1,
orange-fibre-cross-domain-v1,candidate-c159e39447d3941e,component-73c69e9de3d42ece,WFJoO_rLTPZy_WVPelyp8Kmc,urn:openrag:openarchiver:email:9e325a3e-b01f-40bf-8890-b400d4e3d7f4:737a56b8-9058-46ee-b8c3-65b12a608121,urn:openrag:openarchiver:email:9e325a3e-b01f-40bf-8890-b400d4e3d7f4:737a56b8-9058-46ee-b8c3-65b12a608121,Information concernant votre rendez-vous d'installation Fibre,NOT_RELEVANT,0,orange-fibre-GT2-revue-a-faire.xlsx,document-review-stage-1,Revue prioritaire,151,orange-fibre-cross-domain-v1,orange-fibre-cross-domain-guideline-v1,
orange-fibre-cross-domain-v1,candidate-c19c354db073ec0f,component-aac8a9c134197ea7,OgDXiyHktyKQf_aOQw0xgZKx,urn:openrag:openarchiver:attachment:443915bd-47e1-487f-824f-f27a249092f3,urn:openrag:openarchiver:attachment:443915bd-47e1-487f-824f-f27a249092f3,DendauwP_19.pdf,NOT_RELEVANT,0,orange-fibre-GT2-derniere-revue-ciblee.xlsx,document-review-stage-2,Contrôle négatif,9,orange-fibre-cross-domain-v1,orange-fibre-cross-domain-guideline-v1,
orange-fibre-cross-domain-v1,candidate-c1a46bc4c15d8da2,component-e943111e74321a59,t_HE8KNtSe7J0Qmo_iivOmHI,urn:openrag:openarchiver:attachment:03b41205-9026-4c74-8169-5ac36f056a23,urn:openrag:openarchiver:attachment:03b41205-9026-4c74-8169-5ac36f056a23,NotificationFacture.html,NOT_RELEVANT,0,orange-fibre-GT2-revue-a-faire.xlsx,document-review-stage-1,Revue prioritaire,189,orange-fibre-cross-domain-v1,orange-fibre-cross-domain-guideline-v1,
orange-fibre-cross-domain-v1,candidate-c1d432d4df62c063,component-9d5aad5537ff3d05,hou2xuixVVUN516f0D_z8zuP,urn:openrag:openarchiver:email:9e325a3e-b01f-40bf-8890-b400d4e3d7f4:7e10a6c3-6dc4-43a3-aee5-10a7bce88958,urn:openrag:openarchiver:email:9e325a3e-b01f-40bf-8890-b400d4e3d7f4:7e10a6c3-6dc4-43a3-aee5-10a7bce88958,"Eloi Primaux La Fibre à prix CANON, on y va avec Bouygues Telecom(1)",NOT_RELEVANT,0,orange-fibre-GT2-revue-a-faire.xlsx,document-review-stage-1,Revue prioritaire,159,orange-fibre-cross-domain-v1,orange-fibre-cross-domain-guideline-v1,
orange-fibre-cross-domain-v1,candidate-c1d6527286651499,component-3f66d54f739b81f1,8hDQsRulV9rG7YL5ZY3kSz-x,urn:openrag:openarchiver:email:9e325a3e-b01f-40bf-8890-b400d4e3d7f4:496d75c1-5e4e-4d33-8b34-ee6a2f05a27f,urn:openrag:openarchiver:email:9e325a3e-b01f-40bf-8890-b400d4e3d7f4:496d75c1-5e4e-4d33-8b34-ee6a2f05a27f,Re: Voitures - Transport,NOT_RELEVANT,0,orange-fibre-GT2-revue-a-faire.xlsx,document-review-stage-1,Contrôle négatif,22,orange-fibre-cross-domain-v1,orange-fibre-cross-domain-guideline-v1,
orange-fibre-cross-domain-v1,candidate-c2db37a255ae4454,component-e1f103ce76fab65f,66WaF8e5beNMHsqam5zfrOGJ,urn:openrag:openarchiver:email:6ca4c5b5-3440-4c50-8666-cecfa25916d5:50c5f166-a6e4-4134-9223-ec199ce75634,urn:openrag:openarchiver:email:6ca4c5b5-3440-4c50-8666-cecfa25916d5:50c5f166-a6e4-4134-9223-ec199ce75634,Re: SIG - WISEARCH,CORE,2,orange-fibre-GT2-revue-a-faire.xlsx,document-review-stage-1,Revue prioritaire,116,orange-fibre-cross-domain-v1,orange-fibre-cross-domain-guideline-v1,
orange-fibre-cross-domain-v1,candidate-c3ec821be76e0074,component-cd19a41ae4365482,xsMnrMVGM4bMdAYUBcaKxqsP,urn:openrag:openarchiver:email:6ca4c5b5-3440-4c50-8666-cecfa25916d5:6b24a2ec-d246-4e86-9111-91f7c425aa6b,urn:openrag:openarchiver:email:6ca4c5b5-3440-4c50-8666-cecfa25916d5:6b24a2ec-d246-4e86-9111-91f7c425aa6b,Votre derni?re facture Bouygues Telecom est disponible,NOT_RELEVANT,0,orange-fibre-GT2-revue-a-faire.xlsx,document-review-stage-1,Revue prioritaire,180,orange-fibre-cross-domain-v1,orange-fibre-cross-domain-guideline-v1,
orange-fibre-cross-domain-v1,candidate-c3f07235e1993bed,component-4b070d9836a520b9,divlziFZfocNHdvgmyPIKcM6,urn:openrag:openarchiver:email:9e325a3e-b01f-40bf-8890-b400d4e3d7f4:5966c0ee-a014-4a4a-9dd4-40f88ffd98c4,urn:openrag:openarchiver:email:9e325a3e-b01f-40bf-8890-b400d4e3d7f4:5966c0ee-a014-4a4a-9dd4-40f88ffd98c4,Re: Voitures - Transport,NOT_RELEVANT,0,orange-fibre-GT2-revue-a-faire.xlsx,document-review-stage-1,Contrôle négatif,3,orange-fibre-cross-domain-v1,orange-fibre-cross-domain-guideline-v1,
orange-fibre-cross-domain-v1,candidate-c51e87e4fffd7124,component-058e4653f377142c,eNiun-xsGa05zLjanZbIIu64,urn:openrag:openarchiver:attachment:2f5c7a82-0e21-404f-ba46-130275d0968e,urn:openrag:openarchiver:attachment:2f5c7a82-0e21-404f-ba46-130275d0968e,dossier_22.pdf,NOT_RELEVANT,0,orange-fibre-GT2-revue-a-faire.xlsx,document-review-stage-1,Contrôle négatif,26,orange-fibre-cross-domain-v1,orange-fibre-cross-domain-guideline-v1,
orange-fibre-cross-domain-v1,candidate-c618dbd6a3adba1d,component-002f714a6889c384,wQTikpWqjKJtz6WK-YPdNskw,urn:openrag:openarchiver:attachment:3342f482-cf17-4177-9838-23e91e7ec916,urn:openrag:openarchiver:attachment:3342f482-cf17-4177-9838-23e91e7ec916,GUIDE_TARIFS.pdf,NOT_RELEVANT,0,orange-fibre-GT2-revue-a-faire.xlsx,document-review-stage-1,Revue prioritaire,67,orange-fibre-cross-domain-v1,orange-fibre-cross-domain-guideline-v1,
orange-fibre-cross-domain-v1,candidate-c61a4d3f15d34401,component-3c5f3f05b35114dc,NUIl39JG6qAtn7mPsEZ9Wl6t,urn:openrag:openarchiver:attachment:087411be-b2fd-43a7-8046-efddb62187fa,urn:openrag:openarchiver:attachment:087411be-b2fd-43a7-8046-efddb62187fa,FR65863775.pdf,NOT_RELEVANT,0,orange-fibre-GT2-derniere-revue-ciblee.xlsx,document-review-stage-2,Contrôle négatif,19,orange-fibre-cross-domain-v1,orange-fibre-cross-domain-guideline-v1,
orange-fibre-cross-domain-v1,candidate-c658d5962e2b6103,component-33fd4c0d00e72722,F4S6daLoO79SVJ8gHxB-VDvG,urn:openrag:openarchiver:email:6ca4c5b5-3440-4c50-8666-cecfa25916d5:3cd6d919-867b-475e-b155-92e0ec386879,urn:openrag:openarchiver:email:6ca4c5b5-3440-4c50-8666-cecfa25916d5:3cd6d919-867b-475e-b155-92e0ec386879,Et si vous passiez chez Sosh pour votre abonnement internet ?,CORE,2,orange-fibre-GT2-revue-a-faire.xlsx,document-review-stage-1,Revue prioritaire,16,orange-fibre-cross-domain-v1,orange-fibre-cross-domain-guideline-v1,
orange-fibre-cross-domain-v1,candidate-c6edd936cdf5e4c2,component-988057439660e65e,BXx-M1dNTfzkWd9v8Rnse-SY,urn:openrag:openarchiver:email:9e325a3e-b01f-40bf-8890-b400d4e3d7f4:ea843f3b-e565-41b0-ba78-615f1cae5118,urn:openrag:openarchiver:email:9e325a3e-b01f-40bf-8890-b400d4e3d7f4:ea843f3b-e565-41b0-ba78-615f1cae5118,Plus que 2 jours pour changer d'avis,CORE,2,orange-fibre-GT2-revue-a-faire.xlsx,document-review-stage-1,Revue prioritaire,43,orange-fibre-cross-domain-v1,orange-fibre-cross-domain-guideline-v1,
orange-fibre-cross-domain-v1,candidate-c7169e9b6f074287,component-1b91797f9a9dab97,B5Dq4Rj57a6Y3JXs2luWxN_3,urn:openrag:openarchiver:email:6ca4c5b5-3440-4c50-8666-cecfa25916d5:cb5c0277-d9fc-49e1-89e7-108f2ed8e96c,urn:openrag:openarchiver:email:6ca4c5b5-3440-4c50-8666-cecfa25916d5:cb5c0277-d9fc-49e1-89e7-108f2ed8e96c,ELAN - Crédit Impôt Innovation (CII),NOT_RELEVANT,0,orange-fibre-GT2-revue-a-faire.xlsx,document-review-stage-1,Revue prioritaire,80,orange-fibre-cross-domain-v1,orange-fibre-cross-domain-guideline-v1,
orange-fibre-cross-domain-v1,candidate-c7eae3390cfdf5f7,component-4c32544a4833d8f0,YlFa4WzYPBygyVPMsl0tOIkv,urn:openrag:openarchiver:email:6ca4c5b5-3440-4c50-8666-cecfa25916d5:dd169e10-c847-4316-93ad-2ecab3dd45ec,urn:openrag:openarchiver:email:6ca4c5b5-3440-4c50-8666-cecfa25916d5:dd169e10-c847-4316-93ad-2ecab3dd45ec,Votre facture Internet est disponible,CONTEXTUAL,1,orange-fibre-GT2-revue-a-faire.xlsx,document-review-stage-1,Revue prioritaire,26,orange-fibre-cross-domain-v1,orange-fibre-cross-domain-guideline-v1,
orange-fibre-cross-domain-v1,candidate-c84def48f5607871,component-0e1296a2dd420060,nR1RhT2dbLaSugVfNw6hAJe7,urn:openrag:openarchiver:attachment:163402ed-e853-4972-9b6f-213d9c39d4b8,urn:openrag:openarchiver:attachment:163402ed-e853-4972-9b6f-213d9c39d4b8,250414-facture_9073083280_2025-04-04.pdf,NOT_RELEVANT,0,orange-fibre-GT2-derniere-revue-ciblee.xlsx,document-review-stage-2,Revue prioritaire,6,orange-fibre-cross-domain-v1,orange-fibre-cross-domain-guideline-v1,
orange-fibre-cross-domain-v1,candidate-c960350d5bb5d32e,component-3737ca83bfdb5631,cRMCelNqRo-e98kvfyT4qjqK,urn:openrag:openarchiver:attachment:48d68809-9a82-4e88-a2e9-c1c3f409f0c6,urn:openrag:openarchiver:attachment:48d68809-9a82-4e88-a2e9-c1c3f409f0c6,RUMISOFT TM-FR.pdf,NOT_RELEVANT,0,orange-fibre-GT2-revue-a-faire.xlsx,document-review-stage-1,Revue prioritaire,134,orange-fibre-cross-domain-v1,orange-fibre-cross-domain-guideline-v1,
orange-fibre-cross-domain-v1,candidate-c9df9a0a7846d5e0,component-bb5aa9a0ed884760,Sokth27MBwj6rXBJFMiQbtow,urn:openrag:openarchiver:email:6ca4c5b5-3440-4c50-8666-cecfa25916d5:8c6142b2-7324-4011-839c-475e16e008e1,urn:openrag:openarchiver:email:6ca4c5b5-3440-4c50-8666-cecfa25916d5:8c6142b2-7324-4011-839c-475e16e008e1,Votre derni?re facture Bouygues Telecom est disponible,NOT_RELEVANT,0,orange-fibre-GT2-revue-a-faire.xlsx,document-review-stage-1,Revue prioritaire,170,orange-fibre-cross-domain-v1,orange-fibre-cross-domain-guideline-v1,
orange-fibre-cross-domain-v1,candidate-caf900e9c03f761e,component-08c3c86d0aadfb1d,6w11pbx9Ey1fNseAphRtPwPf,urn:openrag:openarchiver:attachment:776aa468-56d3-49e8-8498-22f54454bf5e,urn:openrag:openarchiver:attachment:776aa468-56d3-49e8-8498-22f54454bf5e,Facture_Free_202506_34171985_1388367233.pdf,NOT_RELEVANT,0,orange-fibre-GT2-revue-a-faire.xlsx,document-review-stage-1,Revue prioritaire,122,orange-fibre-cross-domain-v1,orange-fibre-cross-domain-guideline-v1,
orange-fibre-cross-domain-v1,candidate-ccd905309f64f7ac,component-bb9164170cf71392,I7034vokk8gQFuK6IlXdWeAC,urn:openrag:openarchiver:email:9e325a3e-b01f-40bf-8890-b400d4e3d7f4:30aebe68-472b-43d7-a570-9603eaca3dc1,urn:openrag:openarchiver:email:9e325a3e-b01f-40bf-8890-b400d4e3d7f4:30aebe68-472b-43d7-a570-9603eaca3dc1,Lettre d'information,NOT_RELEVANT,0,orange-fibre-GT2-derniere-revue-ciblee.xlsx,document-review-stage-2,Contrôle négatif,52,orange-fibre-cross-domain-v1,orange-fibre-cross-domain-guideline-v1,
orange-fibre-cross-domain-v1,candidate-d0f3d08ca81b392f,component-f9afc687b47b4a7f,HNvafDGg2bMLJ9Weu1ScZE9f,urn:openrag:openarchiver:email:6ca4c5b5-3440-4c50-8666-cecfa25916d5:acbb40b8-d571-48a8-b072-c2d8c8777a9b,urn:openrag:openarchiver:email:6ca4c5b5-3440-4c50-8666-cecfa25916d5:acbb40b8-d571-48a8-b072-c2d8c8777a9b,Votre commande Amazon.fr : Orange TV.,NOT_RELEVANT,0,orange-fibre-GT2-derniere-revue-ciblee.xlsx,document-review-stage-2,Revue prioritaire,29,orange-fibre-cross-domain-v1,orange-fibre-cross-domain-guideline-v1,
orange-fibre-cross-domain-v1,candidate-d1dc902c5428f2ea,component-5532cf212636b9cc,CSErmd2yf__SIlUXCK4xE9H_,urn:openrag:openarchiver:email:9e325a3e-b01f-40bf-8890-b400d4e3d7f4:71fc1bf8-c33a-4667-98a9-06756aeb1b18,urn:openrag:openarchiver:email:9e325a3e-b01f-40bf-8890-b400d4e3d7f4:71fc1bf8-c33a-4667-98a9-06756aeb1b18,Re: Entrées CE Solognot,NOT_RELEVANT,0,orange-fibre-GT2-revue-a-faire.xlsx,document-review-stage-1,Contrôle négatif,31,orange-fibre-cross-domain-v1,orange-fibre-cross-domain-guideline-v1,
orange-fibre-cross-domain-v1,candidate-d209810e9f425774,component-b296f134662dfaf4,-amXDCPuV55co7T0XCaaj0ST,urn:openrag:openarchiver:email:6ca4c5b5-3440-4c50-8666-cecfa25916d5:4dbf98c7-3601-49d9-8bf2-4777f696f24c,urn:openrag:openarchiver:email:6ca4c5b5-3440-4c50-8666-cecfa25916d5:4dbf98c7-3601-49d9-8bf2-4777f696f24c,#Restezchezvous : votre espace client est là pour vous aider.,NOT_RELEVANT,0,orange-fibre-GT2-revue-a-faire.xlsx,document-review-stage-1,Revue prioritaire,165,orange-fibre-cross-domain-v1,orange-fibre-cross-domain-guideline-v1,
orange-fibre-cross-domain-v1,candidate-d22867c56c8af99c,component-173f0e2e7fb253d9,FwFAd6xTLM6Duylk7xRc_vRx,urn:openrag:openarchiver:attachment:0d4d55e7-4b8d-410d-8ed6-155063b3f168,urn:openrag:openarchiver:attachment:0d4d55e7-4b8d-410d-8ed6-155063b3f168,TELWAN - Conditions Generales de Souscription Entreprise - CGV-PRO-01012011ed2 .pdf,NOT_RELEVANT,0,orange-fibre-GT2-revue-a-faire.xlsx,document-review-stage-1,Revue prioritaire,78,orange-fibre-cross-domain-v1,orange-fibre-cross-domain-guideline-v1,
orange-fibre-cross-domain-v1,candidate-d2ee7a2719ccd83c,component-666f8e3b20fac835,DAp48rm_R3WcGL6yg8mS6Aou,urn:openrag:openarchiver:attachment:25cef0da-c7cf-4aa2-afc1-f507050c5194,urn:openrag:openarchiver:attachment:25cef0da-c7cf-4aa2-afc1-f507050c5194,20250108_Tax Invoice_404-7015567-4885141.pdf,NOT_RELEVANT,0,orange-fibre-GT2-derniere-revue-ciblee.xlsx,document-review-stage-2,Contrôle négatif,7,orange-fibre-cross-domain-v1,orange-fibre-cross-domain-guideline-v1,
orange-fibre-cross-domain-v1,candidate-d2f1a9f3da3438ab,component-0bf411051fad09ed,u1u-xWOsF7BOZxdWFZWoXnSE,urn:openrag:openarchiver:attachment:0900d001-dba7-46c2-9e75-11d7f5595af6,urn:openrag:openarchiver:attachment:0900d001-dba7-46c2-9e75-11d7f5595af6,facture_9073083280_2024-06-04.pdf,NOT_RELEVANT,0,orange-fibre-GT2-derniere-revue-ciblee.xlsx,document-review-stage-2,Revue prioritaire,26,orange-fibre-cross-domain-v1,orange-fibre-cross-domain-guideline-v1,
orange-fibre-cross-domain-v1,candidate-d354fbe2049c1b6b,component-7bbbdc1bd00a68cb,O6WXlS1o88QrkCXTvpN-gaQw,urn:openrag:openarchiver:email:9e325a3e-b01f-40bf-8890-b400d4e3d7f4:6f2a764c-ecac-43b7-b252-669aff40f045,urn:openrag:openarchiver:email:9e325a3e-b01f-40bf-8890-b400d4e3d7f4:6f2a764c-ecac-43b7-b252-669aff40f045,Re: Suite Vente du 27 Mars 2023,NOT_RELEVANT,0,orange-fibre-GT2-revue-a-faire.xlsx,document-review-stage-1,Contrôle négatif,38,orange-fibre-cross-domain-v1,orange-fibre-cross-domain-guideline-v1,
orange-fibre-cross-domain-v1,candidate-d48be2d6655a4196,component-1864edbfec1e3557,ZrzuLowfbxMutjI3DYCZOgTs,urn:openrag:openarchiver:email:6ca4c5b5-3440-4c50-8666-cecfa25916d5:f88732e1-7a00-4149-97c2-8c0016801331,urn:openrag:openarchiver:email:6ca4c5b5-3440-4c50-8666-cecfa25916d5:f88732e1-7a00-4149-97c2-8c0016801331,"Confirmation pour votre voyage SALBRIS - PARIS, aller le 06 avr., retour le 14 avr.",NOT_RELEVANT,0,orange-fibre-GT2-revue-a-faire.xlsx,document-review-stage-1,Contrôle négatif,11,orange-fibre-cross-domain-v1,orange-fibre-cross-domain-guideline-v1,
orange-fibre-cross-domain-v1,candidate-d591c7eaa4b41c1a,component-ba661a3f14e857db,Nd4fKl1y85SQ-pfeTKzfE0lx,urn:openrag:openarchiver:email:9e325a3e-b01f-40bf-8890-b400d4e3d7f4:2e347a2b-edca-4ee6-bfd5-032e406699bc,urn:openrag:openarchiver:email:9e325a3e-b01f-40bf-8890-b400d4e3d7f4:2e347a2b-edca-4ee6-bfd5-032e406699bc,"Re: AG du syndicat ""Agneau de Sologne""",NOT_RELEVANT,0,orange-fibre-GT2-derniere-revue-ciblee.xlsx,document-review-stage-2,Contrôle négatif,58,orange-fibre-cross-domain-v1,orange-fibre-cross-domain-guideline-v1,
orange-fibre-cross-domain-v1,candidate-d64d23a4671ea96a,component-3e9370d839088ebe,nTiSgBMs5N3kSbPrStRSASkX,urn:openrag:openarchiver:email:6ca4c5b5-3440-4c50-8666-cecfa25916d5:8bb5401c-9b97-46a3-90b2-66f06b5bdab8,urn:openrag:openarchiver:email:6ca4c5b5-3440-4c50-8666-cecfa25916d5:8bb5401c-9b97-46a3-90b2-66f06b5bdab8,Votre facture Internet est disponible,CONTEXTUAL,1,orange-fibre-GT2-revue-a-faire.xlsx,document-review-stage-1,Revue prioritaire,19,orange-fibre-cross-domain-v1,orange-fibre-cross-domain-guideline-v1,
orange-fibre-cross-domain-v1,candidate-d6a6aaf5adc26b81,component-9be67f0c1beab356,MVB8R1o6JjsEDtC2OM_zGd8B,urn:openrag:openarchiver:email:9e325a3e-b01f-40bf-8890-b400d4e3d7f4:48165b76-7d70-4d5a-9832-322475cfb51b,urn:openrag:openarchiver:email:9e325a3e-b01f-40bf-8890-b400d4e3d7f4:48165b76-7d70-4d5a-9832-322475cfb51b,Votre message a bien été reçu - (Proposition de partenariat pour hébergement de nœud télécom à Nouan-le-Fuzeli[...],CONTEXTUAL,1,orange-fibre-GT2-revue-a-faire.xlsx,document-review-stage-1,Revue prioritaire,97,orange-fibre-cross-domain-v1,orange-fibre-cross-domain-guideline-v1,
orange-fibre-cross-domain-v1,candidate-da783088f8126394,component-572d45af61d7d861,XJzr0suuoIwknoVVJpE6Bl4l,urn:openrag:openarchiver:email:9e325a3e-b01f-40bf-8890-b400d4e3d7f4:a1a01481-e8c2-4df3-9198-ecdb05caa619,urn:openrag:openarchiver:email:9e325a3e-b01f-40bf-8890-b400d4e3d7f4:a1a01481-e8c2-4df3-9198-ecdb05caa619,Votre boîte Mail Orange ou Wanadoo va être supprimée,NOT_RELEVANT,0,orange-fibre-GT2-revue-a-faire.xlsx,document-review-stage-1,Contrôle négatif,41,orange-fibre-cross-domain-v1,orange-fibre-cross-domain-guideline-v1,
orange-fibre-cross-domain-v1,candidate-dafe71a5b7d427ef,component-2fedb80d56261d81,cqrA4i17Px5TbTqUDYYmEBGm,urn:openrag:openarchiver:attachment:293101e7-4a82-4190-b947-1785107fd7ff,urn:openrag:openarchiver:attachment:293101e7-4a82-4190-b947-1785107fd7ff,Grand livre classe 6.xlsx,NOT_RELEVANT,0,orange-fibre-GT2-revue-a-faire.xlsx,document-review-stage-1,Revue prioritaire,132,orange-fibre-cross-domain-v1,orange-fibre-cross-domain-guideline-v1,
orange-fibre-cross-domain-v1,candidate-db28c2fb335134ff,component-d2295c2c64b6144c,v7ByKQjqBbEQ_fzDU_Ec-ae0,urn:openrag:openarchiver:attachment:25ab0416-11a7-49dc-9d14-984165d13993,urn:openrag:openarchiver:attachment:25ab0416-11a7-49dc-9d14-984165d13993,2016.05.10 0374-CNRS-SKCa_CI.docx,NOT_RELEVANT,0,orange-fibre-GT2-derniere-revue-ciblee.xlsx,document-review-stage-2,Contrôle négatif,24,orange-fibre-cross-domain-v1,orange-fibre-cross-domain-guideline-v1,
orange-fibre-cross-domain-v1,candidate-dd8d5b4845f028ed,component-4842a5253018cef8,IuZ4ykT4hjRJxwRbPDeSREIo,urn:openrag:openarchiver:email:9e325a3e-b01f-40bf-8890-b400d4e3d7f4:30b019f1-ceb6-418b-8917-ae170e53e814,urn:openrag:openarchiver:email:9e325a3e-b01f-40bf-8890-b400d4e3d7f4:30b019f1-ceb6-418b-8917-ae170e53e814,mail--30b019f1ceb6.eml,CORE,2,orange-fibre-GT2-revue-a-faire.xlsx,document-review-stage-1,Revue prioritaire,24,orange-fibre-cross-domain-v1,orange-fibre-cross-domain-guideline-v1,
orange-fibre-cross-domain-v1,candidate-ddde7948d67e606d,component-e1f103ce76fab65f,RwgS_9a1kvJ-1Ct_rGqN-RHT,urn:openrag:openarchiver:email:6ca4c5b5-3440-4c50-8666-cecfa25916d5:8e6b1398-32c0-45c8-8b9b-1ebeb52c1d3f,urn:openrag:openarchiver:email:6ca4c5b5-3440-4c50-8666-cecfa25916d5:8e6b1398-32c0-45c8-8b9b-1ebeb52c1d3f,Re: SIG - WISEARCH,CONTEXTUAL,1,orange-fibre-GT2-revue-a-faire.xlsx,document-review-stage-1,Revue prioritaire,114,orange-fibre-cross-domain-v1,orange-fibre-cross-domain-guideline-v1,
orange-fibre-cross-domain-v1,candidate-dde0f3bcbd46879a,component-45e87f09a7b2677b,aNokF0Dyjl4vg0A8lPoi_Et9,urn:openrag:openarchiver:email:6ca4c5b5-3440-4c50-8666-cecfa25916d5:79e0dbeb-7460-47d7-bca3-a120dd003866,urn:openrag:openarchiver:email:6ca4c5b5-3440-4c50-8666-cecfa25916d5:79e0dbeb-7460-47d7-bca3-a120dd003866,Confirmation de votre commande La Boîte Sosh Fibre,CORE,2,orange-fibre-GT2-revue-a-faire.xlsx,document-review-stage-1,Revue prioritaire,22,orange-fibre-cross-domain-v1,orange-fibre-cross-domain-guideline-v1,
orange-fibre-cross-domain-v1,candidate-df78304833af3fed,component-d2949ad5aa38c4c2,Ygo8EvKPCkVy_po9AySXwVCu,urn:openrag:openarchiver:email:9e325a3e-b01f-40bf-8890-b400d4e3d7f4:54f194d3-9416-4419-9337-7b44035a1a7b,urn:openrag:openarchiver:email:9e325a3e-b01f-40bf-8890-b400d4e3d7f4:54f194d3-9416-4419-9337-7b44035a1a7b,Convocation au Conseil d'Administration du 29-08-2025 & Relance,NOT_RELEVANT,0,orange-fibre-GT2-revue-a-faire.xlsx,document-review-stage-1,Contrôle négatif,7,orange-fibre-cross-domain-v1,orange-fibre-cross-domain-guideline-v1,
orange-fibre-cross-domain-v1,candidate-dffa38d92928aab7,component-19c73a48b6ebd050,qATvrGn9Ohj0SP5QPj7P8ot4,urn:openrag:openarchiver:email:6ca4c5b5-3440-4c50-8666-cecfa25916d5:191763dd-7a60-452d-a0e1-0337bb9a840f,urn:openrag:openarchiver:email:6ca4c5b5-3440-4c50-8666-cecfa25916d5:191763dd-7a60-452d-a0e1-0337bb9a840f,Facture,NOT_RELEVANT,0,orange-fibre-GT2-derniere-revue-ciblee.xlsx,document-review-stage-2,Contrôle négatif,55,orange-fibre-cross-domain-v1,orange-fibre-cross-domain-guideline-v1,
orange-fibre-cross-domain-v1,candidate-e0a772859f5de71b,component-d2295c2c64b6144c,6lmpeWWJ8wZz4F05Qq-qoAWb,urn:openrag:openarchiver:email:6ca4c5b5-3440-4c50-8666-cecfa25916d5:82806f58-1fc1-4bd6-9b07-c430a7e6cc10,urn:openrag:openarchiver:email:6ca4c5b5-3440-4c50-8666-cecfa25916d5:82806f58-1fc1-4bd6-9b07-c430a7e6cc10,Documents CI,NOT_RELEVANT,0,orange-fibre-GT2-revue-a-faire.xlsx,document-review-stage-1,Contrôle négatif,39,orange-fibre-cross-domain-v1,orange-fibre-cross-domain-guideline-v1,
orange-fibre-cross-domain-v1,candidate-e1256bec0202b501,component-08c3c86d0aadfb1d,vyw2c8rVD90CVr9Ggip68ml_,urn:openrag:openarchiver:attachment:34e1c7d6-85ba-4797-909b-fab7d27a301a,urn:openrag:openarchiver:attachment:34e1c7d6-85ba-4797-909b-fab7d27a301a,Facture_Free_202509_34171985_1411038010.pdf,NOT_RELEVANT,0,orange-fibre-GT2-revue-a-faire.xlsx,document-review-stage-1,Revue prioritaire,123,orange-fibre-cross-domain-v1,orange-fibre-cross-domain-guideline-v1,
orange-fibre-cross-domain-v1,candidate-e18db28bbbfb1a36,component-3f70110c8f320fb1,53FzKSaT26vZQSh1__hzz3xp,urn:openrag:openarchiver:attachment:1ae6bd0b-a239-421c-8e00-7dfc09c470e7,urn:openrag:openarchiver:attachment:1ae6bd0b-a239-421c-8e00-7dfc09c470e7,FAQ-updatedAlgo-FR_V8.pdf,NOT_RELEVANT,0,orange-fibre-GT2-revue-a-faire.xlsx,document-review-stage-1,Revue prioritaire,139,orange-fibre-cross-domain-v1,orange-fibre-cross-domain-guideline-v1,
orange-fibre-cross-domain-v1,candidate-e1fff26f6a35d806,component-d04e549cef3dfa09,O_yqZqru19Vn-6qm0T2ToiQB,urn:openrag:openarchiver:email:6ca4c5b5-3440-4c50-8666-cecfa25916d5:97e886e0-7b41-4301-a18f-e6ea5a81bc20,urn:openrag:openarchiver:email:6ca4c5b5-3440-4c50-8666-cecfa25916d5:97e886e0-7b41-4301-a18f-e6ea5a81bc20,Votre facture est arrivée,CONTEXTUAL,1,orange-fibre-GT2-revue-a-faire.xlsx,document-review-stage-1,Revue prioritaire,57,orange-fibre-cross-domain-v1,orange-fibre-cross-domain-guideline-v1,
orange-fibre-cross-domain-v1,candidate-e2e222ec1b86bd0c,component-a5789887715fbae4,bpJ-0WigQofIc5D8aQsaBBSQ,urn:openrag:openarchiver:email:9e325a3e-b01f-40bf-8890-b400d4e3d7f4:949c7ccc-edc3-40c4-89df-4c3293a5307c,urn:openrag:openarchiver:email:9e325a3e-b01f-40bf-8890-b400d4e3d7f4:949c7ccc-edc3-40c4-89df-4c3293a5307c,cotisation 2020,NOT_RELEVANT,0,orange-fibre-GT2-revue-a-faire.xlsx,document-review-stage-1,Revue prioritaire,161,orange-fibre-cross-domain-v1,orange-fibre-cross-domain-guideline-v1,
orange-fibre-cross-domain-v1,candidate-e32f02b09a416bf5,component-aab3f0c96e8bb4b8,FxUIFNQod-8kJS--XQucKfLd,urn:openrag:openarchiver:email:6ca4c5b5-3440-4c50-8666-cecfa25916d5:e6a91b6a-44d1-435e-9eb2-4e2981fbaf2f,urn:openrag:openarchiver:email:6ca4c5b5-3440-4c50-8666-cecfa25916d5:e6a91b6a-44d1-435e-9eb2-4e2981fbaf2f,TR: Classification RUIN,NOT_RELEVANT,0,orange-fibre-GT2-derniere-revue-ciblee.xlsx,document-review-stage-2,Contrôle négatif,53,orange-fibre-cross-domain-v1,orange-fibre-cross-domain-guideline-v1,
orange-fibre-cross-domain-v1,candidate-e3ff700b364a40fb,component-ef24a43c9ea901d8,uJO6Ka8a5LEksHHE9clr-TtW,urn:openrag:openarchiver:attachment:5669dae4-0f23-47e0-8648-db7088995fa7,urn:openrag:openarchiver:attachment:5669dae4-0f23-47e0-8648-db7088995fa7,NotificationFacture.html,NOT_RELEVANT,0,orange-fibre-GT2-revue-a-faire.xlsx,document-review-stage-1,Revue prioritaire,192,orange-fibre-cross-domain-v1,orange-fibre-cross-domain-guideline-v1,
orange-fibre-cross-domain-v1,candidate-e42ad5a18bf3cc07,component-3dd494026d5598dc,xK6eR0UVMzO8k8BQMJXJrXKf,urn:openrag:openarchiver:email:6ca4c5b5-3440-4c50-8666-cecfa25916d5:c8262a0f-c7d7-419a-903b-e482e51a1308,urn:openrag:openarchiver:email:6ca4c5b5-3440-4c50-8666-cecfa25916d5:c8262a0f-c7d7-419a-903b-e482e51a1308,Documentation 2018,NOT_RELEVANT,0,orange-fibre-GT2-derniere-revue-ciblee.xlsx,document-review-stage-2,Contrôle négatif,38,orange-fibre-cross-domain-v1,orange-fibre-cross-domain-guideline-v1,
orange-fibre-cross-domain-v1,candidate-e4c9760d202e0758,component-bf5c30f103114add,nT7s0f5XSUd5iptho5nChelx,urn:openrag:openarchiver:email:9e325a3e-b01f-40bf-8890-b400d4e3d7f4:86ee4f15-e9c6-4b48-9ca3-f497e2be3cce,urn:openrag:openarchiver:email:9e325a3e-b01f-40bf-8890-b400d4e3d7f4:86ee4f15-e9c6-4b48-9ca3-f497e2be3cce,Votre facture Internet est disponible,CONTEXTUAL,1,orange-fibre-GT2-revue-a-faire.xlsx,document-review-stage-1,Revue prioritaire,172,orange-fibre-cross-domain-v1,orange-fibre-cross-domain-guideline-v1,
orange-fibre-cross-domain-v1,candidate-e5b03613855173e9,component-dca725566c399d43,NNy-RiMEtCoFqeOrQjDK3EVg,urn:openrag:openarchiver:attachment:10ca7340-959e-4c9c-a5b7-f2eee1f60b7f,urn:openrag:openarchiver:attachment:10ca7340-959e-4c9c-a5b7-f2eee1f60b7f,NotificationFacture.html,NOT_RELEVANT,0,orange-fibre-GT2-revue-a-faire.xlsx,document-review-stage-1,Revue prioritaire,183,orange-fibre-cross-domain-v1,orange-fibre-cross-domain-guideline-v1,
orange-fibre-cross-domain-v1,candidate-e60820356ff7d82f,component-61bd491373800bef,0BvbX0LJcLWQqPNtr5-WLzEt,urn:openrag:openarchiver:attachment:0cf956ee-12a7-40e2-9e70-caef39617b87,urn:openrag:openarchiver:attachment:0cf956ee-12a7-40e2-9e70-caef39617b87,NotificationFacture.html,NOT_RELEVANT,0,orange-fibre-GT2-revue-a-faire.xlsx,document-review-stage-1,Revue prioritaire,85,orange-fibre-cross-domain-v1,orange-fibre-cross-domain-guideline-v1,
orange-fibre-cross-domain-v1,candidate-e6cadf98883b8693,component-307ae5eb5c76dcd1,-QPXLptqadXhTpEjdPpzD5bD,urn:openrag:openarchiver:email:6ca4c5b5-3440-4c50-8666-cecfa25916d5:b24a17b5-0943-41ef-a13b-e6e78d0865f3,urn:openrag:openarchiver:email:6ca4c5b5-3440-4c50-8666-cecfa25916d5:b24a17b5-0943-41ef-a13b-e6e78d0865f3,Et si vous passiez chez Sosh pour votre abonnement internet ?,CORE,2,orange-fibre-GT2-revue-a-faire.xlsx,document-review-stage-1,Revue prioritaire,14,orange-fibre-cross-domain-v1,orange-fibre-cross-domain-guideline-v1,
orange-fibre-cross-domain-v1,candidate-e7a09d94a7ba9539,component-092442ee72db97b4,mzcVuJ9mmtdzHJ6MuHP3w7Wp,urn:openrag:openarchiver:email:6ca4c5b5-3440-4c50-8666-cecfa25916d5:b44eb33d-7373-4f8e-a740-2fee0785f53f,urn:openrag:openarchiver:email:6ca4c5b5-3440-4c50-8666-cecfa25916d5:b44eb33d-7373-4f8e-a740-2fee0785f53f,Plus qu'un mois avant la suppression de votre boîte Mail Orange ou Wanadoo,NOT_RELEVANT,0,orange-fibre-GT2-derniere-revue-ciblee.xlsx,document-review-stage-2,Revue prioritaire,7,orange-fibre-cross-domain-v1,orange-fibre-cross-domain-guideline-v1,
orange-fibre-cross-domain-v1,candidate-e844f768baaf16a3,component-219be54afca9ba6a,iMvVtcHVFllHH3_Ljq5OupWq,urn:openrag:openarchiver:email:6ca4c5b5-3440-4c50-8666-cecfa25916d5:7cc17447-e661-4694-9d50-15d6154edb35,urn:openrag:openarchiver:email:6ca4c5b5-3440-4c50-8666-cecfa25916d5:7cc17447-e661-4694-9d50-15d6154edb35,Votre facture Internet est disponible,CONTEXTUAL,1,orange-fibre-GT2-revue-a-faire.xlsx,document-review-stage-1,Revue prioritaire,8,orange-fibre-cross-domain-v1,orange-fibre-cross-domain-guideline-v1,
orange-fibre-cross-domain-v1,candidate-e9f45fba553c4da1,component-67f9e7e27bc3cee5,_WB7GzGsPyTlnFUtDN70_X-v,urn:openrag:openarchiver:email:6ca4c5b5-3440-4c50-8666-cecfa25916d5:16d93ee6-cd92-4b35-965d-c671cf60587b,urn:openrag:openarchiver:email:6ca4c5b5-3440-4c50-8666-cecfa25916d5:16d93ee6-cd92-4b35-965d-c671cf60587b,Votre facture Internet est disponible,CONTEXTUAL,1,orange-fibre-GT2-revue-a-faire.xlsx,document-review-stage-1,Revue prioritaire,32,orange-fibre-cross-domain-v1,orange-fibre-cross-domain-guideline-v1,
orange-fibre-cross-domain-v1,candidate-ea20412edcc9d79f,component-1198945f57a68cab,8naKiZz_ur1vEaj3dLPi9HXk,urn:openrag:openarchiver:email:6ca4c5b5-3440-4c50-8666-cecfa25916d5:4a566468-1e95-4c95-8f69-8fe6bf3c1b8c,urn:openrag:openarchiver:email:6ca4c5b5-3440-4c50-8666-cecfa25916d5:4a566468-1e95-4c95-8f69-8fe6bf3c1b8c,"Confirmation pour votre voyage NOUAN LE FUZELIER - PARIS, aller le 27 août, retour le 28 août",NOT_RELEVANT,0,orange-fibre-GT2-revue-a-faire.xlsx,document-review-stage-1,Contrôle négatif,21,orange-fibre-cross-domain-v1,orange-fibre-cross-domain-guideline-v1,
orange-fibre-cross-domain-v1,candidate-eaa128b324fa6add,component-2cc9e7327f9cf085,mkRTXprADLPtu6i4R7YPBa0C,urn:openrag:openarchiver:email:9e325a3e-b01f-40bf-8890-b400d4e3d7f4:30992aae-1e6b-40da-8e8b-7365c566ca7e,urn:openrag:openarchiver:email:9e325a3e-b01f-40bf-8890-b400d4e3d7f4:30992aae-1e6b-40da-8e8b-7365c566ca7e,Vérifiez que tout soit prêt pour votre rendez-vous d'installation Fibre,NOT_RELEVANT,0,orange-fibre-GT2-revue-a-faire.xlsx,document-review-stage-1,Revue prioritaire,129,orange-fibre-cross-domain-v1,orange-fibre-cross-domain-guideline-v1,
orange-fibre-cross-domain-v1,candidate-ebe017a6fc103e64,component-b472b1ec3141e100,0HbBEMmnqyJNBQe3eztn5l4G,urn:openrag:openarchiver:email:6ca4c5b5-3440-4c50-8666-cecfa25916d5:52430bcf-c5f2-43d5-98b8-e1a32156dde6,urn:openrag:openarchiver:email:6ca4c5b5-3440-4c50-8666-cecfa25916d5:52430bcf-c5f2-43d5-98b8-e1a32156dde6,PG,NOT_RELEVANT,0,orange-fibre-GT2-derniere-revue-ciblee.xlsx,document-review-stage-2,Contrôle négatif,5,orange-fibre-cross-domain-v1,orange-fibre-cross-domain-guideline-v1,
orange-fibre-cross-domain-v1,candidate-ec2dec44702afe4a,component-fb4dbf488cce0f1c,ZYrxvWKsWu_5nrGXiYnmu1py,urn:openrag:openarchiver:email:6ca4c5b5-3440-4c50-8666-cecfa25916d5:f071db96-29c0-40fa-92ca-bf42841bd06a,urn:openrag:openarchiver:email:6ca4c5b5-3440-4c50-8666-cecfa25916d5:f071db96-29c0-40fa-92ca-bf42841bd06a,"Primaux, avec la 4G box surfez à haute vitesse !",NOT_RELEVANT,0,orange-fibre-GT2-revue-a-faire.xlsx,document-review-stage-1,Revue prioritaire,198,orange-fibre-cross-domain-v1,orange-fibre-cross-domain-guideline-v1,
orange-fibre-cross-domain-v1,candidate-efb1626bb98702a0,component-6fcbb5ca2d471ea4,QhmeG9ElKAiRqFXERif2m7Z_,urn:openrag:openarchiver:email:9e325a3e-b01f-40bf-8890-b400d4e3d7f4:3d044b3a-4d22-4083-bdfc-9cf34f2b07cb,urn:openrag:openarchiver:email:9e325a3e-b01f-40bf-8890-b400d4e3d7f4:3d044b3a-4d22-4083-bdfc-9cf34f2b07cb,Prenez dès maintenant votre RDV d'installation Fibre !,NOT_RELEVANT,0,orange-fibre-GT2-revue-a-faire.xlsx,document-review-stage-1,Revue prioritaire,150,orange-fibre-cross-domain-v1,orange-fibre-cross-domain-guideline-v1,
orange-fibre-cross-domain-v1,candidate-f03f7bcdccc42ec3,component-313e4a97b7fe726d,HRiHnov8vC0DMlalxNhgG-ha,urn:openrag:openarchiver:attachment:2d46cec7-3fb3-468c-9dc2-9a3ca303ba20,urn:openrag:openarchiver:attachment:2d46cec7-3fb3-468c-9dc2-9a3ca303ba20,facture_9073083280_2024-05-06.pdf,NOT_RELEVANT,0,orange-fibre-GT2-derniere-revue-ciblee.xlsx,document-review-stage-2,Revue prioritaire,11,orange-fibre-cross-domain-v1,orange-fibre-cross-domain-guideline-v1,
orange-fibre-cross-domain-v1,candidate-f15ab1ba5702e8b8,component-e1f103ce76fab65f,thgc2aN2jUHPJj7efOO1p9rj,urn:openrag:openarchiver:email:6ca4c5b5-3440-4c50-8666-cecfa25916d5:0cddbbf3-b615-4f7b-9bbb-3d5b3419b101,urn:openrag:openarchiver:email:6ca4c5b5-3440-4c50-8666-cecfa25916d5:0cddbbf3-b615-4f7b-9bbb-3d5b3419b101,RE: SIG - WISEARCH,CORE,2,orange-fibre-GT2-revue-a-faire.xlsx,document-review-stage-1,Revue prioritaire,112,orange-fibre-cross-domain-v1,orange-fibre-cross-domain-guideline-v1,
orange-fibre-cross-domain-v1,candidate-f2bdcd7f57327f77,component-dbbc66c60a7592b3,CfpsUzrmgapvrtMv42WPcsT2,urn:openrag:openarchiver:attachment:51454f6a-009a-449b-8e8e-8480686b6bde,urn:openrag:openarchiver:attachment:51454f6a-009a-449b-8e8e-8480686b6bde,Manuel-d-installation-d-utilisation-d-entretien-Jotul-PF-1230-PF-1230-S-LD.pdf,NOT_RELEVANT,0,orange-fibre-GT2-revue-a-faire.xlsx,document-review-stage-1,Revue prioritaire,182,orange-fibre-cross-domain-v1,orange-fibre-cross-domain-guideline-v1,
orange-fibre-cross-domain-v1,candidate-f2c4275a4bf0e3fa,component-1eb6f5b463ccd2d5,mKAp0S4RZxuVHn7JNwnFRXBH,urn:openrag:openarchiver:attachment:711efe79-c2dc-4e74-9625-ac1a5ed2e14f,urn:openrag:openarchiver:attachment:711efe79-c2dc-4e74-9625-ac1a5ed2e14f,Facture_EDF_10256948798.pdf,NOT_RELEVANT,0,orange-fibre-GT2-derniere-revue-ciblee.xlsx,document-review-stage-2,Contrôle négatif,35,orange-fibre-cross-domain-v1,orange-fibre-cross-domain-guideline-v1,
orange-fibre-cross-domain-v1,candidate-f5e5e3c5ca6c2543,component-e60363b59ea0d9ac,G5gPi_pJ2-mmltCVWukYH30p,urn:openrag:openarchiver:email:9e325a3e-b01f-40bf-8890-b400d4e3d7f4:c9bf8d4e-a1af-41cb-a1b3-4e8fcf9d70b2,urn:openrag:openarchiver:email:9e325a3e-b01f-40bf-8890-b400d4e3d7f4:c9bf8d4e-a1af-41cb-a1b3-4e8fcf9d70b2,Convocation Bureau FNSEA41 29/05/2026 à 13H30 en VISIO,NOT_RELEVANT,0,orange-fibre-GT2-revue-a-faire.xlsx,document-review-stage-1,Contrôle négatif,6,orange-fibre-cross-domain-v1,orange-fibre-cross-domain-guideline-v1,
orange-fibre-cross-domain-v1,candidate-f67ca1217017c1c1,component-5532cf212636b9cc,VkYPGzyPIiO4YqyMaG3Lkl1i,urn:openrag:openarchiver:email:9e325a3e-b01f-40bf-8890-b400d4e3d7f4:274db864-584a-42d8-ad47-12c0e8c5be45,urn:openrag:openarchiver:email:9e325a3e-b01f-40bf-8890-b400d4e3d7f4:274db864-584a-42d8-ad47-12c0e8c5be45,Entrées CE Solognot,NOT_RELEVANT,0,orange-fibre-GT2-derniere-revue-ciblee.xlsx,document-review-stage-2,Contrôle négatif,2,orange-fibre-cross-domain-v1,orange-fibre-cross-domain-guideline-v1,
orange-fibre-cross-domain-v1,candidate-f779e800dc0ce417,component-1b91797f9a9dab97,kXd11BYL9G5xdDjYlzYeY8bC,urn:openrag:openarchiver:attachment:508ac418-7b59-4435-bd0f-50784eff4061,urn:openrag:openarchiver:attachment:508ac418-7b59-4435-bd0f-50784eff4061,Grand_Livre charges ELAN.pdf,NOT_RELEVANT,0,orange-fibre-GT2-revue-a-faire.xlsx,document-review-stage-1,Revue prioritaire,81,orange-fibre-cross-domain-v1,orange-fibre-cross-domain-guideline-v1,
orange-fibre-cross-domain-v1,candidate-f7c6052ff131e7c4,component-d2295c2c64b6144c,R_s47akVh3gCf7ipP-kYRMoc,urn:openrag:openarchiver:attachment:031932c1-94fa-450a-858c-c0dc88fc00fb,urn:openrag:openarchiver:attachment:031932c1-94fa-450a-858c-c0dc88fc00fb,2016 05 03_0320-CNRS-TTHA_Doc-CI_10Mai2016.docx,NOT_RELEVANT,0,orange-fibre-GT2-revue-a-faire.xlsx,document-review-stage-1,Revue prioritaire,181,orange-fibre-cross-domain-v1,orange-fibre-cross-domain-guideline-v1,
orange-fibre-cross-domain-v1,candidate-f7f894f1db1f09f0,component-9dc868690ffe5af7,3aXc0NNSYnD3GLeNk0TodDFE,urn:openrag:openarchiver:email:9e325a3e-b01f-40bf-8890-b400d4e3d7f4:a67ad6a1-d5ac-4226-a50e-e64f63fac336,urn:openrag:openarchiver:email:9e325a3e-b01f-40bf-8890-b400d4e3d7f4:a67ad6a1-d5ac-4226-a50e-e64f63fac336,Votre facture Internet est disponible,CONTEXTUAL,1,orange-fibre-GT2-revue-a-faire.xlsx,document-review-stage-1,Revue prioritaire,160,orange-fibre-cross-domain-v1,orange-fibre-cross-domain-guideline-v1,
orange-fibre-cross-domain-v1,candidate-f936d7dca6e26305,component-108a67c06a7fd75f,u6FN8qqbNpUqcO2u9fSPgR9u,urn:openrag:openarchiver:email:6ca4c5b5-3440-4c50-8666-cecfa25916d5:052c2e1e-79d8-42ea-9667-b314c8e1e92b,urn:openrag:openarchiver:email:6ca4c5b5-3440-4c50-8666-cecfa25916d5:052c2e1e-79d8-42ea-9667-b314c8e1e92b,Votre derni?re facture Bouygues Telecom est disponible,NOT_RELEVANT,0,orange-fibre-GT2-revue-a-faire.xlsx,document-review-stage-1,Revue prioritaire,73,orange-fibre-cross-domain-v1,orange-fibre-cross-domain-guideline-v1,
orange-fibre-cross-domain-v1,candidate-f9880ab508f2cd48,component-f2ed2335971f10ab,aFMX-cnWRlprTIX7yKqsqU0_,urn:openrag:openarchiver:email:6ca4c5b5-3440-4c50-8666-cecfa25916d5:aa452b20-841d-472f-84a6-c006c70cf9c1,urn:openrag:openarchiver:email:6ca4c5b5-3440-4c50-8666-cecfa25916d5:aa452b20-841d-472f-84a6-c006c70cf9c1,Re: 2211 modifié,NOT_RELEVANT,0,orange-fibre-GT2-derniere-revue-ciblee.xlsx,document-review-stage-2,Contrôle négatif,36,orange-fibre-cross-domain-v1,orange-fibre-cross-domain-guideline-v1,
orange-fibre-cross-domain-v1,candidate-f9beb0aa8120bfa7,component-c4945f0532927cf4,QsJ7wQcXTC2hqy5zUznODFW1,urn:openrag:openarchiver:attachment:731ec8ff-69ec-4edf-9f5b-9f9ec8a559f9,urn:openrag:openarchiver:attachment:731ec8ff-69ec-4edf-9f5b-9f9ec8a559f9,NotificationFacture.html,NOT_RELEVANT,0,orange-fibre-GT2-revue-a-faire.xlsx,document-review-stage-1,Revue prioritaire,174,orange-fibre-cross-domain-v1,orange-fibre-cross-domain-guideline-v1,
orange-fibre-cross-domain-v1,candidate-f9f171973c778b4a,component-b9ae90590565d31a,Y6lkdP3hTJCDk6hh_BqgiJ5W,urn:openrag:openarchiver:email:9e325a3e-b01f-40bf-8890-b400d4e3d7f4:fb176bb8-9a91-4277-9b0a-3cc2e00a289a,urn:openrag:openarchiver:email:9e325a3e-b01f-40bf-8890-b400d4e3d7f4:fb176bb8-9a91-4277-9b0a-3cc2e00a289a,Confirmation de votre commande Freebox,NOT_RELEVANT,0,orange-fibre-GT2-revue-a-faire.xlsx,document-review-stage-1,Revue prioritaire,168,orange-fibre-cross-domain-v1,orange-fibre-cross-domain-guideline-v1,
orange-fibre-cross-domain-v1,candidate-fa2e4845971b927d,component-af3652bbebf8ca2e,lTOu1xRepH0QV_mWw3hPhMe5,urn:openrag:openarchiver:attachment:68487a8b-c302-43b3-b26f-8e41b941978e,urn:openrag:openarchiver:attachment:68487a8b-c302-43b3-b26f-8e41b941978e,NotificationFacture.html,NOT_RELEVANT,0,orange-fibre-GT2-revue-a-faire.xlsx,document-review-stage-1,Revue prioritaire,162,orange-fibre-cross-domain-v1,orange-fibre-cross-domain-guideline-v1,
orange-fibre-cross-domain-v1,candidate-fd3c0c67051ab983,component-30c170fde376280a,QvuY2BiqehqOVPiJUqk9Lti3,urn:openrag:openarchiver:email:6ca4c5b5-3440-4c50-8666-cecfa25916d5:03eaec0f-1d44-4ac4-bf98-229732a3aebb,urn:openrag:openarchiver:email:6ca4c5b5-3440-4c50-8666-cecfa25916d5:03eaec0f-1d44-4ac4-bf98-229732a3aebb,Votre facture Internet est disponible,CONTEXTUAL,1,orange-fibre-GT2-revue-a-faire.xlsx,document-review-stage-1,Revue prioritaire,15,orange-fibre-cross-domain-v1,orange-fibre-cross-domain-guideline-v1,
orange-fibre-cross-domain-v1,candidate-fdf4a793a42f799a,component-e1f103ce76fab65f,KNOaKFpmTqTVNR8FV4usaKvU,urn:openrag:openarchiver:attachment:391813b9-e006-4007-a502-32773bec603d,urn:openrag:openarchiver:attachment:391813b9-e006-4007-a502-32773bec603d,Facture #CAI_CIR_24.pdf,NOT_RELEVANT,0,orange-fibre-GT2-revue-a-faire.xlsx,document-review-stage-1,Revue prioritaire,107,orange-fibre-cross-domain-v1,orange-fibre-cross-domain-guideline-v1,
orange-fibre-cross-domain-v1,candidate-feab9748f6f33fb6,component-5ff5f81673106f80,HzkR0A0Je3RuzuCWpb6NxaTp,urn:openrag:openarchiver:email:6ca4c5b5-3440-4c50-8666-cecfa25916d5:486860e9-67e5-443d-8c58-be97ca9544c7,urn:openrag:openarchiver:email:6ca4c5b5-3440-4c50-8666-cecfa25916d5:486860e9-67e5-443d-8c58-be97ca9544c7,"Bonjour Monsieur Primaux, nous vous présentons un moyen plus simple de régler vos factures",NOT_RELEVANT,0,orange-fibre-GT2-derniere-revue-ciblee.xlsx,document-review-stage-2,Revue prioritaire,23,orange-fibre-cross-domain-v1,orange-fibre-cross-domain-guideline-v1,
orange-fibre-cross-domain-v1,candidate-fed5254e16ffe1b5,component-79f6c1dd0356de4b,bMHveNU8UOZlPzuYw5Bs5D5u,urn:openrag:openarchiver:email:6ca4c5b5-3440-4c50-8666-cecfa25916d5:a85bff10-f67c-4092-8d68-b71b60e310bd,urn:openrag:openarchiver:email:6ca4c5b5-3440-4c50-8666-cecfa25916d5:a85bff10-f67c-4092-8d68-b71b60e310bd,Votre facture est arrivée,CONTEXTUAL,1,orange-fibre-GT2-revue-a-faire.xlsx,document-review-stage-1,Revue prioritaire,39,orange-fibre-cross-domain-v1,orange-fibre-cross-domain-guideline-v1,
orange-fibre-cross-domain-v1,candidate-fee50bc5a2d56ab8,component-ec4083201b0d0e44,qduAO7Wl8mi9xxgu-SyQ_uB3,urn:openrag:openarchiver:email:9e325a3e-b01f-40bf-8890-b400d4e3d7f4:4e19718e-68ef-463f-8e16-5092587bfc5d,urn:openrag:openarchiver:email:9e325a3e-b01f-40bf-8890-b400d4e3d7f4:4e19718e-68ef-463f-8e16-5092587bfc5d,mail--4e19718e68ef.eml,CORE,2,orange-fibre-GT2-revue-a-faire.xlsx,document-review-stage-1,Revue prioritaire,63,orange-fibre-cross-domain-v1,orange-fibre-cross-domain-guideline-v1,
orange-fibre-cross-domain-v1,candidate-ff474dc9bfd42255,component-20a7be24235c223a,O8G06USLRSmeKEPPtgQhAvVS,urn:openrag:openarchiver:email:9e325a3e-b01f-40bf-8890-b400d4e3d7f4:2169e450-6131-4114-82ff-e8f9636ae2c9,urn:openrag:openarchiver:email:9e325a3e-b01f-40bf-8890-b400d4e3d7f4:2169e450-6131-4114-82ff-e8f9636ae2c9,Votre facture Internet est disponible,CONTEXTUAL,1,orange-fibre-GT2-revue-a-faire.xlsx,document-review-stage-1,Revue prioritaire,128,orange-fibre-cross-domain-v1,orange-fibre-cross-domain-guideline-v1,
