seed_document_id,neighbor_document_id,seed_safe_name,neighbor_safe_name,source_system,format_type,production_month_observations,production_year_observations,association_strength,association_dimensions,short_explanation,human_judgment,human_note
urn:openrag:openarchiver:attachment:0d3317db-889a-43fa-8846-8af4a9da3a10,urn:openrag:openarchiver:attachment:0027f0eb-90fd-49cc-8790-a60ec4e6059a,Bulletins-de-paie-Decembre-2020-Dossier-023424--222a8e184c72--Lettres-aux-employeurs-N-168-de-dec-2020--0d3317db889a.pdf,Gamme-fruitiers-Pepiniere-Charge--154603e29102--GAMME-FRUITIERS-COMPLETE-Charge--0027f0eb90fd.docx,openarchiver,DOCX,2015-12,2015,STRONG,SAME_PARENT_COLLECTION|SAME_SOURCE_SYSTEM,same explicitly asserted parent collection; same observed source system,,
urn:openrag:openarchiver:attachment:0d3317db-889a-43fa-8846-8af4a9da3a10,urn:openrag:openarchiver:attachment:0048cd42-93d2-497e-a987-c3d55fee4a8a,Bulletins-de-paie-Decembre-2020-Dossier-023424--222a8e184c72--Lettres-aux-employeurs-N-168-de-dec-2020--0d3317db889a.pdf,LLA-CHVE-de-Livet-Elements-demandes--a847c9f45161--Grands-livres-Formations-du-01012022-au-30092022--0048cd4293d2.pdf,openarchiver,PDF,2023-11,2023,STRONG,SAME_PARENT_COLLECTION|COMPATIBLE_DOCUMENT_TYPES|SAME_SOURCE_SYSTEM|SAME_MIME_TYPE|SAME_EXTENSION,same explicitly asserted parent collection; compatible technical format families; same observed source system; same technical MIME type; same file extension,,
urn:openrag:openarchiver:attachment:0d3317db-889a-43fa-8846-8af4a9da3a10,urn:openrag:openarchiver:attachment:0078f47f-6470-449f-be65-3d67ec757cee,Bulletins-de-paie-Decembre-2020-Dossier-023424--222a8e184c72--Lettres-aux-employeurs-N-168-de-dec-2020--0d3317db889a.pdf,CHEQUES-US-BNAKCORP--2a997cee6146--4077_001--0078f47f6470.pdf,openarchiver,PDF,2019-10,2019,STRONG,SAME_PARENT_COLLECTION|COMPATIBLE_DOCUMENT_TYPES|SAME_SOURCE_SYSTEM|SAME_MIME_TYPE|SAME_EXTENSION,same explicitly asserted parent collection; compatible technical format families; same observed source system; same technical MIME type; same file extension,,
urn:openrag:openarchiver:attachment:0d3317db-889a-43fa-8846-8af4a9da3a10,urn:openrag:openarchiver:attachment:008c8390-866b-47ac-89f2-c9d1753121ee,Bulletins-de-paie-Decembre-2020-Dossier-023424--222a8e184c72--Lettres-aux-employeurs-N-168-de-dec-2020--0d3317db889a.pdf,TR-enquete-RELANCE--168340802d70--20190612105407271--008c8390866b.pdf,openarchiver,PDF,2019-06,2019,STRONG,SAME_PARENT_COLLECTION|COMPATIBLE_DOCUMENT_TYPES|SAME_SOURCE_SYSTEM|SAME_MIME_TYPE|SAME_EXTENSION,same explicitly asserted parent collection; compatible technical format families; same observed source system; same technical MIME type; same file extension,,
urn:openrag:openarchiver:attachment:0d3317db-889a-43fa-8846-8af4a9da3a10,urn:openrag:openarchiver:attachment:00b4a859-6674-43df-bc52-89f8ad850146,Bulletins-de-paie-Decembre-2020-Dossier-023424--222a8e184c72--Lettres-aux-employeurs-N-168-de-dec-2020--0d3317db889a.pdf,cerfa-pour-agrement-CEA--83afe015fd9c--cerfa_14906-02--00b4a8596674.pdf,openarchiver,PDF,2013-06,2013,STRONG,SAME_PARENT_COLLECTION|COMPATIBLE_DOCUMENT_TYPES|SAME_SOURCE_SYSTEM|SAME_MIME_TYPE|SAME_EXTENSION,same explicitly asserted parent collection; compatible technical format families; same observed source system; same technical MIME type; same file extension,,
urn:openrag:openarchiver:attachment:0d3317db-889a-43fa-8846-8af4a9da3a10,urn:openrag:openarchiver:attachment:00c867de-5595-4cca-9cc7-c81294a1d170,Bulletins-de-paie-Decembre-2020-Dossier-023424--222a8e184c72--Lettres-aux-employeurs-N-168-de-dec-2020--0d3317db889a.pdf,mail--daa579f1b941--1424976504402.pdf0Y--00c867de5595.pdf,openarchiver,PDF,2015-02,2015,STRONG,SAME_PARENT_COLLECTION|COMPATIBLE_DOCUMENT_TYPES|SAME_SOURCE_SYSTEM|SAME_MIME_TYPE|SAME_EXTENSION,same explicitly asserted parent collection; compatible technical format families; same observed source system; same technical MIME type; same file extension,,
urn:openrag:openarchiver:attachment:0d3317db-889a-43fa-8846-8af4a9da3a10,urn:openrag:openarchiver:attachment:00c9c750-9290-431c-a719-b35d704091bd,Bulletins-de-paie-Decembre-2020-Dossier-023424--222a8e184c72--Lettres-aux-employeurs-N-168-de-dec-2020--0d3317db889a.pdf,mail--5ecf6dafa1ba--1424975115866.pdf0YO--00c9c7509290.pdf,openarchiver,PDF,2015-02,2015,STRONG,SAME_PARENT_COLLECTION|COMPATIBLE_DOCUMENT_TYPES|SAME_SOURCE_SYSTEM|SAME_MIME_TYPE|SAME_EXTENSION,same explicitly asserted parent collection; compatible technical format families; same observed source system; same technical MIME type; same file extension,,
urn:openrag:openarchiver:attachment:0d3317db-889a-43fa-8846-8af4a9da3a10,urn:openrag:openarchiver:attachment:00caa958-3969-4449-aac9-82dc3d65bcea,Bulletins-de-paie-Decembre-2020-Dossier-023424--222a8e184c72--Lettres-aux-employeurs-N-168-de-dec-2020--0d3317db889a.pdf,Votre-facture--d01870e83f67--Facture_462647--00caa9583969.pdf,openarchiver,PDF,2023-09,2023,STRONG,SAME_PARENT_COLLECTION|COMPATIBLE_DOCUMENT_TYPES|SAME_SOURCE_SYSTEM|SAME_MIME_TYPE|SAME_EXTENSION,same explicitly asserted parent collection; compatible technical format families; same observed source system; same technical MIME type; same file extension,,
urn:openrag:openarchiver:attachment:0d3317db-889a-43fa-8846-8af4a9da3a10,urn:openrag:openarchiver:attachment:00ef501d-9b58-4e5e-b3a1-b1f380a19bfd,Bulletins-de-paie-Decembre-2020-Dossier-023424--222a8e184c72--Lettres-aux-employeurs-N-168-de-dec-2020--0d3317db889a.pdf,TR-cadavres-2019--29b444c5da52--2789f22b-ad5b-4524-9a91-51806581700a--00ef501d9b58.pdf,openarchiver,PDF,2019-04,2019,STRONG,SAME_PARENT_COLLECTION|COMPATIBLE_DOCUMENT_TYPES|SAME_SOURCE_SYSTEM|SAME_MIME_TYPE|SAME_EXTENSION,same explicitly asserted parent collection; compatible technical format families; same observed source system; same technical MIME type; same file extension,,
urn:openrag:openarchiver:attachment:0d3317db-889a-43fa-8846-8af4a9da3a10,urn:openrag:openarchiver:attachment:00f95943-2f00-451c-946e-9e9c3e83f32a,Bulletins-de-paie-Decembre-2020-Dossier-023424--222a8e184c72--Lettres-aux-employeurs-N-168-de-dec-2020--0d3317db889a.pdf,Releves-de-compte-societe--5790b928cc02--Releve-06--00f959432f00.pdf,openarchiver,PDF,,,STRONG,SAME_PARENT_COLLECTION|COMPATIBLE_DOCUMENT_TYPES|SAME_SOURCE_SYSTEM|SAME_MIME_TYPE|SAME_EXTENSION,same explicitly asserted parent collection; compatible technical format families; same observed source system; same technical MIME type; same file extension,,
urn:openrag:openarchiver:attachment:0d3317db-889a-43fa-8846-8af4a9da3a10,urn:openrag:openarchiver:attachment:0123363a-f8ee-4c07-92bf-b7b035df7cf1,Bulletins-de-paie-Decembre-2020-Dossier-023424--222a8e184c72--Lettres-aux-employeurs-N-168-de-dec-2020--0d3317db889a.pdf,Suite-demande--122c407ece16--20131014-Devis-2NUM1-WISEARCH--0123363af8ee.pdf,openarchiver,PDF,2013-10,2013,STRONG,SAME_PARENT_COLLECTION|COMPATIBLE_DOCUMENT_TYPES|SAME_SOURCE_SYSTEM|SAME_MIME_TYPE|SAME_EXTENSION,same explicitly asserted parent collection; compatible technical format families; same observed source system; same technical MIME type; same file extension,,
urn:openrag:openarchiver:attachment:0d3317db-889a-43fa-8846-8af4a9da3a10,urn:openrag:openarchiver:attachment:013bb607-ff85-43af-a274-8c53cf1b7e49,Bulletins-de-paie-Decembre-2020-Dossier-023424--222a8e184c72--Lettres-aux-employeurs-N-168-de-dec-2020--0d3317db889a.pdf,mail--dbc67780be4d--1487674416111--013bb607ff85.pdf,openarchiver,PDF,2017-02,2017,STRONG,SAME_PARENT_COLLECTION|COMPATIBLE_DOCUMENT_TYPES|SAME_SOURCE_SYSTEM|SAME_MIME_TYPE|SAME_EXTENSION,same explicitly asserted parent collection; compatible technical format families; same observed source system; same technical MIME type; same file extension,,
urn:openrag:openarchiver:attachment:0d3317db-889a-43fa-8846-8af4a9da3a10,urn:openrag:openarchiver:attachment:0163696b-0bae-42c2-a5ad-6b1e636ed45a,Bulletins-de-paie-Decembre-2020-Dossier-023424--222a8e184c72--Lettres-aux-employeurs-N-168-de-dec-2020--0d3317db889a.pdf,TR-HRS-CM-2021--79ce5df92876--scan25042022--0163696b0bae.pdf,openarchiver,PDF,2022-04,2022,STRONG,SAME_PARENT_COLLECTION|COMPATIBLE_DOCUMENT_TYPES|SAME_SOURCE_SYSTEM|SAME_MIME_TYPE|SAME_EXTENSION,same explicitly asserted parent collection; compatible technical format families; same observed source system; same technical MIME type; same file extension,,
urn:openrag:openarchiver:attachment:0d3317db-889a-43fa-8846-8af4a9da3a10,urn:openrag:openarchiver:attachment:017e1c3f-0147-41a0-a693-bc90392af43a,Bulletins-de-paie-Decembre-2020-Dossier-023424--222a8e184c72--Lettres-aux-employeurs-N-168-de-dec-2020--0d3317db889a.pdf,SARL-WISEARCH-CIPAV--18480ab87f01--CI20120353820374-3--017e1c3f0147.pdf,openarchiver,PDF,2014-01,2014,STRONG,SAME_PARENT_COLLECTION|COMPATIBLE_DOCUMENT_TYPES|SAME_SOURCE_SYSTEM|SAME_MIME_TYPE|SAME_EXTENSION,same explicitly asserted parent collection; compatible technical format families; same observed source system; same technical MIME type; same file extension,,
urn:openrag:openarchiver:attachment:0d3317db-889a-43fa-8846-8af4a9da3a10,urn:openrag:openarchiver:attachment:019eea0c-4135-4cf1-8a95-e9dc2de11427,Bulletins-de-paie-Decembre-2020-Dossier-023424--222a8e184c72--Lettres-aux-employeurs-N-168-de-dec-2020--0d3317db889a.pdf,Duplicatas-factures-releve-de-compte--1c142d666079--023424-FERME-DE-POMMERIEUX--019eea0c4135.pdf,openarchiver,PDF,2015-04,2015,STRONG,SAME_PARENT_COLLECTION|COMPATIBLE_DOCUMENT_TYPES|SAME_SOURCE_SYSTEM|SAME_MIME_TYPE|SAME_EXTENSION,same explicitly asserted parent collection; compatible technical format families; same observed source system; same technical MIME type; same file extension,,
urn:openrag:openarchiver:attachment:0d3317db-889a-43fa-8846-8af4a9da3a10,urn:openrag:openarchiver:attachment:01a7d3c9-3537-4636-a65e-816bbd3c9321,Bulletins-de-paie-Decembre-2020-Dossier-023424--222a8e184c72--Lettres-aux-employeurs-N-168-de-dec-2020--0d3317db889a.pdf,Transfert-activite-professionnelle-752676890-00029--67ca56887199--Questionnaire-activie-professionnelle--01a7d3c93537.pdf,openarchiver,PDF,,,STRONG,SAME_PARENT_COLLECTION|COMPATIBLE_DOCUMENT_TYPES|SAME_SOURCE_SYSTEM|SAME_MIME_TYPE|SAME_EXTENSION,same explicitly asserted parent collection; compatible technical format families; same observed source system; same technical MIME type; same file extension,,
urn:openrag:openarchiver:attachment:0d3317db-889a-43fa-8846-8af4a9da3a10,urn:openrag:openarchiver:attachment:01b2435d-d361-48fb-a6d5-ef8e4a769499,Bulletins-de-paie-Decembre-2020-Dossier-023424--222a8e184c72--Lettres-aux-employeurs-N-168-de-dec-2020--0d3317db889a.pdf,Pommerieux-Scans--10a9671af753--Xerox-Scan_06022024104558--01b2435dd361.pdf,openarchiver,PDF,2024-02,2024,STRONG,SAME_PARENT_COLLECTION|COMPATIBLE_DOCUMENT_TYPES|SAME_SOURCE_SYSTEM|SAME_MIME_TYPE|SAME_EXTENSION,same explicitly asserted parent collection; compatible technical format families; same observed source system; same technical MIME type; same file extension,,
urn:openrag:openarchiver:attachment:0d3317db-889a-43fa-8846-8af4a9da3a10,urn:openrag:openarchiver:attachment:01b29798-daaa-4802-b3b0-137a971216d6,Bulletins-de-paie-Decembre-2020-Dossier-023424--222a8e184c72--Lettres-aux-employeurs-N-168-de-dec-2020--0d3317db889a.pdf,Envoi-dun-message-023424-Alliance-Dossier-de-Gestion-Visa-Fiscal-Grand-livre-general--23d483d734d8--023424-Alliance-Dossier-de-Gestion-Visa-Fiscal--01b29798daaa.pdf,openarchiver,PDF,2018-05,2018,STRONG,SAME_PARENT_COLLECTION|COMPATIBLE_DOCUMENT_TYPES|SAME_SOURCE_SYSTEM|SAME_MIME_TYPE|SAME_EXTENSION,same explicitly asserted parent collection; compatible technical format families; same observed source system; same technical MIME type; same file extension,,
urn:openrag:openarchiver:attachment:0d3317db-889a-43fa-8846-8af4a9da3a10,urn:openrag:openarchiver:attachment:01b5316a-99f6-4f98-8bd0-a1682b1a1df1,Bulletins-de-paie-Decembre-2020-Dossier-023424--222a8e184c72--Lettres-aux-employeurs-N-168-de-dec-2020--0d3317db889a.pdf,TR-cadavres-2019--29b444c5da52--d61b1139-659d-4902-b7de-913116421c84--01b5316a99f6.pdf,openarchiver,PDF,2019-06,2019,STRONG,SAME_PARENT_COLLECTION|COMPATIBLE_DOCUMENT_TYPES|SAME_SOURCE_SYSTEM|SAME_MIME_TYPE|SAME_EXTENSION,same explicitly asserted parent collection; compatible technical format families; same observed source system; same technical MIME type; same file extension,,
urn:openrag:openarchiver:attachment:0d3317db-889a-43fa-8846-8af4a9da3a10,urn:openrag:openarchiver:attachment:01d2c651-e514-4a11-a0f0-a6aeb8975459,Bulletins-de-paie-Decembre-2020-Dossier-023424--222a8e184c72--Lettres-aux-employeurs-N-168-de-dec-2020--0d3317db889a.pdf,Votre-Fast-check-out-a-Novotel-Deauville-Plage-F--5844cc620600--FACTURE_HB4Q8_BIL_70567_70567--01d2c651e514.pdf,openarchiver,PDF,2015-11,2015,STRONG,SAME_PARENT_COLLECTION|COMPATIBLE_DOCUMENT_TYPES|SAME_SOURCE_SYSTEM|SAME_MIME_TYPE|SAME_EXTENSION,same explicitly asserted parent collection; compatible technical format families; same observed source system; same technical MIME type; same file extension,,
urn:openrag:openarchiver:attachment:0d3317db-889a-43fa-8846-8af4a9da3a10,urn:openrag:openarchiver:attachment:01db80e1-fd34-4a9a-b3e8-5f5448b1f428,Bulletins-de-paie-Decembre-2020-Dossier-023424--222a8e184c72--Lettres-aux-employeurs-N-168-de-dec-2020--0d3317db889a.pdf,Re-SOCIAL-CABL-INOV--cf3e914fe170--CII-et-CIR-2014-PUB--01db80e1fd34.xlsx,openarchiver,XLSX,2015-06,2015,STRONG,SAME_PARENT_COLLECTION|SAME_SOURCE_SYSTEM,same explicitly asserted parent collection; same observed source system,,
urn:openrag:openarchiver:attachment:0d3317db-889a-43fa-8846-8af4a9da3a10,urn:openrag:openarchiver:attachment:01ddc72b-8f76-41bc-bc71-61f48e5acc7f,Bulletins-de-paie-Decembre-2020-Dossier-023424--222a8e184c72--Lettres-aux-employeurs-N-168-de-dec-2020--0d3317db889a.pdf,Convention-de-prestation-wisearch-pour-le-CIR-2011--c249d9439613--signature--01ddc72b8f76.asc,openarchiver,TXT,,,STRONG,SAME_PARENT_COLLECTION|SAME_SOURCE_SYSTEM,same explicitly asserted parent collection; same observed source system,,
urn:openrag:openarchiver:attachment:0d3317db-889a-43fa-8846-8af4a9da3a10,urn:openrag:openarchiver:attachment:01e42eb5-d953-4e9e-9c8c-463d6aacf510,Bulletins-de-paie-Decembre-2020-Dossier-023424--222a8e184c72--Lettres-aux-employeurs-N-168-de-dec-2020--0d3317db889a.pdf,Avis-de-reception-de-votre-lettre-recommandee-87500123245599--202021968e16--87500123245599_ARN--01e42eb5d953.pdf,openarchiver,PDF,2025-06,2025,STRONG,SAME_PARENT_COLLECTION|COMPATIBLE_DOCUMENT_TYPES|SAME_SOURCE_SYSTEM|SAME_MIME_TYPE|SAME_EXTENSION,same explicitly asserted parent collection; compatible technical format families; same observed source system; same technical MIME type; same file extension,,
urn:openrag:openarchiver:attachment:0d3317db-889a-43fa-8846-8af4a9da3a10,urn:openrag:openarchiver:attachment:01e9deed-9530-4746-9815-a3b6482e7d1b,Bulletins-de-paie-Decembre-2020-Dossier-023424--222a8e184c72--Lettres-aux-employeurs-N-168-de-dec-2020--0d3317db889a.pdf,Lettre-du-dossier-410916810-No-Sinistre-20-0098610-Immatriculation-DD-792-CE--7881cdec915e--410916810_626936--01e9deed9530.pdf,openarchiver,PDF,2020-10,2020,STRONG,SAME_PARENT_COLLECTION|COMPATIBLE_DOCUMENT_TYPES|SAME_SOURCE_SYSTEM|SAME_MIME_TYPE|SAME_EXTENSION|SAME_PRODUCTION_YEAR|SAME_PRODUCTION_YEAR_UTC,same explicitly asserted parent collection; compatible technical format families; same observed source system; same technical MIME type; same file extension; same observed production year (source-local calendar): 2020; same observed production year (UTC calendar): 2020,,
urn:openrag:openarchiver:attachment:27c7a8b0-d79b-4f16-8ae1-7aa8f61c337d,urn:openrag:openarchiver:attachment:0027f0eb-90fd-49cc-8790-a60ec4e6059a,agrement-cii--3f5439a6c6fb--dossier-demande-agrement-CIR-CII--27c7a8b0d79b.docx,Gamme-fruitiers-Pepiniere-Charge--154603e29102--GAMME-FRUITIERS-COMPLETE-Charge--0027f0eb90fd.docx,openarchiver,DOCX,2015-12,2015,STRONG,SAME_PARENT_COLLECTION|COMPATIBLE_DOCUMENT_TYPES|SAME_SOURCE_SYSTEM|SAME_MIME_TYPE|SAME_EXTENSION,same explicitly asserted parent collection; compatible technical format families; same observed source system; same technical MIME type; same file extension,,
urn:openrag:openarchiver:attachment:27c7a8b0-d79b-4f16-8ae1-7aa8f61c337d,urn:openrag:openarchiver:attachment:0048cd42-93d2-497e-a987-c3d55fee4a8a,agrement-cii--3f5439a6c6fb--dossier-demande-agrement-CIR-CII--27c7a8b0d79b.docx,LLA-CHVE-de-Livet-Elements-demandes--a847c9f45161--Grands-livres-Formations-du-01012022-au-30092022--0048cd4293d2.pdf,openarchiver,PDF,2023-11,2023,STRONG,SAME_PARENT_COLLECTION|SAME_SOURCE_SYSTEM,same explicitly asserted parent collection; same observed source system,,
urn:openrag:openarchiver:attachment:27c7a8b0-d79b-4f16-8ae1-7aa8f61c337d,urn:openrag:openarchiver:attachment:0078f47f-6470-449f-be65-3d67ec757cee,agrement-cii--3f5439a6c6fb--dossier-demande-agrement-CIR-CII--27c7a8b0d79b.docx,CHEQUES-US-BNAKCORP--2a997cee6146--4077_001--0078f47f6470.pdf,openarchiver,PDF,2019-10,2019,STRONG,SAME_PARENT_COLLECTION|SAME_SOURCE_SYSTEM,same explicitly asserted parent collection; same observed source system,,
urn:openrag:openarchiver:attachment:27c7a8b0-d79b-4f16-8ae1-7aa8f61c337d,urn:openrag:openarchiver:attachment:008c8390-866b-47ac-89f2-c9d1753121ee,agrement-cii--3f5439a6c6fb--dossier-demande-agrement-CIR-CII--27c7a8b0d79b.docx,TR-enquete-RELANCE--168340802d70--20190612105407271--008c8390866b.pdf,openarchiver,PDF,2019-06,2019,STRONG,SAME_PARENT_COLLECTION|SAME_SOURCE_SYSTEM,same explicitly asserted parent collection; same observed source system,,
urn:openrag:openarchiver:attachment:27c7a8b0-d79b-4f16-8ae1-7aa8f61c337d,urn:openrag:openarchiver:attachment:00b4a859-6674-43df-bc52-89f8ad850146,agrement-cii--3f5439a6c6fb--dossier-demande-agrement-CIR-CII--27c7a8b0d79b.docx,cerfa-pour-agrement-CEA--83afe015fd9c--cerfa_14906-02--00b4a8596674.pdf,openarchiver,PDF,2013-06,2013,STRONG,SAME_PARENT_COLLECTION|SAME_SOURCE_SYSTEM|SAME_PRODUCTION_YEAR|SAME_PRODUCTION_YEAR_UTC,same explicitly asserted parent collection; same observed source system; same observed production year (source-local calendar): 2013; same observed production year (UTC calendar): 2013,,
urn:openrag:openarchiver:attachment:27c7a8b0-d79b-4f16-8ae1-7aa8f61c337d,urn:openrag:openarchiver:attachment:00c867de-5595-4cca-9cc7-c81294a1d170,agrement-cii--3f5439a6c6fb--dossier-demande-agrement-CIR-CII--27c7a8b0d79b.docx,mail--daa579f1b941--1424976504402.pdf0Y--00c867de5595.pdf,openarchiver,PDF,2015-02,2015,STRONG,SAME_PARENT_COLLECTION|SAME_SOURCE_SYSTEM,same explicitly asserted parent collection; same observed source system,,
urn:openrag:openarchiver:attachment:27c7a8b0-d79b-4f16-8ae1-7aa8f61c337d,urn:openrag:openarchiver:attachment:00c9c750-9290-431c-a719-b35d704091bd,agrement-cii--3f5439a6c6fb--dossier-demande-agrement-CIR-CII--27c7a8b0d79b.docx,mail--5ecf6dafa1ba--1424975115866.pdf0YO--00c9c7509290.pdf,openarchiver,PDF,2015-02,2015,STRONG,SAME_PARENT_COLLECTION|SAME_SOURCE_SYSTEM,same explicitly asserted parent collection; same observed source system,,
urn:openrag:openarchiver:attachment:27c7a8b0-d79b-4f16-8ae1-7aa8f61c337d,urn:openrag:openarchiver:attachment:00caa958-3969-4449-aac9-82dc3d65bcea,agrement-cii--3f5439a6c6fb--dossier-demande-agrement-CIR-CII--27c7a8b0d79b.docx,Votre-facture--d01870e83f67--Facture_462647--00caa9583969.pdf,openarchiver,PDF,2023-09,2023,STRONG,SAME_PARENT_COLLECTION|SAME_SOURCE_SYSTEM,same explicitly asserted parent collection; same observed source system,,
urn:openrag:openarchiver:attachment:27c7a8b0-d79b-4f16-8ae1-7aa8f61c337d,urn:openrag:openarchiver:attachment:00ef501d-9b58-4e5e-b3a1-b1f380a19bfd,agrement-cii--3f5439a6c6fb--dossier-demande-agrement-CIR-CII--27c7a8b0d79b.docx,TR-cadavres-2019--29b444c5da52--2789f22b-ad5b-4524-9a91-51806581700a--00ef501d9b58.pdf,openarchiver,PDF,2019-04,2019,STRONG,SAME_PARENT_COLLECTION|SAME_SOURCE_SYSTEM,same explicitly asserted parent collection; same observed source system,,
urn:openrag:openarchiver:attachment:27c7a8b0-d79b-4f16-8ae1-7aa8f61c337d,urn:openrag:openarchiver:attachment:00f95943-2f00-451c-946e-9e9c3e83f32a,agrement-cii--3f5439a6c6fb--dossier-demande-agrement-CIR-CII--27c7a8b0d79b.docx,Releves-de-compte-societe--5790b928cc02--Releve-06--00f959432f00.pdf,openarchiver,PDF,,,STRONG,SAME_PARENT_COLLECTION|SAME_SOURCE_SYSTEM,same explicitly asserted parent collection; same observed source system,,
urn:openrag:openarchiver:attachment:27c7a8b0-d79b-4f16-8ae1-7aa8f61c337d,urn:openrag:openarchiver:attachment:0123363a-f8ee-4c07-92bf-b7b035df7cf1,agrement-cii--3f5439a6c6fb--dossier-demande-agrement-CIR-CII--27c7a8b0d79b.docx,Suite-demande--122c407ece16--20131014-Devis-2NUM1-WISEARCH--0123363af8ee.pdf,openarchiver,PDF,2013-10,2013,STRONG,SAME_PARENT_COLLECTION|SAME_SOURCE_SYSTEM|SAME_PRODUCTION_YEAR|SAME_MODIFICATION_YEAR|SAME_PRODUCTION_YEAR_UTC|SAME_MODIFICATION_YEAR_UTC,same explicitly asserted parent collection; same observed source system; same observed production year (source-local calendar): 2013; same observed modification year (source-local calendar): 2013; same observed production year (UTC calendar): 2013; same observed modification year (UTC calendar): 2013,,
urn:openrag:openarchiver:attachment:27c7a8b0-d79b-4f16-8ae1-7aa8f61c337d,urn:openrag:openarchiver:attachment:013bb607-ff85-43af-a274-8c53cf1b7e49,agrement-cii--3f5439a6c6fb--dossier-demande-agrement-CIR-CII--27c7a8b0d79b.docx,mail--dbc67780be4d--1487674416111--013bb607ff85.pdf,openarchiver,PDF,2017-02,2017,STRONG,SAME_PARENT_COLLECTION|SAME_SOURCE_SYSTEM,same explicitly asserted parent collection; same observed source system,,
urn:openrag:openarchiver:attachment:27c7a8b0-d79b-4f16-8ae1-7aa8f61c337d,urn:openrag:openarchiver:attachment:0163696b-0bae-42c2-a5ad-6b1e636ed45a,agrement-cii--3f5439a6c6fb--dossier-demande-agrement-CIR-CII--27c7a8b0d79b.docx,TR-HRS-CM-2021--79ce5df92876--scan25042022--0163696b0bae.pdf,openarchiver,PDF,2022-04,2022,STRONG,SAME_PARENT_COLLECTION|SAME_SOURCE_SYSTEM,same explicitly asserted parent collection; same observed source system,,
urn:openrag:openarchiver:attachment:27c7a8b0-d79b-4f16-8ae1-7aa8f61c337d,urn:openrag:openarchiver:attachment:017e1c3f-0147-41a0-a693-bc90392af43a,agrement-cii--3f5439a6c6fb--dossier-demande-agrement-CIR-CII--27c7a8b0d79b.docx,SARL-WISEARCH-CIPAV--18480ab87f01--CI20120353820374-3--017e1c3f0147.pdf,openarchiver,PDF,2014-01,2014,STRONG,SAME_PARENT_COLLECTION|SAME_SOURCE_SYSTEM,same explicitly asserted parent collection; same observed source system,,
urn:openrag:openarchiver:attachment:27c7a8b0-d79b-4f16-8ae1-7aa8f61c337d,urn:openrag:openarchiver:attachment:019eea0c-4135-4cf1-8a95-e9dc2de11427,agrement-cii--3f5439a6c6fb--dossier-demande-agrement-CIR-CII--27c7a8b0d79b.docx,Duplicatas-factures-releve-de-compte--1c142d666079--023424-FERME-DE-POMMERIEUX--019eea0c4135.pdf,openarchiver,PDF,2015-04,2015,STRONG,SAME_PARENT_COLLECTION|SAME_SOURCE_SYSTEM,same explicitly asserted parent collection; same observed source system,,
urn:openrag:openarchiver:attachment:27c7a8b0-d79b-4f16-8ae1-7aa8f61c337d,urn:openrag:openarchiver:attachment:01a7d3c9-3537-4636-a65e-816bbd3c9321,agrement-cii--3f5439a6c6fb--dossier-demande-agrement-CIR-CII--27c7a8b0d79b.docx,Transfert-activite-professionnelle-752676890-00029--67ca56887199--Questionnaire-activie-professionnelle--01a7d3c93537.pdf,openarchiver,PDF,,,STRONG,SAME_PARENT_COLLECTION|SAME_SOURCE_SYSTEM,same explicitly asserted parent collection; same observed source system,,
urn:openrag:openarchiver:attachment:27c7a8b0-d79b-4f16-8ae1-7aa8f61c337d,urn:openrag:openarchiver:attachment:01b2435d-d361-48fb-a6d5-ef8e4a769499,agrement-cii--3f5439a6c6fb--dossier-demande-agrement-CIR-CII--27c7a8b0d79b.docx,Pommerieux-Scans--10a9671af753--Xerox-Scan_06022024104558--01b2435dd361.pdf,openarchiver,PDF,2024-02,2024,STRONG,SAME_PARENT_COLLECTION|SAME_SOURCE_SYSTEM,same explicitly asserted parent collection; same observed source system,,
urn:openrag:openarchiver:attachment:27c7a8b0-d79b-4f16-8ae1-7aa8f61c337d,urn:openrag:openarchiver:attachment:01b29798-daaa-4802-b3b0-137a971216d6,agrement-cii--3f5439a6c6fb--dossier-demande-agrement-CIR-CII--27c7a8b0d79b.docx,Envoi-dun-message-023424-Alliance-Dossier-de-Gestion-Visa-Fiscal-Grand-livre-general--23d483d734d8--023424-Alliance-Dossier-de-Gestion-Visa-Fiscal--01b29798daaa.pdf,openarchiver,PDF,2018-05,2018,STRONG,SAME_PARENT_COLLECTION|SAME_SOURCE_SYSTEM,same explicitly asserted parent collection; same observed source system,,
urn:openrag:openarchiver:attachment:27c7a8b0-d79b-4f16-8ae1-7aa8f61c337d,urn:openrag:openarchiver:attachment:01b5316a-99f6-4f98-8bd0-a1682b1a1df1,agrement-cii--3f5439a6c6fb--dossier-demande-agrement-CIR-CII--27c7a8b0d79b.docx,TR-cadavres-2019--29b444c5da52--d61b1139-659d-4902-b7de-913116421c84--01b5316a99f6.pdf,openarchiver,PDF,2019-06,2019,STRONG,SAME_PARENT_COLLECTION|SAME_SOURCE_SYSTEM,same explicitly asserted parent collection; same observed source system,,
urn:openrag:openarchiver:attachment:27c7a8b0-d79b-4f16-8ae1-7aa8f61c337d,urn:openrag:openarchiver:attachment:01d2c651-e514-4a11-a0f0-a6aeb8975459,agrement-cii--3f5439a6c6fb--dossier-demande-agrement-CIR-CII--27c7a8b0d79b.docx,Votre-Fast-check-out-a-Novotel-Deauville-Plage-F--5844cc620600--FACTURE_HB4Q8_BIL_70567_70567--01d2c651e514.pdf,openarchiver,PDF,2015-11,2015,STRONG,SAME_PARENT_COLLECTION|SAME_SOURCE_SYSTEM,same explicitly asserted parent collection; same observed source system,,
urn:openrag:openarchiver:attachment:27c7a8b0-d79b-4f16-8ae1-7aa8f61c337d,urn:openrag:openarchiver:attachment:01db80e1-fd34-4a9a-b3e8-5f5448b1f428,agrement-cii--3f5439a6c6fb--dossier-demande-agrement-CIR-CII--27c7a8b0d79b.docx,Re-SOCIAL-CABL-INOV--cf3e914fe170--CII-et-CIR-2014-PUB--01db80e1fd34.xlsx,openarchiver,XLSX,2015-06,2015,STRONG,SAME_PARENT_COLLECTION|SAME_SOURCE_SYSTEM,same explicitly asserted parent collection; same observed source system,,
urn:openrag:openarchiver:attachment:27c7a8b0-d79b-4f16-8ae1-7aa8f61c337d,urn:openrag:openarchiver:attachment:01ddc72b-8f76-41bc-bc71-61f48e5acc7f,agrement-cii--3f5439a6c6fb--dossier-demande-agrement-CIR-CII--27c7a8b0d79b.docx,Convention-de-prestation-wisearch-pour-le-CIR-2011--c249d9439613--signature--01ddc72b8f76.asc,openarchiver,TXT,,,STRONG,SAME_PARENT_COLLECTION|SAME_SOURCE_SYSTEM,same explicitly asserted parent collection; same observed source system,,
urn:openrag:openarchiver:attachment:27c7a8b0-d79b-4f16-8ae1-7aa8f61c337d,urn:openrag:openarchiver:attachment:01e42eb5-d953-4e9e-9c8c-463d6aacf510,agrement-cii--3f5439a6c6fb--dossier-demande-agrement-CIR-CII--27c7a8b0d79b.docx,Avis-de-reception-de-votre-lettre-recommandee-87500123245599--202021968e16--87500123245599_ARN--01e42eb5d953.pdf,openarchiver,PDF,2025-06,2025,STRONG,SAME_PARENT_COLLECTION|SAME_SOURCE_SYSTEM,same explicitly asserted parent collection; same observed source system,,
urn:openrag:openarchiver:attachment:27c7a8b0-d79b-4f16-8ae1-7aa8f61c337d,urn:openrag:openarchiver:attachment:01e9deed-9530-4746-9815-a3b6482e7d1b,agrement-cii--3f5439a6c6fb--dossier-demande-agrement-CIR-CII--27c7a8b0d79b.docx,Lettre-du-dossier-410916810-No-Sinistre-20-0098610-Immatriculation-DD-792-CE--7881cdec915e--410916810_626936--01e9deed9530.pdf,openarchiver,PDF,2020-10,2020,STRONG,SAME_PARENT_COLLECTION|SAME_SOURCE_SYSTEM,same explicitly asserted parent collection; same observed source system,,
urn:openrag:openarchiver:attachment:141f5b04-4ace-4f7c-904a-cd344209a0c0,urn:openrag:openarchiver:attachment:0001a61c-a855-4b76-9fdb-7fd8bc7c9dba,Copro--d60ae582eeac--Compromis-de-vente-corpo--141f5b044ace.xlsx,Cotations-Pissier-au-28-02-23--7d7d4a1f3fdf--Cotations-28-fevrier-2023-Zone-La-Marolle-en-Sologne--0001a61ca855.pdf,openarchiver,PDF,2023-02,2023,STRONG,SAME_PARENT_COLLECTION|SAME_SOURCE_SYSTEM,same explicitly asserted parent collection; same observed source system,,
urn:openrag:openarchiver:attachment:141f5b04-4ace-4f7c-904a-cd344209a0c0,urn:openrag:openarchiver:attachment:0005e4ce-7ac9-46d5-85bf-c617760a4a80,Copro--d60ae582eeac--Compromis-de-vente-corpo--141f5b044ace.xlsx,Fwd-Bulletins-de-paie-Decembre-2023-Dossier-023424--0561e9ab0968--Lettre-aux-employeurs-N201-decembre-202-3--0005e4ce7ac9.pdf,openarchiver,PDF,2023-12,2023,STRONG,SAME_PARENT_COLLECTION|SAME_SOURCE_SYSTEM,same explicitly asserted parent collection; same observed source system,,
urn:openrag:openarchiver:attachment:141f5b04-4ace-4f7c-904a-cd344209a0c0,urn:openrag:openarchiver:attachment:0007e8d9-f14b-4a16-8590-bb209c5d572f,Copro--d60ae582eeac--Compromis-de-vente-corpo--141f5b044ace.xlsx,MAIL-EXTERIEUR-Comptes-rendus-de-livraison-ovins-du-31-10-22-au-06-11-22--d4c8d84a4d61--Compte-rendu-de-livraison_H803397_semaine44_2022--0007e8d9f14b.pdf,openarchiver,PDF,2022-11,2022,STRONG,SAME_PARENT_COLLECTION|SAME_SOURCE_SYSTEM,same explicitly asserted parent collection; same observed source system,,
urn:openrag:openarchiver:attachment:141f5b04-4ace-4f7c-904a-cd344209a0c0,urn:openrag:openarchiver:attachment:0014240c-9ba5-4ade-a6f3-7bc4fb09467a,Copro--d60ae582eeac--Compromis-de-vente-corpo--141f5b044ace.xlsx,Invitation-coloque-agriculture-gestion-de-lespace-rural-conservation-du-petit-gibier-28-novembre-palais-du-luxembourg--1e72dda62361--programme-pour-le-colloque-du-28-novembre-2016-,openarchiver,PDF,,,STRONG,SAME_PARENT_COLLECTION|SAME_SOURCE_SYSTEM,same explicitly asserted parent collection; same observed source system,,
urn:openrag:openarchiver:attachment:141f5b04-4ace-4f7c-904a-cd344209a0c0,urn:openrag:openarchiver:attachment:0018b759-73a0-40a1-beb1-187b1de0d85d,Copro--d60ae582eeac--Compromis-de-vente-corpo--141f5b044ace.xlsx,Master-Outillage-En-cours-de-livraison--560469ce1998--LI300235--0018b75973a0.pdf,openarchiver,PDF,2021-06,2021,STRONG,SAME_PARENT_COLLECTION|SAME_SOURCE_SYSTEM,same explicitly asserted parent collection; same observed source system,,
urn:openrag:openarchiver:attachment:141f5b04-4ace-4f7c-904a-cd344209a0c0,urn:openrag:openarchiver:attachment:002447df-aec2-452b-aabd-3746d2af8591,Copro--d60ae582eeac--Compromis-de-vente-corpo--141f5b044ace.xlsx,Pilot-Elevage-Nouvelles-Conditions-de-Souscription--2096a93103a5--CGSL_PE_20241128-141536-284--002447dfaec2.pdf,openarchiver,PDF,2024-11,2024,STRONG,SAME_PARENT_COLLECTION|SAME_SOURCE_SYSTEM,same explicitly asserted parent collection; same observed source system,,
urn:openrag:openarchiver:attachment:141f5b04-4ace-4f7c-904a-cd344209a0c0,urn:openrag:openarchiver:attachment:0028824b-244a-4300-b0df-1f3f1cabdae1,Copro--d60ae582eeac--Compromis-de-vente-corpo--141f5b044ace.xlsx,Votre-facture-pour-la-commande-N2829730--84ffe508cabd--FACT_20220214_AG023690D--0028824b244a.pdf,openarchiver,PDF,,,STRONG,SAME_PARENT_COLLECTION|SAME_SOURCE_SYSTEM,same explicitly asserted parent collection; same observed source system,,
urn:openrag:openarchiver:attachment:141f5b04-4ace-4f7c-904a-cd344209a0c0,urn:openrag:openarchiver:attachment:003705e4-68a2-4314-821d-c85903330792,Copro--d60ae582eeac--Compromis-de-vente-corpo--141f5b044ace.xlsx,RE-Liste-des-adherents-a-completer-pour-publication--170ba3652014--Liste-des-adherents--003705e468a2.xlsx,openarchiver,XLSX,2020-10,2020,STRONG,SAME_PARENT_COLLECTION|COMPATIBLE_DOCUMENT_TYPES|SAME_SOURCE_SYSTEM|SAME_MIME_TYPE|SAME_EXTENSION,same explicitly asserted parent collection; compatible technical format families; same observed source system; same technical MIME type; same file extension,,
urn:openrag:openarchiver:attachment:141f5b04-4ace-4f7c-904a-cd344209a0c0,urn:openrag:openarchiver:attachment:003c5eaa-5f65-451e-9f45-a2926f705669,Copro--d60ae582eeac--Compromis-de-vente-corpo--141f5b044ace.xlsx,41161905-20092772-Bordereau_Enlevement_nBS1905060030012--797c2a7f514d--Bordereau_Enlevement_nBS1905060030012--003c5eaa5f65.pdf,openarchiver,PDF,2019-05,2019,STRONG,SAME_PARENT_COLLECTION|SAME_SOURCE_SYSTEM,same explicitly asserted parent collection; same observed source system,,
urn:openrag:openarchiver:attachment:141f5b04-4ace-4f7c-904a-cd344209a0c0,urn:openrag:openarchiver:attachment:004d7b71-5f0a-421c-95af-7721261191a5,Copro--d60ae582eeac--Compromis-de-vente-corpo--141f5b044ace.xlsx,TR-Facture-de-vente-a-FERME-DE-POMMERIEUX--cb55b96a6e1c--FV-2020006--004d7b715f0a.pdf,openarchiver,PDF,,,STRONG,SAME_PARENT_COLLECTION|SAME_SOURCE_SYSTEM,same explicitly asserted parent collection; same observed source system,,
urn:openrag:openarchiver:attachment:141f5b04-4ace-4f7c-904a-cd344209a0c0,urn:openrag:openarchiver:attachment:0054fa4c-4d79-4bd0-8c06-7c29c16efe99,Copro--d60ae582eeac--Compromis-de-vente-corpo--141f5b044ace.xlsx,EDF-Entreprises-votre-facture-lectronique-EDF-au-format-PDF--cc70ce58cecc--Facture_EDF_10100416200--0054fa4c4d79.pdf,openarchiver,PDF,,,STRONG,SAME_PARENT_COLLECTION|SAME_SOURCE_SYSTEM,same explicitly asserted parent collection; same observed source system,,
urn:openrag:openarchiver:attachment:141f5b04-4ace-4f7c-904a-cd344209a0c0,urn:openrag:openarchiver:attachment:00555624-ca9e-4f9b-9ec6-a72e49b07552,Copro--d60ae582eeac--Compromis-de-vente-corpo--141f5b044ace.xlsx,Convention-de-stage-pour-Antonin-GALIFRET--fb4e18557aed--Convention-de-stage-pour-Antonin-GALIFRET--00555624ca9e.pdf,openarchiver,PDF,2023-02,2023,STRONG,SAME_PARENT_COLLECTION|SAME_SOURCE_SYSTEM,same explicitly asserted parent collection; same observed source system,,
urn:openrag:openarchiver:attachment:141f5b04-4ace-4f7c-904a-cd344209a0c0,urn:openrag:openarchiver:attachment:0059b188-bd87-4253-a2ad-411cf966d6c4,Copro--d60ae582eeac--Compromis-de-vente-corpo--141f5b044ace.xlsx,Demande-de-coupe-administrative--3d8761211621--demande-d-autorisation-administrative-Eloi-PRIMAUX--0059b188bd87.pdf,openarchiver,PDF,2015-11,2015,STRONG,SAME_PARENT_COLLECTION|SAME_SOURCE_SYSTEM,same explicitly asserted parent collection; same observed source system,,
urn:openrag:openarchiver:attachment:141f5b04-4ace-4f7c-904a-cd344209a0c0,urn:openrag:openarchiver:attachment:007d4162-4815-49a5-976f-33c276df24a4,Copro--d60ae582eeac--Compromis-de-vente-corpo--141f5b044ace.xlsx,Master-Outillage-Votre-devis--a31f0ca5612c--devis_7091--007d41624815.pdf,openarchiver,PDF,2023-08,2023,STRONG,SAME_PARENT_COLLECTION|SAME_SOURCE_SYSTEM,same explicitly asserted parent collection; same observed source system,,
urn:openrag:openarchiver:attachment:141f5b04-4ace-4f7c-904a-cd344209a0c0,urn:openrag:openarchiver:attachment:0088d013-6b3b-496b-8aae-57079f890cea,Copro--d60ae582eeac--Compromis-de-vente-corpo--141f5b044ace.xlsx,Fwd-Avis-CDPENAF-du-07-09-2023--d5b4ea1ba50b--Avis_CDPENAF_signe_ECCA_AKUO_Nouan-le-Fuzelier--0088d0136b3b.pdf,openarchiver,PDF,2023-09,2023,STRONG,SAME_PARENT_COLLECTION|SAME_SOURCE_SYSTEM,same explicitly asserted parent collection; same observed source system,,
urn:openrag:openarchiver:attachment:141f5b04-4ace-4f7c-904a-cd344209a0c0,urn:openrag:openarchiver:attachment:008dce3b-7ebb-4336-b984-4999f54465b0,Copro--d60ae582eeac--Compromis-de-vente-corpo--141f5b044ace.xlsx,MISE-A-JOUR-BASE-DE-DONNEES-DU-RESEAU-BIO--0d8abfb65cc0--FICHE-RESEAU-BIO--008dce3b7ebb.pdf,openarchiver,PDF,2018-06,2018,STRONG,SAME_PARENT_COLLECTION|SAME_SOURCE_SYSTEM,same explicitly asserted parent collection; same observed source system,,
urn:openrag:openarchiver:attachment:141f5b04-4ace-4f7c-904a-cd344209a0c0,urn:openrag:openarchiver:attachment:009db5c2-2e18-4aaf-a0b5-fc79550d2c5b,Copro--d60ae582eeac--Compromis-de-vente-corpo--141f5b044ace.xlsx,factures-client-2012-2013--5aeb8645ef40--factures-client-wisearch--009db5c22e18.pdf,openarchiver,PDF,,,STRONG,SAME_PARENT_COLLECTION|SAME_SOURCE_SYSTEM,same explicitly asserted parent collection; same observed source system,,
urn:openrag:openarchiver:attachment:141f5b04-4ace-4f7c-904a-cd344209a0c0,urn:openrag:openarchiver:attachment:00a5868a-1e63-47f2-a12a-dd86665e5ceb,Copro--d60ae582eeac--Compromis-de-vente-corpo--141f5b044ace.xlsx,Info-Flash-Pissier-n4--90ea458b6f66--Newsletter-n4-avril-25--00a5868a1e63.pdf,openarchiver,PDF,2025-04,2025,STRONG,SAME_PARENT_COLLECTION|SAME_SOURCE_SYSTEM,same explicitly asserted parent collection; same observed source system,,
urn:openrag:openarchiver:attachment:141f5b04-4ace-4f7c-904a-cd344209a0c0,urn:openrag:openarchiver:attachment:00a5c5cc-7075-4223-85f7-3d3d2efd987c,Copro--d60ae582eeac--Compromis-de-vente-corpo--141f5b044ace.xlsx,Prophylaxie-et-rapport-laboratoire--e63de0186eda--FERME-DE-POMMERIEUX-230625_1--00a5c5cc7075.pdf,openarchiver,PDF,2025-06,2025,STRONG,SAME_PARENT_COLLECTION|SAME_SOURCE_SYSTEM,same explicitly asserted parent collection; same observed source system,,
urn:openrag:openarchiver:attachment:141f5b04-4ace-4f7c-904a-cd344209a0c0,urn:openrag:openarchiver:attachment:00a9f05d-eaa8-49e0-9533-6a035b4cdb46,Copro--d60ae582eeac--Compromis-de-vente-corpo--141f5b044ace.xlsx,Votre-facture-Dyson-6231993651--a1bc1668b854--Votre-facture-Dyson-6231993651--00a9f05deaa8.pdf,openarchiver,PDF,2021-02,2021,STRONG,SAME_PARENT_COLLECTION|SAME_SOURCE_SYSTEM,same explicitly asserted parent collection; same observed source system,,
urn:openrag:openarchiver:attachment:141f5b04-4ace-4f7c-904a-cd344209a0c0,urn:openrag:openarchiver:attachment:00add6b5-e8be-4d00-b7ad-f1ec1a38f766,Copro--d60ae582eeac--Compromis-de-vente-corpo--141f5b044ace.xlsx,Preparez-votre-moisson--9b13cbd85568--Guide-Moisson-BARBARY--00add6b5e8be.pdf,openarchiver,PDF,2020-06,2020,STRONG,SAME_PARENT_COLLECTION|SAME_SOURCE_SYSTEM,same explicitly asserted parent collection; same observed source system,,
urn:openrag:openarchiver:attachment:141f5b04-4ace-4f7c-904a-cd344209a0c0,urn:openrag:openarchiver:attachment:00aebf5b-e639-4a83-acff-063ad194e599,Copro--d60ae582eeac--Compromis-de-vente-corpo--141f5b044ace.xlsx,Dossier-6218964--3db2ea6b6d82--Dommages-electriques-four-MW--00aebf5be639.pdf,openarchiver,PDF,2019-01,2019,STRONG,SAME_PARENT_COLLECTION|SAME_SOURCE_SYSTEM,same explicitly asserted parent collection; same observed source system,,
urn:openrag:openarchiver:attachment:141f5b04-4ace-4f7c-904a-cd344209a0c0,urn:openrag:openarchiver:attachment:00b06643-98fa-4aca-a127-16954fabb4c6,Copro--d60ae582eeac--Compromis-de-vente-corpo--141f5b044ace.xlsx,EARL-FERME-DE-POMMERIEUX-courrier-TVA-1er-trimestre-2016--20c9f1e48b72--FDP-Factures0076--00b0664398fa.pdf,openarchiver,PDF,,,STRONG,SAME_PARENT_COLLECTION|SAME_SOURCE_SYSTEM,same explicitly asserted parent collection; same observed source system,,
urn:openrag:openarchiver:attachment:141f5b04-4ace-4f7c-904a-cd344209a0c0,urn:openrag:openarchiver:attachment:00b67f4d-f21a-49b5-8866-9a9a060069e3,Copro--d60ae582eeac--Compromis-de-vente-corpo--141f5b044ace.xlsx,Re-GRAND-LIVRE-GENERAL-FERME-POMMERIEUX--e7c297eef00b--Grand-livre-general-copie--00b67f4df21a.pdf,openarchiver,PDF,,,STRONG,SAME_PARENT_COLLECTION|SAME_SOURCE_SYSTEM,same explicitly asserted parent collection; same observed source system,,
urn:openrag:openarchiver:email:9e325a3e-b01f-40bf-8890-b400d4e3d7f4:23847e4a-ccfc-4fab-a8ac-04c5fbe964c8,urn:openrag:openarchiver:attachment:0001a61c-a855-4b76-9fdb-7fd8bc7c9dba,B.L-0-Ref-FERME-DE-POMMERIEUX--23847e4accfc.eml,Cotations-Pissier-au-28-02-23--7d7d4a1f3fdf--Cotations-28-fevrier-2023-Zone-La-Marolle-en-Sologne--0001a61ca855.pdf,openarchiver,PDF,2023-02,2023,STRONG,SAME_PARENT_COLLECTION|SAME_SOURCE_SYSTEM|SAME_PRODUCTION_YEAR|SAME_PRODUCTION_YEAR_UTC,same explicitly asserted parent collection; same observed source system; same observed production year (source-local calendar): 2023; same observed production year (UTC calendar): 2023,,
urn:openrag:openarchiver:email:9e325a3e-b01f-40bf-8890-b400d4e3d7f4:23847e4a-ccfc-4fab-a8ac-04c5fbe964c8,urn:openrag:openarchiver:attachment:0005e4ce-7ac9-46d5-85bf-c617760a4a80,B.L-0-Ref-FERME-DE-POMMERIEUX--23847e4accfc.eml,Fwd-Bulletins-de-paie-Decembre-2023-Dossier-023424--0561e9ab0968--Lettre-aux-employeurs-N201-decembre-202-3--0005e4ce7ac9.pdf,openarchiver,PDF,2023-12,2023,STRONG,SAME_PARENT_COLLECTION|SAME_SOURCE_SYSTEM|SAME_PRODUCTION_YEAR|SAME_PRODUCTION_YEAR_UTC,same explicitly asserted parent collection; same observed source system; same observed production year (source-local calendar): 2023; same observed production year (UTC calendar): 2023,,
urn:openrag:openarchiver:email:9e325a3e-b01f-40bf-8890-b400d4e3d7f4:23847e4a-ccfc-4fab-a8ac-04c5fbe964c8,urn:openrag:openarchiver:attachment:0007e8d9-f14b-4a16-8590-bb209c5d572f,B.L-0-Ref-FERME-DE-POMMERIEUX--23847e4accfc.eml,MAIL-EXTERIEUR-Comptes-rendus-de-livraison-ovins-du-31-10-22-au-06-11-22--d4c8d84a4d61--Compte-rendu-de-livraison_H803397_semaine44_2022--0007e8d9f14b.pdf,openarchiver,PDF,2022-11,2022,STRONG,SAME_PARENT_COLLECTION|SAME_SOURCE_SYSTEM,same explicitly asserted parent collection; same observed source system,,
urn:openrag:openarchiver:email:9e325a3e-b01f-40bf-8890-b400d4e3d7f4:23847e4a-ccfc-4fab-a8ac-04c5fbe964c8,urn:openrag:openarchiver:attachment:0014240c-9ba5-4ade-a6f3-7bc4fb09467a,B.L-0-Ref-FERME-DE-POMMERIEUX--23847e4accfc.eml,Invitation-coloque-agriculture-gestion-de-lespace-rural-conservation-du-petit-gibier-28-novembre-palais-du-luxembourg--1e72dda62361--programme-pour-le-colloque-du-28-novembre-2016-,openarchiver,PDF,,,STRONG,SAME_PARENT_COLLECTION|SAME_SOURCE_SYSTEM,same explicitly asserted parent collection; same observed source system,,
urn:openrag:openarchiver:email:9e325a3e-b01f-40bf-8890-b400d4e3d7f4:23847e4a-ccfc-4fab-a8ac-04c5fbe964c8,urn:openrag:openarchiver:attachment:0018b759-73a0-40a1-beb1-187b1de0d85d,B.L-0-Ref-FERME-DE-POMMERIEUX--23847e4accfc.eml,Master-Outillage-En-cours-de-livraison--560469ce1998--LI300235--0018b75973a0.pdf,openarchiver,PDF,2021-06,2021,STRONG,SAME_PARENT_COLLECTION|SAME_SOURCE_SYSTEM,same explicitly asserted parent collection; same observed source system,,
urn:openrag:openarchiver:email:9e325a3e-b01f-40bf-8890-b400d4e3d7f4:23847e4a-ccfc-4fab-a8ac-04c5fbe964c8,urn:openrag:openarchiver:attachment:002447df-aec2-452b-aabd-3746d2af8591,B.L-0-Ref-FERME-DE-POMMERIEUX--23847e4accfc.eml,Pilot-Elevage-Nouvelles-Conditions-de-Souscription--2096a93103a5--CGSL_PE_20241128-141536-284--002447dfaec2.pdf,openarchiver,PDF,2024-11,2024,STRONG,SAME_PARENT_COLLECTION|SAME_SOURCE_SYSTEM,same explicitly asserted parent collection; same observed source system,,
urn:openrag:openarchiver:email:9e325a3e-b01f-40bf-8890-b400d4e3d7f4:23847e4a-ccfc-4fab-a8ac-04c5fbe964c8,urn:openrag:openarchiver:attachment:0028824b-244a-4300-b0df-1f3f1cabdae1,B.L-0-Ref-FERME-DE-POMMERIEUX--23847e4accfc.eml,Votre-facture-pour-la-commande-N2829730--84ffe508cabd--FACT_20220214_AG023690D--0028824b244a.pdf,openarchiver,PDF,,,STRONG,SAME_PARENT_COLLECTION|SAME_SOURCE_SYSTEM,same explicitly asserted parent collection; same observed source system,,
urn:openrag:openarchiver:email:9e325a3e-b01f-40bf-8890-b400d4e3d7f4:23847e4a-ccfc-4fab-a8ac-04c5fbe964c8,urn:openrag:openarchiver:attachment:003705e4-68a2-4314-821d-c85903330792,B.L-0-Ref-FERME-DE-POMMERIEUX--23847e4accfc.eml,RE-Liste-des-adherents-a-completer-pour-publication--170ba3652014--Liste-des-adherents--003705e468a2.xlsx,openarchiver,XLSX,2020-10,2020,STRONG,SAME_PARENT_COLLECTION|SAME_SOURCE_SYSTEM,same explicitly asserted parent collection; same observed source system,,
urn:openrag:openarchiver:email:9e325a3e-b01f-40bf-8890-b400d4e3d7f4:23847e4a-ccfc-4fab-a8ac-04c5fbe964c8,urn:openrag:openarchiver:attachment:003c5eaa-5f65-451e-9f45-a2926f705669,B.L-0-Ref-FERME-DE-POMMERIEUX--23847e4accfc.eml,41161905-20092772-Bordereau_Enlevement_nBS1905060030012--797c2a7f514d--Bordereau_Enlevement_nBS1905060030012--003c5eaa5f65.pdf,openarchiver,PDF,2019-05,2019,STRONG,SAME_PARENT_COLLECTION|SAME_SOURCE_SYSTEM,same explicitly asserted parent collection; same observed source system,,
urn:openrag:openarchiver:email:9e325a3e-b01f-40bf-8890-b400d4e3d7f4:23847e4a-ccfc-4fab-a8ac-04c5fbe964c8,urn:openrag:openarchiver:attachment:004d7b71-5f0a-421c-95af-7721261191a5,B.L-0-Ref-FERME-DE-POMMERIEUX--23847e4accfc.eml,TR-Facture-de-vente-a-FERME-DE-POMMERIEUX--cb55b96a6e1c--FV-2020006--004d7b715f0a.pdf,openarchiver,PDF,,,STRONG,SAME_PARENT_COLLECTION|SAME_SOURCE_SYSTEM,same explicitly asserted parent collection; same observed source system,,
urn:openrag:openarchiver:email:9e325a3e-b01f-40bf-8890-b400d4e3d7f4:23847e4a-ccfc-4fab-a8ac-04c5fbe964c8,urn:openrag:openarchiver:attachment:0054fa4c-4d79-4bd0-8c06-7c29c16efe99,B.L-0-Ref-FERME-DE-POMMERIEUX--23847e4accfc.eml,EDF-Entreprises-votre-facture-lectronique-EDF-au-format-PDF--cc70ce58cecc--Facture_EDF_10100416200--0054fa4c4d79.pdf,openarchiver,PDF,,,STRONG,SAME_PARENT_COLLECTION|SAME_SOURCE_SYSTEM,same explicitly asserted parent collection; same observed source system,,
urn:openrag:openarchiver:email:9e325a3e-b01f-40bf-8890-b400d4e3d7f4:23847e4a-ccfc-4fab-a8ac-04c5fbe964c8,urn:openrag:openarchiver:attachment:00555624-ca9e-4f9b-9ec6-a72e49b07552,B.L-0-Ref-FERME-DE-POMMERIEUX--23847e4accfc.eml,Convention-de-stage-pour-Antonin-GALIFRET--fb4e18557aed--Convention-de-stage-pour-Antonin-GALIFRET--00555624ca9e.pdf,openarchiver,PDF,2023-02,2023,STRONG,SAME_PARENT_COLLECTION|SAME_SOURCE_SYSTEM|SAME_PRODUCTION_YEAR|SAME_PRODUCTION_YEAR_UTC,same explicitly asserted parent collection; same observed source system; same observed production year (source-local calendar): 2023; same observed production year (UTC calendar): 2023,,
urn:openrag:openarchiver:email:9e325a3e-b01f-40bf-8890-b400d4e3d7f4:23847e4a-ccfc-4fab-a8ac-04c5fbe964c8,urn:openrag:openarchiver:attachment:0059b188-bd87-4253-a2ad-411cf966d6c4,B.L-0-Ref-FERME-DE-POMMERIEUX--23847e4accfc.eml,Demande-de-coupe-administrative--3d8761211621--demande-d-autorisation-administrative-Eloi-PRIMAUX--0059b188bd87.pdf,openarchiver,PDF,2015-11,2015,STRONG,SAME_PARENT_COLLECTION|SAME_SOURCE_SYSTEM,same explicitly asserted parent collection; same observed source system,,
urn:openrag:openarchiver:email:9e325a3e-b01f-40bf-8890-b400d4e3d7f4:23847e4a-ccfc-4fab-a8ac-04c5fbe964c8,urn:openrag:openarchiver:attachment:007d4162-4815-49a5-976f-33c276df24a4,B.L-0-Ref-FERME-DE-POMMERIEUX--23847e4accfc.eml,Master-Outillage-Votre-devis--a31f0ca5612c--devis_7091--007d41624815.pdf,openarchiver,PDF,2023-08,2023,STRONG,SAME_PARENT_COLLECTION|SAME_SOURCE_SYSTEM|SAME_PRODUCTION_YEAR|SAME_PRODUCTION_YEAR_UTC,same explicitly asserted parent collection; same observed source system; same observed production year (source-local calendar): 2023; same observed production year (UTC calendar): 2023,,
urn:openrag:openarchiver:email:9e325a3e-b01f-40bf-8890-b400d4e3d7f4:23847e4a-ccfc-4fab-a8ac-04c5fbe964c8,urn:openrag:openarchiver:attachment:0088d013-6b3b-496b-8aae-57079f890cea,B.L-0-Ref-FERME-DE-POMMERIEUX--23847e4accfc.eml,Fwd-Avis-CDPENAF-du-07-09-2023--d5b4ea1ba50b--Avis_CDPENAF_signe_ECCA_AKUO_Nouan-le-Fuzelier--0088d0136b3b.pdf,openarchiver,PDF,2023-09,2023,STRONG,SAME_PARENT_COLLECTION|SAME_SOURCE_SYSTEM|SAME_PRODUCTION_YEAR|SAME_PRODUCTION_YEAR_UTC,same explicitly asserted parent collection; same observed source system; same observed production year (source-local calendar): 2023; same observed production year (UTC calendar): 2023,,
urn:openrag:openarchiver:email:9e325a3e-b01f-40bf-8890-b400d4e3d7f4:23847e4a-ccfc-4fab-a8ac-04c5fbe964c8,urn:openrag:openarchiver:attachment:008dce3b-7ebb-4336-b984-4999f54465b0,B.L-0-Ref-FERME-DE-POMMERIEUX--23847e4accfc.eml,MISE-A-JOUR-BASE-DE-DONNEES-DU-RESEAU-BIO--0d8abfb65cc0--FICHE-RESEAU-BIO--008dce3b7ebb.pdf,openarchiver,PDF,2018-06,2018,STRONG,SAME_PARENT_COLLECTION|SAME_SOURCE_SYSTEM,same explicitly asserted parent collection; same observed source system,,
urn:openrag:openarchiver:email:9e325a3e-b01f-40bf-8890-b400d4e3d7f4:23847e4a-ccfc-4fab-a8ac-04c5fbe964c8,urn:openrag:openarchiver:attachment:009db5c2-2e18-4aaf-a0b5-fc79550d2c5b,B.L-0-Ref-FERME-DE-POMMERIEUX--23847e4accfc.eml,factures-client-2012-2013--5aeb8645ef40--factures-client-wisearch--009db5c22e18.pdf,openarchiver,PDF,,,STRONG,SAME_PARENT_COLLECTION|SAME_SOURCE_SYSTEM,same explicitly asserted parent collection; same observed source system,,
urn:openrag:openarchiver:email:9e325a3e-b01f-40bf-8890-b400d4e3d7f4:23847e4a-ccfc-4fab-a8ac-04c5fbe964c8,urn:openrag:openarchiver:attachment:00a5868a-1e63-47f2-a12a-dd86665e5ceb,B.L-0-Ref-FERME-DE-POMMERIEUX--23847e4accfc.eml,Info-Flash-Pissier-n4--90ea458b6f66--Newsletter-n4-avril-25--00a5868a1e63.pdf,openarchiver,PDF,2025-04,2025,STRONG,SAME_PARENT_COLLECTION|SAME_SOURCE_SYSTEM,same explicitly asserted parent collection; same observed source system,,
urn:openrag:openarchiver:email:9e325a3e-b01f-40bf-8890-b400d4e3d7f4:23847e4a-ccfc-4fab-a8ac-04c5fbe964c8,urn:openrag:openarchiver:attachment:00a5c5cc-7075-4223-85f7-3d3d2efd987c,B.L-0-Ref-FERME-DE-POMMERIEUX--23847e4accfc.eml,Prophylaxie-et-rapport-laboratoire--e63de0186eda--FERME-DE-POMMERIEUX-230625_1--00a5c5cc7075.pdf,openarchiver,PDF,2025-06,2025,STRONG,SAME_PARENT_COLLECTION|SAME_SOURCE_SYSTEM,same explicitly asserted parent collection; same observed source system,,
urn:openrag:openarchiver:email:9e325a3e-b01f-40bf-8890-b400d4e3d7f4:23847e4a-ccfc-4fab-a8ac-04c5fbe964c8,urn:openrag:openarchiver:attachment:00a9f05d-eaa8-49e0-9533-6a035b4cdb46,B.L-0-Ref-FERME-DE-POMMERIEUX--23847e4accfc.eml,Votre-facture-Dyson-6231993651--a1bc1668b854--Votre-facture-Dyson-6231993651--00a9f05deaa8.pdf,openarchiver,PDF,2021-02,2021,STRONG,SAME_PARENT_COLLECTION|SAME_SOURCE_SYSTEM,same explicitly asserted parent collection; same observed source system,,
urn:openrag:openarchiver:email:9e325a3e-b01f-40bf-8890-b400d4e3d7f4:23847e4a-ccfc-4fab-a8ac-04c5fbe964c8,urn:openrag:openarchiver:attachment:00add6b5-e8be-4d00-b7ad-f1ec1a38f766,B.L-0-Ref-FERME-DE-POMMERIEUX--23847e4accfc.eml,Preparez-votre-moisson--9b13cbd85568--Guide-Moisson-BARBARY--00add6b5e8be.pdf,openarchiver,PDF,2020-06,2020,STRONG,SAME_PARENT_COLLECTION|SAME_SOURCE_SYSTEM,same explicitly asserted parent collection; same observed source system,,
urn:openrag:openarchiver:email:9e325a3e-b01f-40bf-8890-b400d4e3d7f4:23847e4a-ccfc-4fab-a8ac-04c5fbe964c8,urn:openrag:openarchiver:attachment:00aebf5b-e639-4a83-acff-063ad194e599,B.L-0-Ref-FERME-DE-POMMERIEUX--23847e4accfc.eml,Dossier-6218964--3db2ea6b6d82--Dommages-electriques-four-MW--00aebf5be639.pdf,openarchiver,PDF,2019-01,2019,STRONG,SAME_PARENT_COLLECTION|SAME_SOURCE_SYSTEM,same explicitly asserted parent collection; same observed source system,,
urn:openrag:openarchiver:email:9e325a3e-b01f-40bf-8890-b400d4e3d7f4:23847e4a-ccfc-4fab-a8ac-04c5fbe964c8,urn:openrag:openarchiver:attachment:00b06643-98fa-4aca-a127-16954fabb4c6,B.L-0-Ref-FERME-DE-POMMERIEUX--23847e4accfc.eml,EARL-FERME-DE-POMMERIEUX-courrier-TVA-1er-trimestre-2016--20c9f1e48b72--FDP-Factures0076--00b0664398fa.pdf,openarchiver,PDF,,,STRONG,SAME_PARENT_COLLECTION|SAME_SOURCE_SYSTEM,same explicitly asserted parent collection; same observed source system,,
urn:openrag:openarchiver:email:9e325a3e-b01f-40bf-8890-b400d4e3d7f4:23847e4a-ccfc-4fab-a8ac-04c5fbe964c8,urn:openrag:openarchiver:attachment:00b67f4d-f21a-49b5-8866-9a9a060069e3,B.L-0-Ref-FERME-DE-POMMERIEUX--23847e4accfc.eml,Re-GRAND-LIVRE-GENERAL-FERME-POMMERIEUX--e7c297eef00b--Grand-livre-general-copie--00b67f4df21a.pdf,openarchiver,PDF,,,STRONG,SAME_PARENT_COLLECTION|SAME_SOURCE_SYSTEM,same explicitly asserted parent collection; same observed source system,,
urn:openrag:local-file:cdb4ee2aea69cc6a83331bbe96dc2caa9a299d21329efb0336fc02a82e1839a8:a1617142dc397aae16b6d80334dd516b8b2a197f57f57c8a807ebf314c5d8be9,urn:openrag:local-file:cdb4ee2aea69cc6a83331bbe96dc2caa9a299d21329efb0336fc02a82e1839a8:00b97514464d58c22aff3cdb7c2d0ac960ffa2a2e70d4e16eb9afeb07a9d59ee,Solognotexcf.png,LRAR-portail.pdf,local,PDF,,,STRONG,SAME_PARENT_COLLECTION|COMPATIBLE_DOCUMENT_TYPES|SAME_SOURCE_SYSTEM|SAME_MIME_TYPE,same explicitly asserted parent collection; compatible technical format families; same observed source system; same technical MIME type,,
urn:openrag:local-file:cdb4ee2aea69cc6a83331bbe96dc2caa9a299d21329efb0336fc02a82e1839a8:a1617142dc397aae16b6d80334dd516b8b2a197f57f57c8a807ebf314c5d8be9,urn:openrag:local-file:cdb4ee2aea69cc6a83331bbe96dc2caa9a299d21329efb0336fc02a82e1839a8:0130c42e381d3a3304b318e640416fbad427aecf9d95f7cd34cf92b26b3e114a,Solognotexcf.png,Identification 2021.xlsx,local,XLSX,2021-04,2021,STRONG,SAME_PARENT_COLLECTION|SAME_SOURCE_SYSTEM,same explicitly asserted parent collection; same observed source system,,
urn:openrag:local-file:cdb4ee2aea69cc6a83331bbe96dc2caa9a299d21329efb0336fc02a82e1839a8:a1617142dc397aae16b6d80334dd516b8b2a197f57f57c8a807ebf314c5d8be9,urn:openrag:local-file:cdb4ee2aea69cc6a83331bbe96dc2caa9a299d21329efb0336fc02a82e1839a8:020a20296a89771bbcc8a90c2edd96d5d4400728469f9d4e05caaea34d0a5f76,Solognotexcf.png,Cession de parts.pdf,local,PDF,,,STRONG,SAME_PARENT_COLLECTION|COMPATIBLE_DOCUMENT_TYPES|SAME_SOURCE_SYSTEM|SAME_MIME_TYPE,same explicitly asserted parent collection; compatible technical format families; same observed source system; same technical MIME type,,
urn:openrag:local-file:cdb4ee2aea69cc6a83331bbe96dc2caa9a299d21329efb0336fc02a82e1839a8:a1617142dc397aae16b6d80334dd516b8b2a197f57f57c8a807ebf314c5d8be9,urn:openrag:local-file:cdb4ee2aea69cc6a83331bbe96dc2caa9a299d21329efb0336fc02a82e1839a8:020b92c63b48c17d08ac62e6c79b47e2e9298446b8c19cd6094ab4735a0aa1c5,Solognotexcf.png,Expertise foncière SCI Pommerieux 2018 - copie.pdf,local,PDF,,,STRONG,SAME_PARENT_COLLECTION|COMPATIBLE_DOCUMENT_TYPES|SAME_SOURCE_SYSTEM|SAME_MIME_TYPE,same explicitly asserted parent collection; compatible technical format families; same observed source system; same technical MIME type,,
urn:openrag:local-file:cdb4ee2aea69cc6a83331bbe96dc2caa9a299d21329efb0336fc02a82e1839a8:a1617142dc397aae16b6d80334dd516b8b2a197f57f57c8a807ebf314c5d8be9,urn:openrag:local-file:cdb4ee2aea69cc6a83331bbe96dc2caa9a299d21329efb0336fc02a82e1839a8:02159cc475164ddd03ca69329550c3b47e5b3c0618b5b41d3c9c66a1dc11ebce,Solognotexcf.png,EARL FDP STATUTS modifiés au 07.05.docx,local,DOCX,2013-05,2013,STRONG,SAME_PARENT_COLLECTION|SAME_SOURCE_SYSTEM,same explicitly asserted parent collection; same observed source system,,
urn:openrag:local-file:cdb4ee2aea69cc6a83331bbe96dc2caa9a299d21329efb0336fc02a82e1839a8:a1617142dc397aae16b6d80334dd516b8b2a197f57f57c8a807ebf314c5d8be9,urn:openrag:local-file:cdb4ee2aea69cc6a83331bbe96dc2caa9a299d21329efb0336fc02a82e1839a8:02671c207e52e670959731a09129ea43c39c369044b82a952fc298bf93fb1efa,Solognotexcf.png,Lettre au préfet - demande absence autorisation de coupe 5.docx,local,DOCX,2020-05,2020,STRONG,SAME_PARENT_COLLECTION|SAME_SOURCE_SYSTEM,same explicitly asserted parent collection; same observed source system,,
urn:openrag:local-file:cdb4ee2aea69cc6a83331bbe96dc2caa9a299d21329efb0336fc02a82e1839a8:a1617142dc397aae16b6d80334dd516b8b2a197f57f57c8a807ebf314c5d8be9,urn:openrag:local-file:cdb4ee2aea69cc6a83331bbe96dc2caa9a299d21329efb0336fc02a82e1839a8:05196a556e506d187d5e7b1bf00887fd1830e9bf946d5a5718d2ebc99786c090,Solognotexcf.png,Lettre au préfet.pdf,local,PDF,2018-11,2018,STRONG,SAME_PARENT_COLLECTION|COMPATIBLE_DOCUMENT_TYPES|SAME_SOURCE_SYSTEM|SAME_MIME_TYPE,same explicitly asserted parent collection; compatible technical format families; same observed source system; same technical MIME type,,
urn:openrag:local-file:cdb4ee2aea69cc6a83331bbe96dc2caa9a299d21329efb0336fc02a82e1839a8:a1617142dc397aae16b6d80334dd516b8b2a197f57f57c8a807ebf314c5d8be9,urn:openrag:local-file:cdb4ee2aea69cc6a83331bbe96dc2caa9a299d21329efb0336fc02a82e1839a8:0662812ab4615ee8ee6deccbd37893fabff681df7c7f33e8dbaf362ea2259e8b,Solognotexcf.png,Microsoft Word - Cession de parts sociales.doc - copie.pdf,local,PDF,,,STRONG,SAME_PARENT_COLLECTION|COMPATIBLE_DOCUMENT_TYPES|SAME_SOURCE_SYSTEM|SAME_MIME_TYPE,same explicitly asserted parent collection; compatible technical format families; same observed source system; same technical MIME type,,
urn:openrag:local-file:cdb4ee2aea69cc6a83331bbe96dc2caa9a299d21329efb0336fc02a82e1839a8:a1617142dc397aae16b6d80334dd516b8b2a197f57f57c8a807ebf314c5d8be9,urn:openrag:local-file:cdb4ee2aea69cc6a83331bbe96dc2caa9a299d21329efb0336fc02a82e1839a8:06d96f783df1dcd536d65a693e79abf65a7d053d77bd1d6d473cdb4d99eb37ed,Solognotexcf.png,Clause meilleure fortune.docx,local,DOCX,2023-07,2023,STRONG,SAME_PARENT_COLLECTION|SAME_SOURCE_SYSTEM,same explicitly asserted parent collection; same observed source system,,
urn:openrag:local-file:cdb4ee2aea69cc6a83331bbe96dc2caa9a299d21329efb0336fc02a82e1839a8:a1617142dc397aae16b6d80334dd516b8b2a197f57f57c8a807ebf314c5d8be9,urn:openrag:local-file:cdb4ee2aea69cc6a83331bbe96dc2caa9a299d21329efb0336fc02a82e1839a8:06edaabcd4aff726985b5fe4fab039f49e1c3650b377efdd6d4957cea41f038d,Solognotexcf.png,adhesion_Contrôle_Performances - copie.pdf,local,PDF,,,STRONG,SAME_PARENT_COLLECTION|COMPATIBLE_DOCUMENT_TYPES|SAME_SOURCE_SYSTEM|SAME_MIME_TYPE,same explicitly asserted parent collection; compatible technical format families; same observed source system; same technical MIME type,,
urn:openrag:local-file:cdb4ee2aea69cc6a83331bbe96dc2caa9a299d21329efb0336fc02a82e1839a8:a1617142dc397aae16b6d80334dd516b8b2a197f57f57c8a807ebf314c5d8be9,urn:openrag:local-file:cdb4ee2aea69cc6a83331bbe96dc2caa9a299d21329efb0336fc02a82e1839a8:081fb25930e7b1f8c252a276476ecf8acc4f900a0b744da835355c7ae053f64e,Solognotexcf.png,Copie AGE 7 mai 2013 EARL Ferme de Pommerieux.pdf,local,PDF,,,STRONG,SAME_PARENT_COLLECTION|COMPATIBLE_DOCUMENT_TYPES|SAME_SOURCE_SYSTEM|SAME_MIME_TYPE,same explicitly asserted parent collection; compatible technical format families; same observed source system; same technical MIME type,,
urn:openrag:local-file:cdb4ee2aea69cc6a83331bbe96dc2caa9a299d21329efb0336fc02a82e1839a8:a1617142dc397aae16b6d80334dd516b8b2a197f57f57c8a807ebf314c5d8be9,urn:openrag:local-file:cdb4ee2aea69cc6a83331bbe96dc2caa9a299d21329efb0336fc02a82e1839a8:0829ffa10290238a9226842a908357ed7bf19e27cdc1e94200841add95b182b0,Solognotexcf.png,Proposition orientation schema de sélection.pdf,local,PDF,2026-03,2026,STRONG,SAME_PARENT_COLLECTION|COMPATIBLE_DOCUMENT_TYPES|SAME_SOURCE_SYSTEM|SAME_MIME_TYPE,same explicitly asserted parent collection; compatible technical format families; same observed source system; same technical MIME type,,
urn:openrag:local-file:cdb4ee2aea69cc6a83331bbe96dc2caa9a299d21329efb0336fc02a82e1839a8:a1617142dc397aae16b6d80334dd516b8b2a197f57f57c8a807ebf314c5d8be9,urn:openrag:local-file:cdb4ee2aea69cc6a83331bbe96dc2caa9a299d21329efb0336fc02a82e1839a8:0841790878ff81dfaa1abede45314aa071d8d377f57a8901b6dff77fe6d70c2d,Solognotexcf.png,Donation 2009 Pommerieux LEGUEU CATHERINE.pdf,local,PDF,2011-11,2011,STRONG,SAME_PARENT_COLLECTION|COMPATIBLE_DOCUMENT_TYPES|SAME_SOURCE_SYSTEM|SAME_MIME_TYPE,same explicitly asserted parent collection; compatible technical format families; same observed source system; same technical MIME type,,
urn:openrag:local-file:cdb4ee2aea69cc6a83331bbe96dc2caa9a299d21329efb0336fc02a82e1839a8:a1617142dc397aae16b6d80334dd516b8b2a197f57f57c8a807ebf314c5d8be9,urn:openrag:local-file:cdb4ee2aea69cc6a83331bbe96dc2caa9a299d21329efb0336fc02a82e1839a8:09582f873dc37123e97c9248c2273ac24667e89af60029e704e63be5127b61e9,Solognotexcf.png,Bail 2019_11012022152407.PDF,local,PDF,2022-01,2022,STRONG,SAME_PARENT_COLLECTION|COMPATIBLE_DOCUMENT_TYPES|SAME_SOURCE_SYSTEM|SAME_MIME_TYPE,same explicitly asserted parent collection; compatible technical format families; same observed source system; same technical MIME type,,
urn:openrag:local-file:cdb4ee2aea69cc6a83331bbe96dc2caa9a299d21329efb0336fc02a82e1839a8:a1617142dc397aae16b6d80334dd516b8b2a197f57f57c8a807ebf314c5d8be9,urn:openrag:local-file:cdb4ee2aea69cc6a83331bbe96dc2caa9a299d21329efb0336fc02a82e1839a8:0aea491f65f2e4790480c8bd839b10e17e55f132386db66713208443227e141b,Solognotexcf.png,Anciennes surfaces pastorales-pour affichage.pdf,local,PDF,,,STRONG,SAME_PARENT_COLLECTION|COMPATIBLE_DOCUMENT_TYPES|SAME_SOURCE_SYSTEM|SAME_MIME_TYPE,same explicitly asserted parent collection; compatible technical format families; same observed source system; same technical MIME type,,
urn:openrag:local-file:cdb4ee2aea69cc6a83331bbe96dc2caa9a299d21329efb0336fc02a82e1839a8:a1617142dc397aae16b6d80334dd516b8b2a197f57f57c8a807ebf314c5d8be9,urn:openrag:local-file:cdb4ee2aea69cc6a83331bbe96dc2caa9a299d21329efb0336fc02a82e1839a8:0c691f15af86d056b48080985f6c5db443736da9cfbca4fcd514be68b4008ef8,Solognotexcf.png,Dossier_demande_permis_constuire_projet_agrivoltaïque_Nouan-le-fuzelier.pdf,local,PDF,2023-04,2023,STRONG,SAME_PARENT_COLLECTION|COMPATIBLE_DOCUMENT_TYPES|SAME_SOURCE_SYSTEM|SAME_MIME_TYPE,same explicitly asserted parent collection; compatible technical format families; same observed source system; same technical MIME type,,
urn:openrag:local-file:cdb4ee2aea69cc6a83331bbe96dc2caa9a299d21329efb0336fc02a82e1839a8:a1617142dc397aae16b6d80334dd516b8b2a197f57f57c8a807ebf314c5d8be9,urn:openrag:local-file:cdb4ee2aea69cc6a83331bbe96dc2caa9a299d21329efb0336fc02a82e1839a8:0cce478b50693b4434ff99811eb5ea262c1bf621142174f513553948c648eb8c,Solognotexcf.png,Valeur laitière et rusticité de la brebis Solognote -v1.3.docx,local,DOCX,2025-03,2025,STRONG,SAME_PARENT_COLLECTION|SAME_SOURCE_SYSTEM,same explicitly asserted parent collection; same observed source system,,
urn:openrag:local-file:cdb4ee2aea69cc6a83331bbe96dc2caa9a299d21329efb0336fc02a82e1839a8:a1617142dc397aae16b6d80334dd516b8b2a197f57f57c8a807ebf314c5d8be9,urn:openrag:local-file:cdb4ee2aea69cc6a83331bbe96dc2caa9a299d21329efb0336fc02a82e1839a8:0e2894ba6bd60370f657f8d958974bad42eb1d4c873e716f15845a2ce8921664,Solognotexcf.png,Copie de secours de MandatBVallee-Pommerieux.docx,local,DOCX,2019-09,2019,STRONG,SAME_PARENT_COLLECTION|SAME_SOURCE_SYSTEM,same explicitly asserted parent collection; same observed source system,,
urn:openrag:local-file:cdb4ee2aea69cc6a83331bbe96dc2caa9a299d21329efb0336fc02a82e1839a8:a1617142dc397aae16b6d80334dd516b8b2a197f57f57c8a807ebf314c5d8be9,urn:openrag:local-file:cdb4ee2aea69cc6a83331bbe96dc2caa9a299d21329efb0336fc02a82e1839a8:1010d0e83fef9be75fb1b32c22d55dcc382feb2e7d01b4c6a2ef332085640e92,Solognotexcf.png,bail environemental 2017 montevray.pdf,local,PDF,2025-04,2025,STRONG,SAME_PARENT_COLLECTION|COMPATIBLE_DOCUMENT_TYPES|SAME_SOURCE_SYSTEM|SAME_MIME_TYPE,same explicitly asserted parent collection; compatible technical format families; same observed source system; same technical MIME type,,
urn:openrag:local-file:cdb4ee2aea69cc6a83331bbe96dc2caa9a299d21329efb0336fc02a82e1839a8:a1617142dc397aae16b6d80334dd516b8b2a197f57f57c8a807ebf314c5d8be9,urn:openrag:local-file:cdb4ee2aea69cc6a83331bbe96dc2caa9a299d21329efb0336fc02a82e1839a8:101551817b966107a904f062185925293005e2f7ab13f302596ad2577a2b4081,Solognotexcf.png,316992 carnet solognotes 2023.xlsx,local,XLSX,2023-09,2023,STRONG,SAME_PARENT_COLLECTION|SAME_SOURCE_SYSTEM,same explicitly asserted parent collection; same observed source system,,
urn:openrag:local-file:cdb4ee2aea69cc6a83331bbe96dc2caa9a299d21329efb0336fc02a82e1839a8:a1617142dc397aae16b6d80334dd516b8b2a197f57f57c8a807ebf314c5d8be9,urn:openrag:local-file:cdb4ee2aea69cc6a83331bbe96dc2caa9a299d21329efb0336fc02a82e1839a8:11e6be9a5d205442206f20a80a0ffd522fcc4e01e1af8db8686f83652d9bf7d6,Solognotexcf.png,OVIGEN_Bordereau_echantillons_v0.6_TRAVAIL.xlsx,local,XLSX,2018-04,2018,STRONG,SAME_PARENT_COLLECTION|SAME_SOURCE_SYSTEM,same explicitly asserted parent collection; same observed source system,,
urn:openrag:local-file:cdb4ee2aea69cc6a83331bbe96dc2caa9a299d21329efb0336fc02a82e1839a8:a1617142dc397aae16b6d80334dd516b8b2a197f57f57c8a807ebf314c5d8be9,urn:openrag:local-file:cdb4ee2aea69cc6a83331bbe96dc2caa9a299d21329efb0336fc02a82e1839a8:1335d8a0b4815fc53401a99154c93af2d38afb4ffab2780ff48cc7fa24f61f4e,Solognotexcf.png,listing 2021.xlsx,local,XLSX,2020-02,2020,STRONG,SAME_PARENT_COLLECTION|SAME_SOURCE_SYSTEM,same explicitly asserted parent collection; same observed source system,,
urn:openrag:local-file:cdb4ee2aea69cc6a83331bbe96dc2caa9a299d21329efb0336fc02a82e1839a8:a1617142dc397aae16b6d80334dd516b8b2a197f57f57c8a807ebf314c5d8be9,urn:openrag:local-file:cdb4ee2aea69cc6a83331bbe96dc2caa9a299d21329efb0336fc02a82e1839a8:14423a5370d8a7bced56c9058c70a58e75aa3a3e108914e7db5161cd9da24e62,Solognotexcf.png,deboisement.docx,local,DOCX,2018-10,2018,STRONG,SAME_PARENT_COLLECTION|SAME_SOURCE_SYSTEM,same explicitly asserted parent collection; same observed source system,,
urn:openrag:local-file:cdb4ee2aea69cc6a83331bbe96dc2caa9a299d21329efb0336fc02a82e1839a8:a1617142dc397aae16b6d80334dd516b8b2a197f57f57c8a807ebf314c5d8be9,urn:openrag:local-file:cdb4ee2aea69cc6a83331bbe96dc2caa9a299d21329efb0336fc02a82e1839a8:14431209538f75b25a15bde831f5f4032d4115783fee571acf5329e273502d6a,Solognotexcf.png,AGOA 2014 EARL Ferme de Pommerieux.pdf,local,PDF,,,STRONG,SAME_PARENT_COLLECTION|COMPATIBLE_DOCUMENT_TYPES|SAME_SOURCE_SYSTEM|SAME_MIME_TYPE,same explicitly asserted parent collection; compatible technical format families; same observed source system; same technical MIME type,,
urn:openrag:openarchiver:attachment:501cd4b6-9899-419c-8247-7214c1b3426b,urn:openrag:openarchiver:attachment:0027f0eb-90fd-49cc-8790-a60ec4e6059a,Votre-derni-re-facture-Bouygues-Telecom-est-disponible--052c2e1e79d8--NotificationFacture--501cd4b69899.html,Gamme-fruitiers-Pepiniere-Charge--154603e29102--GAMME-FRUITIERS-COMPLETE-Charge--0027f0eb90fd.docx,openarchiver,DOCX,2015-12,2015,STRONG,SAME_PARENT_COLLECTION|SAME_SOURCE_SYSTEM,same explicitly asserted parent collection; same observed source system,,
urn:openrag:openarchiver:attachment:501cd4b6-9899-419c-8247-7214c1b3426b,urn:openrag:openarchiver:attachment:0048cd42-93d2-497e-a987-c3d55fee4a8a,Votre-derni-re-facture-Bouygues-Telecom-est-disponible--052c2e1e79d8--NotificationFacture--501cd4b69899.html,LLA-CHVE-de-Livet-Elements-demandes--a847c9f45161--Grands-livres-Formations-du-01012022-au-30092022--0048cd4293d2.pdf,openarchiver,PDF,2023-11,2023,STRONG,SAME_PARENT_COLLECTION|SAME_SOURCE_SYSTEM,same explicitly asserted parent collection; same observed source system,,
urn:openrag:openarchiver:attachment:501cd4b6-9899-419c-8247-7214c1b3426b,urn:openrag:openarchiver:attachment:0078f47f-6470-449f-be65-3d67ec757cee,Votre-derni-re-facture-Bouygues-Telecom-est-disponible--052c2e1e79d8--NotificationFacture--501cd4b69899.html,CHEQUES-US-BNAKCORP--2a997cee6146--4077_001--0078f47f6470.pdf,openarchiver,PDF,2019-10,2019,STRONG,SAME_PARENT_COLLECTION|SAME_SOURCE_SYSTEM,same explicitly asserted parent collection; same observed source system,,
urn:openrag:openarchiver:attachment:501cd4b6-9899-419c-8247-7214c1b3426b,urn:openrag:openarchiver:attachment:008c8390-866b-47ac-89f2-c9d1753121ee,Votre-derni-re-facture-Bouygues-Telecom-est-disponible--052c2e1e79d8--NotificationFacture--501cd4b69899.html,TR-enquete-RELANCE--168340802d70--20190612105407271--008c8390866b.pdf,openarchiver,PDF,2019-06,2019,STRONG,SAME_PARENT_COLLECTION|SAME_SOURCE_SYSTEM,same explicitly asserted parent collection; same observed source system,,
urn:openrag:openarchiver:attachment:501cd4b6-9899-419c-8247-7214c1b3426b,urn:openrag:openarchiver:attachment:00b4a859-6674-43df-bc52-89f8ad850146,Votre-derni-re-facture-Bouygues-Telecom-est-disponible--052c2e1e79d8--NotificationFacture--501cd4b69899.html,cerfa-pour-agrement-CEA--83afe015fd9c--cerfa_14906-02--00b4a8596674.pdf,openarchiver,PDF,2013-06,2013,STRONG,SAME_PARENT_COLLECTION|SAME_SOURCE_SYSTEM,same explicitly asserted parent collection; same observed source system,,
urn:openrag:openarchiver:attachment:501cd4b6-9899-419c-8247-7214c1b3426b,urn:openrag:openarchiver:attachment:00c867de-5595-4cca-9cc7-c81294a1d170,Votre-derni-re-facture-Bouygues-Telecom-est-disponible--052c2e1e79d8--NotificationFacture--501cd4b69899.html,mail--daa579f1b941--1424976504402.pdf0Y--00c867de5595.pdf,openarchiver,PDF,2015-02,2015,STRONG,SAME_PARENT_COLLECTION|SAME_SOURCE_SYSTEM,same explicitly asserted parent collection; same observed source system,,
urn:openrag:openarchiver:attachment:501cd4b6-9899-419c-8247-7214c1b3426b,urn:openrag:openarchiver:attachment:00c9c750-9290-431c-a719-b35d704091bd,Votre-derni-re-facture-Bouygues-Telecom-est-disponible--052c2e1e79d8--NotificationFacture--501cd4b69899.html,mail--5ecf6dafa1ba--1424975115866.pdf0YO--00c9c7509290.pdf,openarchiver,PDF,2015-02,2015,STRONG,SAME_PARENT_COLLECTION|SAME_SOURCE_SYSTEM,same explicitly asserted parent collection; same observed source system,,
urn:openrag:openarchiver:attachment:501cd4b6-9899-419c-8247-7214c1b3426b,urn:openrag:openarchiver:attachment:00caa958-3969-4449-aac9-82dc3d65bcea,Votre-derni-re-facture-Bouygues-Telecom-est-disponible--052c2e1e79d8--NotificationFacture--501cd4b69899.html,Votre-facture--d01870e83f67--Facture_462647--00caa9583969.pdf,openarchiver,PDF,2023-09,2023,STRONG,SAME_PARENT_COLLECTION|SAME_SOURCE_SYSTEM,same explicitly asserted parent collection; same observed source system,,
urn:openrag:openarchiver:attachment:501cd4b6-9899-419c-8247-7214c1b3426b,urn:openrag:openarchiver:attachment:00ef501d-9b58-4e5e-b3a1-b1f380a19bfd,Votre-derni-re-facture-Bouygues-Telecom-est-disponible--052c2e1e79d8--NotificationFacture--501cd4b69899.html,TR-cadavres-2019--29b444c5da52--2789f22b-ad5b-4524-9a91-51806581700a--00ef501d9b58.pdf,openarchiver,PDF,2019-04,2019,STRONG,SAME_PARENT_COLLECTION|SAME_SOURCE_SYSTEM,same explicitly asserted parent collection; same observed source system,,
urn:openrag:openarchiver:attachment:501cd4b6-9899-419c-8247-7214c1b3426b,urn:openrag:openarchiver:attachment:00f95943-2f00-451c-946e-9e9c3e83f32a,Votre-derni-re-facture-Bouygues-Telecom-est-disponible--052c2e1e79d8--NotificationFacture--501cd4b69899.html,Releves-de-compte-societe--5790b928cc02--Releve-06--00f959432f00.pdf,openarchiver,PDF,,,STRONG,SAME_PARENT_COLLECTION|SAME_SOURCE_SYSTEM,same explicitly asserted parent collection; same observed source system,,
urn:openrag:openarchiver:attachment:501cd4b6-9899-419c-8247-7214c1b3426b,urn:openrag:openarchiver:attachment:0123363a-f8ee-4c07-92bf-b7b035df7cf1,Votre-derni-re-facture-Bouygues-Telecom-est-disponible--052c2e1e79d8--NotificationFacture--501cd4b69899.html,Suite-demande--122c407ece16--20131014-Devis-2NUM1-WISEARCH--0123363af8ee.pdf,openarchiver,PDF,2013-10,2013,STRONG,SAME_PARENT_COLLECTION|SAME_SOURCE_SYSTEM,same explicitly asserted parent collection; same observed source system,,
urn:openrag:openarchiver:attachment:501cd4b6-9899-419c-8247-7214c1b3426b,urn:openrag:openarchiver:attachment:013bb607-ff85-43af-a274-8c53cf1b7e49,Votre-derni-re-facture-Bouygues-Telecom-est-disponible--052c2e1e79d8--NotificationFacture--501cd4b69899.html,mail--dbc67780be4d--1487674416111--013bb607ff85.pdf,openarchiver,PDF,2017-02,2017,STRONG,SAME_PARENT_COLLECTION|SAME_SOURCE_SYSTEM,same explicitly asserted parent collection; same observed source system,,
urn:openrag:openarchiver:attachment:501cd4b6-9899-419c-8247-7214c1b3426b,urn:openrag:openarchiver:attachment:0163696b-0bae-42c2-a5ad-6b1e636ed45a,Votre-derni-re-facture-Bouygues-Telecom-est-disponible--052c2e1e79d8--NotificationFacture--501cd4b69899.html,TR-HRS-CM-2021--79ce5df92876--scan25042022--0163696b0bae.pdf,openarchiver,PDF,2022-04,2022,STRONG,SAME_PARENT_COLLECTION|SAME_SOURCE_SYSTEM,same explicitly asserted parent collection; same observed source system,,
urn:openrag:openarchiver:attachment:501cd4b6-9899-419c-8247-7214c1b3426b,urn:openrag:openarchiver:attachment:017e1c3f-0147-41a0-a693-bc90392af43a,Votre-derni-re-facture-Bouygues-Telecom-est-disponible--052c2e1e79d8--NotificationFacture--501cd4b69899.html,SARL-WISEARCH-CIPAV--18480ab87f01--CI20120353820374-3--017e1c3f0147.pdf,openarchiver,PDF,2014-01,2014,STRONG,SAME_PARENT_COLLECTION|SAME_SOURCE_SYSTEM,same explicitly asserted parent collection; same observed source system,,
urn:openrag:openarchiver:attachment:501cd4b6-9899-419c-8247-7214c1b3426b,urn:openrag:openarchiver:attachment:019eea0c-4135-4cf1-8a95-e9dc2de11427,Votre-derni-re-facture-Bouygues-Telecom-est-disponible--052c2e1e79d8--NotificationFacture--501cd4b69899.html,Duplicatas-factures-releve-de-compte--1c142d666079--023424-FERME-DE-POMMERIEUX--019eea0c4135.pdf,openarchiver,PDF,2015-04,2015,STRONG,SAME_PARENT_COLLECTION|SAME_SOURCE_SYSTEM,same explicitly asserted parent collection; same observed source system,,
urn:openrag:openarchiver:attachment:501cd4b6-9899-419c-8247-7214c1b3426b,urn:openrag:openarchiver:attachment:01a7d3c9-3537-4636-a65e-816bbd3c9321,Votre-derni-re-facture-Bouygues-Telecom-est-disponible--052c2e1e79d8--NotificationFacture--501cd4b69899.html,Transfert-activite-professionnelle-752676890-00029--67ca56887199--Questionnaire-activie-professionnelle--01a7d3c93537.pdf,openarchiver,PDF,,,STRONG,SAME_PARENT_COLLECTION|SAME_SOURCE_SYSTEM,same explicitly asserted parent collection; same observed source system,,
urn:openrag:openarchiver:attachment:501cd4b6-9899-419c-8247-7214c1b3426b,urn:openrag:openarchiver:attachment:01b2435d-d361-48fb-a6d5-ef8e4a769499,Votre-derni-re-facture-Bouygues-Telecom-est-disponible--052c2e1e79d8--NotificationFacture--501cd4b69899.html,Pommerieux-Scans--10a9671af753--Xerox-Scan_06022024104558--01b2435dd361.pdf,openarchiver,PDF,2024-02,2024,STRONG,SAME_PARENT_COLLECTION|SAME_SOURCE_SYSTEM,same explicitly asserted parent collection; same observed source system,,
urn:openrag:openarchiver:attachment:501cd4b6-9899-419c-8247-7214c1b3426b,urn:openrag:openarchiver:attachment:01b29798-daaa-4802-b3b0-137a971216d6,Votre-derni-re-facture-Bouygues-Telecom-est-disponible--052c2e1e79d8--NotificationFacture--501cd4b69899.html,Envoi-dun-message-023424-Alliance-Dossier-de-Gestion-Visa-Fiscal-Grand-livre-general--23d483d734d8--023424-Alliance-Dossier-de-Gestion-Visa-Fiscal--01b29798daaa.pdf,openarchiver,PDF,2018-05,2018,STRONG,SAME_PARENT_COLLECTION|SAME_SOURCE_SYSTEM,same explicitly asserted parent collection; same observed source system,,
urn:openrag:openarchiver:attachment:501cd4b6-9899-419c-8247-7214c1b3426b,urn:openrag:openarchiver:attachment:01b5316a-99f6-4f98-8bd0-a1682b1a1df1,Votre-derni-re-facture-Bouygues-Telecom-est-disponible--052c2e1e79d8--NotificationFacture--501cd4b69899.html,TR-cadavres-2019--29b444c5da52--d61b1139-659d-4902-b7de-913116421c84--01b5316a99f6.pdf,openarchiver,PDF,2019-06,2019,STRONG,SAME_PARENT_COLLECTION|SAME_SOURCE_SYSTEM,same explicitly asserted parent collection; same observed source system,,
urn:openrag:openarchiver:attachment:501cd4b6-9899-419c-8247-7214c1b3426b,urn:openrag:openarchiver:attachment:01d2c651-e514-4a11-a0f0-a6aeb8975459,Votre-derni-re-facture-Bouygues-Telecom-est-disponible--052c2e1e79d8--NotificationFacture--501cd4b69899.html,Votre-Fast-check-out-a-Novotel-Deauville-Plage-F--5844cc620600--FACTURE_HB4Q8_BIL_70567_70567--01d2c651e514.pdf,openarchiver,PDF,2015-11,2015,STRONG,SAME_PARENT_COLLECTION|SAME_SOURCE_SYSTEM,same explicitly asserted parent collection; same observed source system,,
urn:openrag:openarchiver:attachment:501cd4b6-9899-419c-8247-7214c1b3426b,urn:openrag:openarchiver:attachment:01db80e1-fd34-4a9a-b3e8-5f5448b1f428,Votre-derni-re-facture-Bouygues-Telecom-est-disponible--052c2e1e79d8--NotificationFacture--501cd4b69899.html,Re-SOCIAL-CABL-INOV--cf3e914fe170--CII-et-CIR-2014-PUB--01db80e1fd34.xlsx,openarchiver,XLSX,2015-06,2015,STRONG,SAME_PARENT_COLLECTION|SAME_SOURCE_SYSTEM,same explicitly asserted parent collection; same observed source system,,
urn:openrag:openarchiver:attachment:501cd4b6-9899-419c-8247-7214c1b3426b,urn:openrag:openarchiver:attachment:01ddc72b-8f76-41bc-bc71-61f48e5acc7f,Votre-derni-re-facture-Bouygues-Telecom-est-disponible--052c2e1e79d8--NotificationFacture--501cd4b69899.html,Convention-de-prestation-wisearch-pour-le-CIR-2011--c249d9439613--signature--01ddc72b8f76.asc,openarchiver,TXT,,,STRONG,SAME_PARENT_COLLECTION|SAME_SOURCE_SYSTEM,same explicitly asserted parent collection; same observed source system,,
urn:openrag:openarchiver:attachment:501cd4b6-9899-419c-8247-7214c1b3426b,urn:openrag:openarchiver:attachment:01e42eb5-d953-4e9e-9c8c-463d6aacf510,Votre-derni-re-facture-Bouygues-Telecom-est-disponible--052c2e1e79d8--NotificationFacture--501cd4b69899.html,Avis-de-reception-de-votre-lettre-recommandee-87500123245599--202021968e16--87500123245599_ARN--01e42eb5d953.pdf,openarchiver,PDF,2025-06,2025,STRONG,SAME_PARENT_COLLECTION|SAME_SOURCE_SYSTEM,same explicitly asserted parent collection; same observed source system,,
urn:openrag:openarchiver:attachment:501cd4b6-9899-419c-8247-7214c1b3426b,urn:openrag:openarchiver:attachment:01e9deed-9530-4746-9815-a3b6482e7d1b,Votre-derni-re-facture-Bouygues-Telecom-est-disponible--052c2e1e79d8--NotificationFacture--501cd4b69899.html,Lettre-du-dossier-410916810-No-Sinistre-20-0098610-Immatriculation-DD-792-CE--7881cdec915e--410916810_626936--01e9deed9530.pdf,openarchiver,PDF,2020-10,2020,STRONG,SAME_PARENT_COLLECTION|SAME_SOURCE_SYSTEM,same explicitly asserted parent collection; same observed source system,,
urn:openrag:openarchiver:attachment:5de3dfe4-5f54-416c-8081-7052fc6c1ff8,urn:openrag:openarchiver:attachment:0027f0eb-90fd-49cc-8790-a60ec4e6059a,Confirmation-RDV-17-02-11h--6f3c30324426--signature--5de3dfe45f54.asc,Gamme-fruitiers-Pepiniere-Charge--154603e29102--GAMME-FRUITIERS-COMPLETE-Charge--0027f0eb90fd.docx,openarchiver,DOCX,2015-12,2015,STRONG,SAME_PARENT_COLLECTION|SAME_SOURCE_SYSTEM,same explicitly asserted parent collection; same observed source system,,
urn:openrag:openarchiver:attachment:5de3dfe4-5f54-416c-8081-7052fc6c1ff8,urn:openrag:openarchiver:attachment:0048cd42-93d2-497e-a987-c3d55fee4a8a,Confirmation-RDV-17-02-11h--6f3c30324426--signature--5de3dfe45f54.asc,LLA-CHVE-de-Livet-Elements-demandes--a847c9f45161--Grands-livres-Formations-du-01012022-au-30092022--0048cd4293d2.pdf,openarchiver,PDF,2023-11,2023,STRONG,SAME_PARENT_COLLECTION|SAME_SOURCE_SYSTEM,same explicitly asserted parent collection; same observed source system,,
urn:openrag:openarchiver:attachment:5de3dfe4-5f54-416c-8081-7052fc6c1ff8,urn:openrag:openarchiver:attachment:0078f47f-6470-449f-be65-3d67ec757cee,Confirmation-RDV-17-02-11h--6f3c30324426--signature--5de3dfe45f54.asc,CHEQUES-US-BNAKCORP--2a997cee6146--4077_001--0078f47f6470.pdf,openarchiver,PDF,2019-10,2019,STRONG,SAME_PARENT_COLLECTION|SAME_SOURCE_SYSTEM,same explicitly asserted parent collection; same observed source system,,
urn:openrag:openarchiver:attachment:5de3dfe4-5f54-416c-8081-7052fc6c1ff8,urn:openrag:openarchiver:attachment:008c8390-866b-47ac-89f2-c9d1753121ee,Confirmation-RDV-17-02-11h--6f3c30324426--signature--5de3dfe45f54.asc,TR-enquete-RELANCE--168340802d70--20190612105407271--008c8390866b.pdf,openarchiver,PDF,2019-06,2019,STRONG,SAME_PARENT_COLLECTION|SAME_SOURCE_SYSTEM,same explicitly asserted parent collection; same observed source system,,
urn:openrag:openarchiver:attachment:5de3dfe4-5f54-416c-8081-7052fc6c1ff8,urn:openrag:openarchiver:attachment:00b4a859-6674-43df-bc52-89f8ad850146,Confirmation-RDV-17-02-11h--6f3c30324426--signature--5de3dfe45f54.asc,cerfa-pour-agrement-CEA--83afe015fd9c--cerfa_14906-02--00b4a8596674.pdf,openarchiver,PDF,2013-06,2013,STRONG,SAME_PARENT_COLLECTION|SAME_SOURCE_SYSTEM,same explicitly asserted parent collection; same observed source system,,
urn:openrag:openarchiver:attachment:5de3dfe4-5f54-416c-8081-7052fc6c1ff8,urn:openrag:openarchiver:attachment:00c867de-5595-4cca-9cc7-c81294a1d170,Confirmation-RDV-17-02-11h--6f3c30324426--signature--5de3dfe45f54.asc,mail--daa579f1b941--1424976504402.pdf0Y--00c867de5595.pdf,openarchiver,PDF,2015-02,2015,STRONG,SAME_PARENT_COLLECTION|SAME_SOURCE_SYSTEM,same explicitly asserted parent collection; same observed source system,,
urn:openrag:openarchiver:attachment:5de3dfe4-5f54-416c-8081-7052fc6c1ff8,urn:openrag:openarchiver:attachment:00c9c750-9290-431c-a719-b35d704091bd,Confirmation-RDV-17-02-11h--6f3c30324426--signature--5de3dfe45f54.asc,mail--5ecf6dafa1ba--1424975115866.pdf0YO--00c9c7509290.pdf,openarchiver,PDF,2015-02,2015,STRONG,SAME_PARENT_COLLECTION|SAME_SOURCE_SYSTEM,same explicitly asserted parent collection; same observed source system,,
urn:openrag:openarchiver:attachment:5de3dfe4-5f54-416c-8081-7052fc6c1ff8,urn:openrag:openarchiver:attachment:00caa958-3969-4449-aac9-82dc3d65bcea,Confirmation-RDV-17-02-11h--6f3c30324426--signature--5de3dfe45f54.asc,Votre-facture--d01870e83f67--Facture_462647--00caa9583969.pdf,openarchiver,PDF,2023-09,2023,STRONG,SAME_PARENT_COLLECTION|SAME_SOURCE_SYSTEM,same explicitly asserted parent collection; same observed source system,,
urn:openrag:openarchiver:attachment:5de3dfe4-5f54-416c-8081-7052fc6c1ff8,urn:openrag:openarchiver:attachment:00ef501d-9b58-4e5e-b3a1-b1f380a19bfd,Confirmation-RDV-17-02-11h--6f3c30324426--signature--5de3dfe45f54.asc,TR-cadavres-2019--29b444c5da52--2789f22b-ad5b-4524-9a91-51806581700a--00ef501d9b58.pdf,openarchiver,PDF,2019-04,2019,STRONG,SAME_PARENT_COLLECTION|SAME_SOURCE_SYSTEM,same explicitly asserted parent collection; same observed source system,,
urn:openrag:openarchiver:attachment:5de3dfe4-5f54-416c-8081-7052fc6c1ff8,urn:openrag:openarchiver:attachment:00f95943-2f00-451c-946e-9e9c3e83f32a,Confirmation-RDV-17-02-11h--6f3c30324426--signature--5de3dfe45f54.asc,Releves-de-compte-societe--5790b928cc02--Releve-06--00f959432f00.pdf,openarchiver,PDF,,,STRONG,SAME_PARENT_COLLECTION|SAME_SOURCE_SYSTEM,same explicitly asserted parent collection; same observed source system,,
urn:openrag:openarchiver:attachment:5de3dfe4-5f54-416c-8081-7052fc6c1ff8,urn:openrag:openarchiver:attachment:0123363a-f8ee-4c07-92bf-b7b035df7cf1,Confirmation-RDV-17-02-11h--6f3c30324426--signature--5de3dfe45f54.asc,Suite-demande--122c407ece16--20131014-Devis-2NUM1-WISEARCH--0123363af8ee.pdf,openarchiver,PDF,2013-10,2013,STRONG,SAME_PARENT_COLLECTION|SAME_SOURCE_SYSTEM,same explicitly asserted parent collection; same observed source system,,
urn:openrag:openarchiver:attachment:5de3dfe4-5f54-416c-8081-7052fc6c1ff8,urn:openrag:openarchiver:attachment:013bb607-ff85-43af-a274-8c53cf1b7e49,Confirmation-RDV-17-02-11h--6f3c30324426--signature--5de3dfe45f54.asc,mail--dbc67780be4d--1487674416111--013bb607ff85.pdf,openarchiver,PDF,2017-02,2017,STRONG,SAME_PARENT_COLLECTION|SAME_SOURCE_SYSTEM,same explicitly asserted parent collection; same observed source system,,
urn:openrag:openarchiver:attachment:5de3dfe4-5f54-416c-8081-7052fc6c1ff8,urn:openrag:openarchiver:attachment:0163696b-0bae-42c2-a5ad-6b1e636ed45a,Confirmation-RDV-17-02-11h--6f3c30324426--signature--5de3dfe45f54.asc,TR-HRS-CM-2021--79ce5df92876--scan25042022--0163696b0bae.pdf,openarchiver,PDF,2022-04,2022,STRONG,SAME_PARENT_COLLECTION|SAME_SOURCE_SYSTEM,same explicitly asserted parent collection; same observed source system,,
urn:openrag:openarchiver:attachment:5de3dfe4-5f54-416c-8081-7052fc6c1ff8,urn:openrag:openarchiver:attachment:017e1c3f-0147-41a0-a693-bc90392af43a,Confirmation-RDV-17-02-11h--6f3c30324426--signature--5de3dfe45f54.asc,SARL-WISEARCH-CIPAV--18480ab87f01--CI20120353820374-3--017e1c3f0147.pdf,openarchiver,PDF,2014-01,2014,STRONG,SAME_PARENT_COLLECTION|SAME_SOURCE_SYSTEM,same explicitly asserted parent collection; same observed source system,,
urn:openrag:openarchiver:attachment:5de3dfe4-5f54-416c-8081-7052fc6c1ff8,urn:openrag:openarchiver:attachment:019eea0c-4135-4cf1-8a95-e9dc2de11427,Confirmation-RDV-17-02-11h--6f3c30324426--signature--5de3dfe45f54.asc,Duplicatas-factures-releve-de-compte--1c142d666079--023424-FERME-DE-POMMERIEUX--019eea0c4135.pdf,openarchiver,PDF,2015-04,2015,STRONG,SAME_PARENT_COLLECTION|SAME_SOURCE_SYSTEM,same explicitly asserted parent collection; same observed source system,,
urn:openrag:openarchiver:attachment:5de3dfe4-5f54-416c-8081-7052fc6c1ff8,urn:openrag:openarchiver:attachment:01a7d3c9-3537-4636-a65e-816bbd3c9321,Confirmation-RDV-17-02-11h--6f3c30324426--signature--5de3dfe45f54.asc,Transfert-activite-professionnelle-752676890-00029--67ca56887199--Questionnaire-activie-professionnelle--01a7d3c93537.pdf,openarchiver,PDF,,,STRONG,SAME_PARENT_COLLECTION|SAME_SOURCE_SYSTEM,same explicitly asserted parent collection; same observed source system,,
urn:openrag:openarchiver:attachment:5de3dfe4-5f54-416c-8081-7052fc6c1ff8,urn:openrag:openarchiver:attachment:01b2435d-d361-48fb-a6d5-ef8e4a769499,Confirmation-RDV-17-02-11h--6f3c30324426--signature--5de3dfe45f54.asc,Pommerieux-Scans--10a9671af753--Xerox-Scan_06022024104558--01b2435dd361.pdf,openarchiver,PDF,2024-02,2024,STRONG,SAME_PARENT_COLLECTION|SAME_SOURCE_SYSTEM,same explicitly asserted parent collection; same observed source system,,
urn:openrag:openarchiver:attachment:5de3dfe4-5f54-416c-8081-7052fc6c1ff8,urn:openrag:openarchiver:attachment:01b29798-daaa-4802-b3b0-137a971216d6,Confirmation-RDV-17-02-11h--6f3c30324426--signature--5de3dfe45f54.asc,Envoi-dun-message-023424-Alliance-Dossier-de-Gestion-Visa-Fiscal-Grand-livre-general--23d483d734d8--023424-Alliance-Dossier-de-Gestion-Visa-Fiscal--01b29798daaa.pdf,openarchiver,PDF,2018-05,2018,STRONG,SAME_PARENT_COLLECTION|SAME_SOURCE_SYSTEM,same explicitly asserted parent collection; same observed source system,,
urn:openrag:openarchiver:attachment:5de3dfe4-5f54-416c-8081-7052fc6c1ff8,urn:openrag:openarchiver:attachment:01b5316a-99f6-4f98-8bd0-a1682b1a1df1,Confirmation-RDV-17-02-11h--6f3c30324426--signature--5de3dfe45f54.asc,TR-cadavres-2019--29b444c5da52--d61b1139-659d-4902-b7de-913116421c84--01b5316a99f6.pdf,openarchiver,PDF,2019-06,2019,STRONG,SAME_PARENT_COLLECTION|SAME_SOURCE_SYSTEM,same explicitly asserted parent collection; same observed source system,,
urn:openrag:openarchiver:attachment:5de3dfe4-5f54-416c-8081-7052fc6c1ff8,urn:openrag:openarchiver:attachment:01d2c651-e514-4a11-a0f0-a6aeb8975459,Confirmation-RDV-17-02-11h--6f3c30324426--signature--5de3dfe45f54.asc,Votre-Fast-check-out-a-Novotel-Deauville-Plage-F--5844cc620600--FACTURE_HB4Q8_BIL_70567_70567--01d2c651e514.pdf,openarchiver,PDF,2015-11,2015,STRONG,SAME_PARENT_COLLECTION|SAME_SOURCE_SYSTEM,same explicitly asserted parent collection; same observed source system,,
urn:openrag:openarchiver:attachment:5de3dfe4-5f54-416c-8081-7052fc6c1ff8,urn:openrag:openarchiver:attachment:01db80e1-fd34-4a9a-b3e8-5f5448b1f428,Confirmation-RDV-17-02-11h--6f3c30324426--signature--5de3dfe45f54.asc,Re-SOCIAL-CABL-INOV--cf3e914fe170--CII-et-CIR-2014-PUB--01db80e1fd34.xlsx,openarchiver,XLSX,2015-06,2015,STRONG,SAME_PARENT_COLLECTION|SAME_SOURCE_SYSTEM,same explicitly asserted parent collection; same observed source system,,
urn:openrag:openarchiver:attachment:5de3dfe4-5f54-416c-8081-7052fc6c1ff8,urn:openrag:openarchiver:attachment:01ddc72b-8f76-41bc-bc71-61f48e5acc7f,Confirmation-RDV-17-02-11h--6f3c30324426--signature--5de3dfe45f54.asc,Convention-de-prestation-wisearch-pour-le-CIR-2011--c249d9439613--signature--01ddc72b8f76.asc,openarchiver,TXT,,,STRONG,SAME_PARENT_COLLECTION|SAME_SOURCE_SYSTEM|SAME_MIME_TYPE|SAME_FILENAME_BASENAME|SAME_EXTENSION,same explicitly asserted parent collection; same observed source system; same technical MIME type; same filename basename (weak evidence); same file extension,,
urn:openrag:openarchiver:attachment:5de3dfe4-5f54-416c-8081-7052fc6c1ff8,urn:openrag:openarchiver:attachment:01e42eb5-d953-4e9e-9c8c-463d6aacf510,Confirmation-RDV-17-02-11h--6f3c30324426--signature--5de3dfe45f54.asc,Avis-de-reception-de-votre-lettre-recommandee-87500123245599--202021968e16--87500123245599_ARN--01e42eb5d953.pdf,openarchiver,PDF,2025-06,2025,STRONG,SAME_PARENT_COLLECTION|SAME_SOURCE_SYSTEM,same explicitly asserted parent collection; same observed source system,,
urn:openrag:openarchiver:attachment:5de3dfe4-5f54-416c-8081-7052fc6c1ff8,urn:openrag:openarchiver:attachment:01e9deed-9530-4746-9815-a3b6482e7d1b,Confirmation-RDV-17-02-11h--6f3c30324426--signature--5de3dfe45f54.asc,Lettre-du-dossier-410916810-No-Sinistre-20-0098610-Immatriculation-DD-792-CE--7881cdec915e--410916810_626936--01e9deed9530.pdf,openarchiver,PDF,2020-10,2020,STRONG,SAME_PARENT_COLLECTION|SAME_SOURCE_SYSTEM,same explicitly asserted parent collection; same observed source system,,
urn:openrag:local-file:cdb4ee2aea69cc6a83331bbe96dc2caa9a299d21329efb0336fc02a82e1839a8:8d130a02523110494c4f87320048d68d2404bfcf2349ef4e55699399b1b0b0ee,urn:openrag:local-file:cdb4ee2aea69cc6a83331bbe96dc2caa9a299d21329efb0336fc02a82e1839a8:00b97514464d58c22aff3cdb7c2d0ac960ffa2a2e70d4e16eb9afeb07a9d59ee,2023-05-25 Projet 1 Courriel Préfet de Loir-et-Cher .pdf,LRAR-portail.pdf,local,PDF,,,STRONG,SAME_PARENT_COLLECTION|COMPATIBLE_DOCUMENT_TYPES|SAME_SOURCE_SYSTEM|SAME_MIME_TYPE|SAME_EXTENSION,same explicitly asserted parent collection; compatible technical format families; same observed source system; same technical MIME type; same file extension,,
urn:openrag:local-file:cdb4ee2aea69cc6a83331bbe96dc2caa9a299d21329efb0336fc02a82e1839a8:8d130a02523110494c4f87320048d68d2404bfcf2349ef4e55699399b1b0b0ee,urn:openrag:local-file:cdb4ee2aea69cc6a83331bbe96dc2caa9a299d21329efb0336fc02a82e1839a8:0130c42e381d3a3304b318e640416fbad427aecf9d95f7cd34cf92b26b3e114a,2023-05-25 Projet 1 Courriel Préfet de Loir-et-Cher .pdf,Identification 2021.xlsx,local,XLSX,2021-04,2021,STRONG,SAME_PARENT_COLLECTION|SAME_SOURCE_SYSTEM,same explicitly asserted parent collection; same observed source system,,
urn:openrag:local-file:cdb4ee2aea69cc6a83331bbe96dc2caa9a299d21329efb0336fc02a82e1839a8:8d130a02523110494c4f87320048d68d2404bfcf2349ef4e55699399b1b0b0ee,urn:openrag:local-file:cdb4ee2aea69cc6a83331bbe96dc2caa9a299d21329efb0336fc02a82e1839a8:020a20296a89771bbcc8a90c2edd96d5d4400728469f9d4e05caaea34d0a5f76,2023-05-25 Projet 1 Courriel Préfet de Loir-et-Cher .pdf,Cession de parts.pdf,local,PDF,,,STRONG,SAME_PARENT_COLLECTION|COMPATIBLE_DOCUMENT_TYPES|SAME_SOURCE_SYSTEM|SAME_MIME_TYPE|SAME_EXTENSION,same explicitly asserted parent collection; compatible technical format families; same observed source system; same technical MIME type; same file extension,,
urn:openrag:local-file:cdb4ee2aea69cc6a83331bbe96dc2caa9a299d21329efb0336fc02a82e1839a8:8d130a02523110494c4f87320048d68d2404bfcf2349ef4e55699399b1b0b0ee,urn:openrag:local-file:cdb4ee2aea69cc6a83331bbe96dc2caa9a299d21329efb0336fc02a82e1839a8:020b92c63b48c17d08ac62e6c79b47e2e9298446b8c19cd6094ab4735a0aa1c5,2023-05-25 Projet 1 Courriel Préfet de Loir-et-Cher .pdf,Expertise foncière SCI Pommerieux 2018 - copie.pdf,local,PDF,,,STRONG,SAME_PARENT_COLLECTION|COMPATIBLE_DOCUMENT_TYPES|SAME_SOURCE_SYSTEM|SAME_MIME_TYPE|SAME_EXTENSION,same explicitly asserted parent collection; compatible technical format families; same observed source system; same technical MIME type; same file extension,,
urn:openrag:local-file:cdb4ee2aea69cc6a83331bbe96dc2caa9a299d21329efb0336fc02a82e1839a8:8d130a02523110494c4f87320048d68d2404bfcf2349ef4e55699399b1b0b0ee,urn:openrag:local-file:cdb4ee2aea69cc6a83331bbe96dc2caa9a299d21329efb0336fc02a82e1839a8:02159cc475164ddd03ca69329550c3b47e5b3c0618b5b41d3c9c66a1dc11ebce,2023-05-25 Projet 1 Courriel Préfet de Loir-et-Cher .pdf,EARL FDP STATUTS modifiés au 07.05.docx,local,DOCX,2013-05,2013,STRONG,SAME_PARENT_COLLECTION|SAME_SOURCE_SYSTEM,same explicitly asserted parent collection; same observed source system,,
urn:openrag:local-file:cdb4ee2aea69cc6a83331bbe96dc2caa9a299d21329efb0336fc02a82e1839a8:8d130a02523110494c4f87320048d68d2404bfcf2349ef4e55699399b1b0b0ee,urn:openrag:local-file:cdb4ee2aea69cc6a83331bbe96dc2caa9a299d21329efb0336fc02a82e1839a8:02671c207e52e670959731a09129ea43c39c369044b82a952fc298bf93fb1efa,2023-05-25 Projet 1 Courriel Préfet de Loir-et-Cher .pdf,Lettre au préfet - demande absence autorisation de coupe 5.docx,local,DOCX,2020-05,2020,STRONG,SAME_PARENT_COLLECTION|SAME_SOURCE_SYSTEM,same explicitly asserted parent collection; same observed source system,,
urn:openrag:local-file:cdb4ee2aea69cc6a83331bbe96dc2caa9a299d21329efb0336fc02a82e1839a8:8d130a02523110494c4f87320048d68d2404bfcf2349ef4e55699399b1b0b0ee,urn:openrag:local-file:cdb4ee2aea69cc6a83331bbe96dc2caa9a299d21329efb0336fc02a82e1839a8:05196a556e506d187d5e7b1bf00887fd1830e9bf946d5a5718d2ebc99786c090,2023-05-25 Projet 1 Courriel Préfet de Loir-et-Cher .pdf,Lettre au préfet.pdf,local,PDF,2018-11,2018,STRONG,SAME_PARENT_COLLECTION|COMPATIBLE_DOCUMENT_TYPES|SAME_SOURCE_SYSTEM|SAME_MIME_TYPE|SAME_EXTENSION,same explicitly asserted parent collection; compatible technical format families; same observed source system; same technical MIME type; same file extension,,
urn:openrag:local-file:cdb4ee2aea69cc6a83331bbe96dc2caa9a299d21329efb0336fc02a82e1839a8:8d130a02523110494c4f87320048d68d2404bfcf2349ef4e55699399b1b0b0ee,urn:openrag:local-file:cdb4ee2aea69cc6a83331bbe96dc2caa9a299d21329efb0336fc02a82e1839a8:0662812ab4615ee8ee6deccbd37893fabff681df7c7f33e8dbaf362ea2259e8b,2023-05-25 Projet 1 Courriel Préfet de Loir-et-Cher .pdf,Microsoft Word - Cession de parts sociales.doc - copie.pdf,local,PDF,,,STRONG,SAME_PARENT_COLLECTION|COMPATIBLE_DOCUMENT_TYPES|SAME_SOURCE_SYSTEM|SAME_MIME_TYPE|SAME_EXTENSION,same explicitly asserted parent collection; compatible technical format families; same observed source system; same technical MIME type; same file extension,,
urn:openrag:local-file:cdb4ee2aea69cc6a83331bbe96dc2caa9a299d21329efb0336fc02a82e1839a8:8d130a02523110494c4f87320048d68d2404bfcf2349ef4e55699399b1b0b0ee,urn:openrag:local-file:cdb4ee2aea69cc6a83331bbe96dc2caa9a299d21329efb0336fc02a82e1839a8:06d96f783df1dcd536d65a693e79abf65a7d053d77bd1d6d473cdb4d99eb37ed,2023-05-25 Projet 1 Courriel Préfet de Loir-et-Cher .pdf,Clause meilleure fortune.docx,local,DOCX,2023-07,2023,STRONG,SAME_PARENT_COLLECTION|SAME_SOURCE_SYSTEM|SAME_PRODUCTION_YEAR|SAME_MODIFICATION_YEAR|SAME_PRODUCTION_YEAR_UTC|SAME_MODIFICATION_YEAR_UTC,same explicitly asserted parent collection; same observed source system; same observed production year (source-local calendar): 2023; same observed modification year (source-local calendar): 2023; same observed production year (UTC calendar): 2023; same observed modification year (UTC calendar): 2023,,
urn:openrag:local-file:cdb4ee2aea69cc6a83331bbe96dc2caa9a299d21329efb0336fc02a82e1839a8:8d130a02523110494c4f87320048d68d2404bfcf2349ef4e55699399b1b0b0ee,urn:openrag:local-file:cdb4ee2aea69cc6a83331bbe96dc2caa9a299d21329efb0336fc02a82e1839a8:06edaabcd4aff726985b5fe4fab039f49e1c3650b377efdd6d4957cea41f038d,2023-05-25 Projet 1 Courriel Préfet de Loir-et-Cher .pdf,adhesion_Contrôle_Performances - copie.pdf,local,PDF,,,STRONG,SAME_PARENT_COLLECTION|COMPATIBLE_DOCUMENT_TYPES|SAME_SOURCE_SYSTEM|SAME_MIME_TYPE|SAME_EXTENSION,same explicitly asserted parent collection; compatible technical format families; same observed source system; same technical MIME type; same file extension,,
urn:openrag:local-file:cdb4ee2aea69cc6a83331bbe96dc2caa9a299d21329efb0336fc02a82e1839a8:8d130a02523110494c4f87320048d68d2404bfcf2349ef4e55699399b1b0b0ee,urn:openrag:local-file:cdb4ee2aea69cc6a83331bbe96dc2caa9a299d21329efb0336fc02a82e1839a8:081fb25930e7b1f8c252a276476ecf8acc4f900a0b744da835355c7ae053f64e,2023-05-25 Projet 1 Courriel Préfet de Loir-et-Cher .pdf,Copie AGE 7 mai 2013 EARL Ferme de Pommerieux.pdf,local,PDF,,,STRONG,SAME_PARENT_COLLECTION|COMPATIBLE_DOCUMENT_TYPES|SAME_SOURCE_SYSTEM|SAME_MIME_TYPE|SAME_EXTENSION,same explicitly asserted parent collection; compatible technical format families; same observed source system; same technical MIME type; same file extension,,
urn:openrag:local-file:cdb4ee2aea69cc6a83331bbe96dc2caa9a299d21329efb0336fc02a82e1839a8:8d130a02523110494c4f87320048d68d2404bfcf2349ef4e55699399b1b0b0ee,urn:openrag:local-file:cdb4ee2aea69cc6a83331bbe96dc2caa9a299d21329efb0336fc02a82e1839a8:0829ffa10290238a9226842a908357ed7bf19e27cdc1e94200841add95b182b0,2023-05-25 Projet 1 Courriel Préfet de Loir-et-Cher .pdf,Proposition orientation schema de sélection.pdf,local,PDF,2026-03,2026,STRONG,SAME_PARENT_COLLECTION|COMPATIBLE_DOCUMENT_TYPES|SAME_SOURCE_SYSTEM|SAME_MIME_TYPE|SAME_EXTENSION,same explicitly asserted parent collection; compatible technical format families; same observed source system; same technical MIME type; same file extension,,
urn:openrag:local-file:cdb4ee2aea69cc6a83331bbe96dc2caa9a299d21329efb0336fc02a82e1839a8:8d130a02523110494c4f87320048d68d2404bfcf2349ef4e55699399b1b0b0ee,urn:openrag:local-file:cdb4ee2aea69cc6a83331bbe96dc2caa9a299d21329efb0336fc02a82e1839a8:0841790878ff81dfaa1abede45314aa071d8d377f57a8901b6dff77fe6d70c2d,2023-05-25 Projet 1 Courriel Préfet de Loir-et-Cher .pdf,Donation 2009 Pommerieux LEGUEU CATHERINE.pdf,local,PDF,2011-11,2011,STRONG,SAME_PARENT_COLLECTION|COMPATIBLE_DOCUMENT_TYPES|SAME_SOURCE_SYSTEM|SAME_MIME_TYPE|SAME_EXTENSION,same explicitly asserted parent collection; compatible technical format families; same observed source system; same technical MIME type; same file extension,,
urn:openrag:local-file:cdb4ee2aea69cc6a83331bbe96dc2caa9a299d21329efb0336fc02a82e1839a8:8d130a02523110494c4f87320048d68d2404bfcf2349ef4e55699399b1b0b0ee,urn:openrag:local-file:cdb4ee2aea69cc6a83331bbe96dc2caa9a299d21329efb0336fc02a82e1839a8:09582f873dc37123e97c9248c2273ac24667e89af60029e704e63be5127b61e9,2023-05-25 Projet 1 Courriel Préfet de Loir-et-Cher .pdf,Bail 2019_11012022152407.PDF,local,PDF,2022-01,2022,STRONG,SAME_PARENT_COLLECTION|COMPATIBLE_DOCUMENT_TYPES|SAME_SOURCE_SYSTEM|SAME_MIME_TYPE|SAME_EXTENSION,same explicitly asserted parent collection; compatible technical format families; same observed source system; same technical MIME type; same file extension,,
urn:openrag:local-file:cdb4ee2aea69cc6a83331bbe96dc2caa9a299d21329efb0336fc02a82e1839a8:8d130a02523110494c4f87320048d68d2404bfcf2349ef4e55699399b1b0b0ee,urn:openrag:local-file:cdb4ee2aea69cc6a83331bbe96dc2caa9a299d21329efb0336fc02a82e1839a8:0aea491f65f2e4790480c8bd839b10e17e55f132386db66713208443227e141b,2023-05-25 Projet 1 Courriel Préfet de Loir-et-Cher .pdf,Anciennes surfaces pastorales-pour affichage.pdf,local,PDF,,,STRONG,SAME_PARENT_COLLECTION|COMPATIBLE_DOCUMENT_TYPES|SAME_SOURCE_SYSTEM|SAME_MIME_TYPE|SAME_EXTENSION,same explicitly asserted parent collection; compatible technical format families; same observed source system; same technical MIME type; same file extension,,
urn:openrag:local-file:cdb4ee2aea69cc6a83331bbe96dc2caa9a299d21329efb0336fc02a82e1839a8:8d130a02523110494c4f87320048d68d2404bfcf2349ef4e55699399b1b0b0ee,urn:openrag:local-file:cdb4ee2aea69cc6a83331bbe96dc2caa9a299d21329efb0336fc02a82e1839a8:0c691f15af86d056b48080985f6c5db443736da9cfbca4fcd514be68b4008ef8,2023-05-25 Projet 1 Courriel Préfet de Loir-et-Cher .pdf,Dossier_demande_permis_constuire_projet_agrivoltaïque_Nouan-le-fuzelier.pdf,local,PDF,2023-04,2023,STRONG,SAME_PARENT_COLLECTION|COMPATIBLE_DOCUMENT_TYPES|SAME_SOURCE_SYSTEM|SAME_MIME_TYPE|SAME_EXTENSION|SAME_PRODUCTION_YEAR|SAME_MODIFICATION_YEAR|SAME_PRODUCTION_YEAR_UTC|SAME_MODIFICATION_YEAR_UTC,same explicitly asserted parent collection; compatible technical format families; same observed source system; same technical MIME type; same file extension; same observed production year (source-local calendar): 2023; same observed modification year (source-local calendar): 2023; same observed production year (UTC calendar): 2023,,
urn:openrag:local-file:cdb4ee2aea69cc6a83331bbe96dc2caa9a299d21329efb0336fc02a82e1839a8:8d130a02523110494c4f87320048d68d2404bfcf2349ef4e55699399b1b0b0ee,urn:openrag:local-file:cdb4ee2aea69cc6a83331bbe96dc2caa9a299d21329efb0336fc02a82e1839a8:0cce478b50693b4434ff99811eb5ea262c1bf621142174f513553948c648eb8c,2023-05-25 Projet 1 Courriel Préfet de Loir-et-Cher .pdf,Valeur laitière et rusticité de la brebis Solognote -v1.3.docx,local,DOCX,2025-03,2025,STRONG,SAME_PARENT_COLLECTION|SAME_SOURCE_SYSTEM,same explicitly asserted parent collection; same observed source system,,
urn:openrag:local-file:cdb4ee2aea69cc6a83331bbe96dc2caa9a299d21329efb0336fc02a82e1839a8:8d130a02523110494c4f87320048d68d2404bfcf2349ef4e55699399b1b0b0ee,urn:openrag:local-file:cdb4ee2aea69cc6a83331bbe96dc2caa9a299d21329efb0336fc02a82e1839a8:0e2894ba6bd60370f657f8d958974bad42eb1d4c873e716f15845a2ce8921664,2023-05-25 Projet 1 Courriel Préfet de Loir-et-Cher .pdf,Copie de secours de MandatBVallee-Pommerieux.docx,local,DOCX,2019-09,2019,STRONG,SAME_PARENT_COLLECTION|SAME_SOURCE_SYSTEM,same explicitly asserted parent collection; same observed source system,,
urn:openrag:local-file:cdb4ee2aea69cc6a83331bbe96dc2caa9a299d21329efb0336fc02a82e1839a8:8d130a02523110494c4f87320048d68d2404bfcf2349ef4e55699399b1b0b0ee,urn:openrag:local-file:cdb4ee2aea69cc6a83331bbe96dc2caa9a299d21329efb0336fc02a82e1839a8:1010d0e83fef9be75fb1b32c22d55dcc382feb2e7d01b4c6a2ef332085640e92,2023-05-25 Projet 1 Courriel Préfet de Loir-et-Cher .pdf,bail environemental 2017 montevray.pdf,local,PDF,2025-04,2025,STRONG,SAME_PARENT_COLLECTION|COMPATIBLE_DOCUMENT_TYPES|SAME_SOURCE_SYSTEM|SAME_MIME_TYPE|SAME_EXTENSION,same explicitly asserted parent collection; compatible technical format families; same observed source system; same technical MIME type; same file extension,,
urn:openrag:local-file:cdb4ee2aea69cc6a83331bbe96dc2caa9a299d21329efb0336fc02a82e1839a8:8d130a02523110494c4f87320048d68d2404bfcf2349ef4e55699399b1b0b0ee,urn:openrag:local-file:cdb4ee2aea69cc6a83331bbe96dc2caa9a299d21329efb0336fc02a82e1839a8:101551817b966107a904f062185925293005e2f7ab13f302596ad2577a2b4081,2023-05-25 Projet 1 Courriel Préfet de Loir-et-Cher .pdf,316992 carnet solognotes 2023.xlsx,local,XLSX,2023-09,2023,STRONG,SAME_PARENT_COLLECTION|SAME_SOURCE_SYSTEM|SAME_PRODUCTION_YEAR|SAME_MODIFICATION_YEAR|SAME_PRODUCTION_YEAR_UTC|SAME_MODIFICATION_YEAR_UTC,same explicitly asserted parent collection; same observed source system; same observed production year (source-local calendar): 2023; same observed modification year (source-local calendar): 2023; same observed production year (UTC calendar): 2023; same observed modification year (UTC calendar): 2023,,
urn:openrag:local-file:cdb4ee2aea69cc6a83331bbe96dc2caa9a299d21329efb0336fc02a82e1839a8:8d130a02523110494c4f87320048d68d2404bfcf2349ef4e55699399b1b0b0ee,urn:openrag:local-file:cdb4ee2aea69cc6a83331bbe96dc2caa9a299d21329efb0336fc02a82e1839a8:11e6be9a5d205442206f20a80a0ffd522fcc4e01e1af8db8686f83652d9bf7d6,2023-05-25 Projet 1 Courriel Préfet de Loir-et-Cher .pdf,OVIGEN_Bordereau_echantillons_v0.6_TRAVAIL.xlsx,local,XLSX,2018-04,2018,STRONG,SAME_PARENT_COLLECTION|SAME_SOURCE_SYSTEM,same explicitly asserted parent collection; same observed source system,,
urn:openrag:local-file:cdb4ee2aea69cc6a83331bbe96dc2caa9a299d21329efb0336fc02a82e1839a8:8d130a02523110494c4f87320048d68d2404bfcf2349ef4e55699399b1b0b0ee,urn:openrag:local-file:cdb4ee2aea69cc6a83331bbe96dc2caa9a299d21329efb0336fc02a82e1839a8:1335d8a0b4815fc53401a99154c93af2d38afb4ffab2780ff48cc7fa24f61f4e,2023-05-25 Projet 1 Courriel Préfet de Loir-et-Cher .pdf,listing 2021.xlsx,local,XLSX,2020-02,2020,STRONG,SAME_PARENT_COLLECTION|SAME_SOURCE_SYSTEM,same explicitly asserted parent collection; same observed source system,,
urn:openrag:local-file:cdb4ee2aea69cc6a83331bbe96dc2caa9a299d21329efb0336fc02a82e1839a8:8d130a02523110494c4f87320048d68d2404bfcf2349ef4e55699399b1b0b0ee,urn:openrag:local-file:cdb4ee2aea69cc6a83331bbe96dc2caa9a299d21329efb0336fc02a82e1839a8:14423a5370d8a7bced56c9058c70a58e75aa3a3e108914e7db5161cd9da24e62,2023-05-25 Projet 1 Courriel Préfet de Loir-et-Cher .pdf,deboisement.docx,local,DOCX,2018-10,2018,STRONG,SAME_PARENT_COLLECTION|SAME_SOURCE_SYSTEM,same explicitly asserted parent collection; same observed source system,,
urn:openrag:local-file:cdb4ee2aea69cc6a83331bbe96dc2caa9a299d21329efb0336fc02a82e1839a8:8d130a02523110494c4f87320048d68d2404bfcf2349ef4e55699399b1b0b0ee,urn:openrag:local-file:cdb4ee2aea69cc6a83331bbe96dc2caa9a299d21329efb0336fc02a82e1839a8:14431209538f75b25a15bde831f5f4032d4115783fee571acf5329e273502d6a,2023-05-25 Projet 1 Courriel Préfet de Loir-et-Cher .pdf,AGOA 2014 EARL Ferme de Pommerieux.pdf,local,PDF,,,STRONG,SAME_PARENT_COLLECTION|COMPATIBLE_DOCUMENT_TYPES|SAME_SOURCE_SYSTEM|SAME_MIME_TYPE|SAME_EXTENSION,same explicitly asserted parent collection; compatible technical format families; same observed source system; same technical MIME type; same file extension,,
urn:openrag:openarchiver:attachment:4bf422ae-e40b-45e0-bc58-29bab4bd70e4,urn:openrag:openarchiver:attachment:0001a61c-a855-4b76-9fdb-7fd8bc7c9dba,mail--01a6e732114b--FAD-05080--4bf422aee40b.pdf,Cotations-Pissier-au-28-02-23--7d7d4a1f3fdf--Cotations-28-fevrier-2023-Zone-La-Marolle-en-Sologne--0001a61ca855.pdf,openarchiver,PDF,2023-02,2023,STRONG,SAME_PARENT_COLLECTION|COMPATIBLE_DOCUMENT_TYPES|SAME_SOURCE_SYSTEM|SAME_MIME_TYPE|SAME_EXTENSION,same explicitly asserted parent collection; compatible technical format families; same observed source system; same technical MIME type; same file extension,,
urn:openrag:openarchiver:attachment:4bf422ae-e40b-45e0-bc58-29bab4bd70e4,urn:openrag:openarchiver:attachment:0005e4ce-7ac9-46d5-85bf-c617760a4a80,mail--01a6e732114b--FAD-05080--4bf422aee40b.pdf,Fwd-Bulletins-de-paie-Decembre-2023-Dossier-023424--0561e9ab0968--Lettre-aux-employeurs-N201-decembre-202-3--0005e4ce7ac9.pdf,openarchiver,PDF,2023-12,2023,STRONG,SAME_PARENT_COLLECTION|COMPATIBLE_DOCUMENT_TYPES|SAME_SOURCE_SYSTEM|SAME_MIME_TYPE|SAME_EXTENSION,same explicitly asserted parent collection; compatible technical format families; same observed source system; same technical MIME type; same file extension,,
urn:openrag:openarchiver:attachment:4bf422ae-e40b-45e0-bc58-29bab4bd70e4,urn:openrag:openarchiver:attachment:0007e8d9-f14b-4a16-8590-bb209c5d572f,mail--01a6e732114b--FAD-05080--4bf422aee40b.pdf,MAIL-EXTERIEUR-Comptes-rendus-de-livraison-ovins-du-31-10-22-au-06-11-22--d4c8d84a4d61--Compte-rendu-de-livraison_H803397_semaine44_2022--0007e8d9f14b.pdf,openarchiver,PDF,2022-11,2022,STRONG,SAME_PARENT_COLLECTION|COMPATIBLE_DOCUMENT_TYPES|SAME_SOURCE_SYSTEM|SAME_MIME_TYPE|SAME_EXTENSION|SAME_PRODUCTION_YEAR,same explicitly asserted parent collection; compatible technical format families; same observed source system; same technical MIME type; same file extension; same observed production year (source-local calendar): 2022,,
urn:openrag:openarchiver:attachment:4bf422ae-e40b-45e0-bc58-29bab4bd70e4,urn:openrag:openarchiver:attachment:0014240c-9ba5-4ade-a6f3-7bc4fb09467a,mail--01a6e732114b--FAD-05080--4bf422aee40b.pdf,Invitation-coloque-agriculture-gestion-de-lespace-rural-conservation-du-petit-gibier-28-novembre-palais-du-luxembourg--1e72dda62361--programme-pour-le-colloque-du-28-novembre-2016-,openarchiver,PDF,,,STRONG,SAME_PARENT_COLLECTION|COMPATIBLE_DOCUMENT_TYPES|SAME_SOURCE_SYSTEM|SAME_MIME_TYPE|SAME_EXTENSION,same explicitly asserted parent collection; compatible technical format families; same observed source system; same technical MIME type; same file extension,,
urn:openrag:openarchiver:attachment:4bf422ae-e40b-45e0-bc58-29bab4bd70e4,urn:openrag:openarchiver:attachment:0018b759-73a0-40a1-beb1-187b1de0d85d,mail--01a6e732114b--FAD-05080--4bf422aee40b.pdf,Master-Outillage-En-cours-de-livraison--560469ce1998--LI300235--0018b75973a0.pdf,openarchiver,PDF,2021-06,2021,STRONG,SAME_PARENT_COLLECTION|COMPATIBLE_DOCUMENT_TYPES|SAME_SOURCE_SYSTEM|SAME_MIME_TYPE|SAME_EXTENSION,same explicitly asserted parent collection; compatible technical format families; same observed source system; same technical MIME type; same file extension,,
urn:openrag:openarchiver:attachment:4bf422ae-e40b-45e0-bc58-29bab4bd70e4,urn:openrag:openarchiver:attachment:002447df-aec2-452b-aabd-3746d2af8591,mail--01a6e732114b--FAD-05080--4bf422aee40b.pdf,Pilot-Elevage-Nouvelles-Conditions-de-Souscription--2096a93103a5--CGSL_PE_20241128-141536-284--002447dfaec2.pdf,openarchiver,PDF,2024-11,2024,STRONG,SAME_PARENT_COLLECTION|COMPATIBLE_DOCUMENT_TYPES|SAME_SOURCE_SYSTEM|SAME_MIME_TYPE|SAME_EXTENSION,same explicitly asserted parent collection; compatible technical format families; same observed source system; same technical MIME type; same file extension,,
urn:openrag:openarchiver:attachment:4bf422ae-e40b-45e0-bc58-29bab4bd70e4,urn:openrag:openarchiver:attachment:0028824b-244a-4300-b0df-1f3f1cabdae1,mail--01a6e732114b--FAD-05080--4bf422aee40b.pdf,Votre-facture-pour-la-commande-N2829730--84ffe508cabd--FACT_20220214_AG023690D--0028824b244a.pdf,openarchiver,PDF,,,STRONG,SAME_PARENT_COLLECTION|COMPATIBLE_DOCUMENT_TYPES|SAME_SOURCE_SYSTEM|SAME_MIME_TYPE|SAME_EXTENSION,same explicitly asserted parent collection; compatible technical format families; same observed source system; same technical MIME type; same file extension,,
urn:openrag:openarchiver:attachment:4bf422ae-e40b-45e0-bc58-29bab4bd70e4,urn:openrag:openarchiver:attachment:003705e4-68a2-4314-821d-c85903330792,mail--01a6e732114b--FAD-05080--4bf422aee40b.pdf,RE-Liste-des-adherents-a-completer-pour-publication--170ba3652014--Liste-des-adherents--003705e468a2.xlsx,openarchiver,XLSX,2020-10,2020,STRONG,SAME_PARENT_COLLECTION|SAME_SOURCE_SYSTEM,same explicitly asserted parent collection; same observed source system,,
urn:openrag:openarchiver:attachment:4bf422ae-e40b-45e0-bc58-29bab4bd70e4,urn:openrag:openarchiver:attachment:003c5eaa-5f65-451e-9f45-a2926f705669,mail--01a6e732114b--FAD-05080--4bf422aee40b.pdf,41161905-20092772-Bordereau_Enlevement_nBS1905060030012--797c2a7f514d--Bordereau_Enlevement_nBS1905060030012--003c5eaa5f65.pdf,openarchiver,PDF,2019-05,2019,STRONG,SAME_PARENT_COLLECTION|COMPATIBLE_DOCUMENT_TYPES|SAME_SOURCE_SYSTEM|SAME_MIME_TYPE|SAME_EXTENSION,same explicitly asserted parent collection; compatible technical format families; same observed source system; same technical MIME type; same file extension,,
urn:openrag:openarchiver:attachment:4bf422ae-e40b-45e0-bc58-29bab4bd70e4,urn:openrag:openarchiver:attachment:004d7b71-5f0a-421c-95af-7721261191a5,mail--01a6e732114b--FAD-05080--4bf422aee40b.pdf,TR-Facture-de-vente-a-FERME-DE-POMMERIEUX--cb55b96a6e1c--FV-2020006--004d7b715f0a.pdf,openarchiver,PDF,,,STRONG,SAME_PARENT_COLLECTION|COMPATIBLE_DOCUMENT_TYPES|SAME_SOURCE_SYSTEM|SAME_MIME_TYPE|SAME_EXTENSION,same explicitly asserted parent collection; compatible technical format families; same observed source system; same technical MIME type; same file extension,,
urn:openrag:openarchiver:attachment:4bf422ae-e40b-45e0-bc58-29bab4bd70e4,urn:openrag:openarchiver:attachment:0054fa4c-4d79-4bd0-8c06-7c29c16efe99,mail--01a6e732114b--FAD-05080--4bf422aee40b.pdf,EDF-Entreprises-votre-facture-lectronique-EDF-au-format-PDF--cc70ce58cecc--Facture_EDF_10100416200--0054fa4c4d79.pdf,openarchiver,PDF,,,STRONG,SAME_PARENT_COLLECTION|COMPATIBLE_DOCUMENT_TYPES|SAME_SOURCE_SYSTEM|SAME_MIME_TYPE|SAME_EXTENSION,same explicitly asserted parent collection; compatible technical format families; same observed source system; same technical MIME type; same file extension,,
urn:openrag:openarchiver:attachment:4bf422ae-e40b-45e0-bc58-29bab4bd70e4,urn:openrag:openarchiver:attachment:00555624-ca9e-4f9b-9ec6-a72e49b07552,mail--01a6e732114b--FAD-05080--4bf422aee40b.pdf,Convention-de-stage-pour-Antonin-GALIFRET--fb4e18557aed--Convention-de-stage-pour-Antonin-GALIFRET--00555624ca9e.pdf,openarchiver,PDF,2023-02,2023,STRONG,SAME_PARENT_COLLECTION|COMPATIBLE_DOCUMENT_TYPES|SAME_SOURCE_SYSTEM|SAME_MIME_TYPE|SAME_EXTENSION,same explicitly asserted parent collection; compatible technical format families; same observed source system; same technical MIME type; same file extension,,
urn:openrag:openarchiver:attachment:4bf422ae-e40b-45e0-bc58-29bab4bd70e4,urn:openrag:openarchiver:attachment:0059b188-bd87-4253-a2ad-411cf966d6c4,mail--01a6e732114b--FAD-05080--4bf422aee40b.pdf,Demande-de-coupe-administrative--3d8761211621--demande-d-autorisation-administrative-Eloi-PRIMAUX--0059b188bd87.pdf,openarchiver,PDF,2015-11,2015,STRONG,SAME_PARENT_COLLECTION|COMPATIBLE_DOCUMENT_TYPES|SAME_SOURCE_SYSTEM|SAME_MIME_TYPE|SAME_EXTENSION,same explicitly asserted parent collection; compatible technical format families; same observed source system; same technical MIME type; same file extension,,
urn:openrag:openarchiver:attachment:4bf422ae-e40b-45e0-bc58-29bab4bd70e4,urn:openrag:openarchiver:attachment:007d4162-4815-49a5-976f-33c276df24a4,mail--01a6e732114b--FAD-05080--4bf422aee40b.pdf,Master-Outillage-Votre-devis--a31f0ca5612c--devis_7091--007d41624815.pdf,openarchiver,PDF,2023-08,2023,STRONG,SAME_PARENT_COLLECTION|COMPATIBLE_DOCUMENT_TYPES|SAME_SOURCE_SYSTEM|SAME_MIME_TYPE|SAME_EXTENSION,same explicitly asserted parent collection; compatible technical format families; same observed source system; same technical MIME type; same file extension,,
urn:openrag:openarchiver:attachment:4bf422ae-e40b-45e0-bc58-29bab4bd70e4,urn:openrag:openarchiver:attachment:0088d013-6b3b-496b-8aae-57079f890cea,mail--01a6e732114b--FAD-05080--4bf422aee40b.pdf,Fwd-Avis-CDPENAF-du-07-09-2023--d5b4ea1ba50b--Avis_CDPENAF_signe_ECCA_AKUO_Nouan-le-Fuzelier--0088d0136b3b.pdf,openarchiver,PDF,2023-09,2023,STRONG,SAME_PARENT_COLLECTION|COMPATIBLE_DOCUMENT_TYPES|SAME_SOURCE_SYSTEM|SAME_MIME_TYPE|SAME_EXTENSION,same explicitly asserted parent collection; compatible technical format families; same observed source system; same technical MIME type; same file extension,,
urn:openrag:openarchiver:attachment:4bf422ae-e40b-45e0-bc58-29bab4bd70e4,urn:openrag:openarchiver:attachment:008dce3b-7ebb-4336-b984-4999f54465b0,mail--01a6e732114b--FAD-05080--4bf422aee40b.pdf,MISE-A-JOUR-BASE-DE-DONNEES-DU-RESEAU-BIO--0d8abfb65cc0--FICHE-RESEAU-BIO--008dce3b7ebb.pdf,openarchiver,PDF,2018-06,2018,STRONG,SAME_PARENT_COLLECTION|COMPATIBLE_DOCUMENT_TYPES|SAME_SOURCE_SYSTEM|SAME_MIME_TYPE|SAME_EXTENSION,same explicitly asserted parent collection; compatible technical format families; same observed source system; same technical MIME type; same file extension,,
urn:openrag:openarchiver:attachment:4bf422ae-e40b-45e0-bc58-29bab4bd70e4,urn:openrag:openarchiver:attachment:009db5c2-2e18-4aaf-a0b5-fc79550d2c5b,mail--01a6e732114b--FAD-05080--4bf422aee40b.pdf,factures-client-2012-2013--5aeb8645ef40--factures-client-wisearch--009db5c22e18.pdf,openarchiver,PDF,,,STRONG,SAME_PARENT_COLLECTION|COMPATIBLE_DOCUMENT_TYPES|SAME_SOURCE_SYSTEM|SAME_MIME_TYPE|SAME_EXTENSION,same explicitly asserted parent collection; compatible technical format families; same observed source system; same technical MIME type; same file extension,,
urn:openrag:openarchiver:attachment:4bf422ae-e40b-45e0-bc58-29bab4bd70e4,urn:openrag:openarchiver:attachment:00a5868a-1e63-47f2-a12a-dd86665e5ceb,mail--01a6e732114b--FAD-05080--4bf422aee40b.pdf,Info-Flash-Pissier-n4--90ea458b6f66--Newsletter-n4-avril-25--00a5868a1e63.pdf,openarchiver,PDF,2025-04,2025,STRONG,SAME_PARENT_COLLECTION|COMPATIBLE_DOCUMENT_TYPES|SAME_SOURCE_SYSTEM|SAME_MIME_TYPE|SAME_EXTENSION,same explicitly asserted parent collection; compatible technical format families; same observed source system; same technical MIME type; same file extension,,
urn:openrag:openarchiver:attachment:4bf422ae-e40b-45e0-bc58-29bab4bd70e4,urn:openrag:openarchiver:attachment:00a5c5cc-7075-4223-85f7-3d3d2efd987c,mail--01a6e732114b--FAD-05080--4bf422aee40b.pdf,Prophylaxie-et-rapport-laboratoire--e63de0186eda--FERME-DE-POMMERIEUX-230625_1--00a5c5cc7075.pdf,openarchiver,PDF,2025-06,2025,STRONG,SAME_PARENT_COLLECTION|COMPATIBLE_DOCUMENT_TYPES|SAME_SOURCE_SYSTEM|SAME_MIME_TYPE|SAME_EXTENSION,same explicitly asserted parent collection; compatible technical format families; same observed source system; same technical MIME type; same file extension,,
urn:openrag:openarchiver:attachment:4bf422ae-e40b-45e0-bc58-29bab4bd70e4,urn:openrag:openarchiver:attachment:00a9f05d-eaa8-49e0-9533-6a035b4cdb46,mail--01a6e732114b--FAD-05080--4bf422aee40b.pdf,Votre-facture-Dyson-6231993651--a1bc1668b854--Votre-facture-Dyson-6231993651--00a9f05deaa8.pdf,openarchiver,PDF,2021-02,2021,STRONG,SAME_PARENT_COLLECTION|COMPATIBLE_DOCUMENT_TYPES|SAME_SOURCE_SYSTEM|SAME_MIME_TYPE|SAME_EXTENSION,same explicitly asserted parent collection; compatible technical format families; same observed source system; same technical MIME type; same file extension,,
urn:openrag:openarchiver:attachment:4bf422ae-e40b-45e0-bc58-29bab4bd70e4,urn:openrag:openarchiver:attachment:00add6b5-e8be-4d00-b7ad-f1ec1a38f766,mail--01a6e732114b--FAD-05080--4bf422aee40b.pdf,Preparez-votre-moisson--9b13cbd85568--Guide-Moisson-BARBARY--00add6b5e8be.pdf,openarchiver,PDF,2020-06,2020,STRONG,SAME_PARENT_COLLECTION|COMPATIBLE_DOCUMENT_TYPES|SAME_SOURCE_SYSTEM|SAME_MIME_TYPE|SAME_EXTENSION,same explicitly asserted parent collection; compatible technical format families; same observed source system; same technical MIME type; same file extension,,
urn:openrag:openarchiver:attachment:4bf422ae-e40b-45e0-bc58-29bab4bd70e4,urn:openrag:openarchiver:attachment:00aebf5b-e639-4a83-acff-063ad194e599,mail--01a6e732114b--FAD-05080--4bf422aee40b.pdf,Dossier-6218964--3db2ea6b6d82--Dommages-electriques-four-MW--00aebf5be639.pdf,openarchiver,PDF,2019-01,2019,STRONG,SAME_PARENT_COLLECTION|COMPATIBLE_DOCUMENT_TYPES|SAME_SOURCE_SYSTEM|SAME_MIME_TYPE|SAME_EXTENSION,same explicitly asserted parent collection; compatible technical format families; same observed source system; same technical MIME type; same file extension,,
urn:openrag:openarchiver:attachment:4bf422ae-e40b-45e0-bc58-29bab4bd70e4,urn:openrag:openarchiver:attachment:00b06643-98fa-4aca-a127-16954fabb4c6,mail--01a6e732114b--FAD-05080--4bf422aee40b.pdf,EARL-FERME-DE-POMMERIEUX-courrier-TVA-1er-trimestre-2016--20c9f1e48b72--FDP-Factures0076--00b0664398fa.pdf,openarchiver,PDF,,,STRONG,SAME_PARENT_COLLECTION|COMPATIBLE_DOCUMENT_TYPES|SAME_SOURCE_SYSTEM|SAME_MIME_TYPE|SAME_EXTENSION,same explicitly asserted parent collection; compatible technical format families; same observed source system; same technical MIME type; same file extension,,
urn:openrag:openarchiver:attachment:4bf422ae-e40b-45e0-bc58-29bab4bd70e4,urn:openrag:openarchiver:attachment:00b67f4d-f21a-49b5-8866-9a9a060069e3,mail--01a6e732114b--FAD-05080--4bf422aee40b.pdf,Re-GRAND-LIVRE-GENERAL-FERME-POMMERIEUX--e7c297eef00b--Grand-livre-general-copie--00b67f4df21a.pdf,openarchiver,PDF,,,STRONG,SAME_PARENT_COLLECTION|COMPATIBLE_DOCUMENT_TYPES|SAME_SOURCE_SYSTEM|SAME_MIME_TYPE|SAME_EXTENSION,same explicitly asserted parent collection; compatible technical format families; same observed source system; same technical MIME type; same file extension,,
urn:openrag:openarchiver:attachment:692fed1e-1c82-4a7e-9713-d82a9bd47b2d,urn:openrag:openarchiver:attachment:0001a61c-a855-4b76-9fdb-7fd8bc7c9dba,Aff.-ferme-de-pommerieux-earl-c-prefecture-du-loir-et-cher--c740699d9a5f--vxdosdem_1170011957-1--692fed1e1c82.pdf,Cotations-Pissier-au-28-02-23--7d7d4a1f3fdf--Cotations-28-fevrier-2023-Zone-La-Marolle-en-Sologne--0001a61ca855.pdf,openarchiver,PDF,2023-02,2023,STRONG,SAME_PARENT_COLLECTION|COMPATIBLE_DOCUMENT_TYPES|SAME_SOURCE_SYSTEM|SAME_MIME_TYPE|SAME_EXTENSION,same explicitly asserted parent collection; compatible technical format families; same observed source system; same technical MIME type; same file extension,,
urn:openrag:openarchiver:attachment:692fed1e-1c82-4a7e-9713-d82a9bd47b2d,urn:openrag:openarchiver:attachment:0005e4ce-7ac9-46d5-85bf-c617760a4a80,Aff.-ferme-de-pommerieux-earl-c-prefecture-du-loir-et-cher--c740699d9a5f--vxdosdem_1170011957-1--692fed1e1c82.pdf,Fwd-Bulletins-de-paie-Decembre-2023-Dossier-023424--0561e9ab0968--Lettre-aux-employeurs-N201-decembre-202-3--0005e4ce7ac9.pdf,openarchiver,PDF,2023-12,2023,STRONG,SAME_PARENT_COLLECTION|COMPATIBLE_DOCUMENT_TYPES|SAME_SOURCE_SYSTEM|SAME_MIME_TYPE|SAME_EXTENSION,same explicitly asserted parent collection; compatible technical format families; same observed source system; same technical MIME type; same file extension,,
urn:openrag:openarchiver:attachment:692fed1e-1c82-4a7e-9713-d82a9bd47b2d,urn:openrag:openarchiver:attachment:0007e8d9-f14b-4a16-8590-bb209c5d572f,Aff.-ferme-de-pommerieux-earl-c-prefecture-du-loir-et-cher--c740699d9a5f--vxdosdem_1170011957-1--692fed1e1c82.pdf,MAIL-EXTERIEUR-Comptes-rendus-de-livraison-ovins-du-31-10-22-au-06-11-22--d4c8d84a4d61--Compte-rendu-de-livraison_H803397_semaine44_2022--0007e8d9f14b.pdf,openarchiver,PDF,2022-11,2022,STRONG,SAME_PARENT_COLLECTION|COMPATIBLE_DOCUMENT_TYPES|SAME_SOURCE_SYSTEM|SAME_MIME_TYPE|SAME_EXTENSION,same explicitly asserted parent collection; compatible technical format families; same observed source system; same technical MIME type; same file extension,,
urn:openrag:openarchiver:attachment:692fed1e-1c82-4a7e-9713-d82a9bd47b2d,urn:openrag:openarchiver:attachment:0014240c-9ba5-4ade-a6f3-7bc4fb09467a,Aff.-ferme-de-pommerieux-earl-c-prefecture-du-loir-et-cher--c740699d9a5f--vxdosdem_1170011957-1--692fed1e1c82.pdf,Invitation-coloque-agriculture-gestion-de-lespace-rural-conservation-du-petit-gibier-28-novembre-palais-du-luxembourg--1e72dda62361--programme-pour-le-colloque-du-28-novembre-2016-,openarchiver,PDF,,,STRONG,SAME_PARENT_COLLECTION|COMPATIBLE_DOCUMENT_TYPES|SAME_SOURCE_SYSTEM|SAME_MIME_TYPE|SAME_EXTENSION,same explicitly asserted parent collection; compatible technical format families; same observed source system; same technical MIME type; same file extension,,
urn:openrag:openarchiver:attachment:692fed1e-1c82-4a7e-9713-d82a9bd47b2d,urn:openrag:openarchiver:attachment:0018b759-73a0-40a1-beb1-187b1de0d85d,Aff.-ferme-de-pommerieux-earl-c-prefecture-du-loir-et-cher--c740699d9a5f--vxdosdem_1170011957-1--692fed1e1c82.pdf,Master-Outillage-En-cours-de-livraison--560469ce1998--LI300235--0018b75973a0.pdf,openarchiver,PDF,2021-06,2021,STRONG,SAME_PARENT_COLLECTION|COMPATIBLE_DOCUMENT_TYPES|SAME_SOURCE_SYSTEM|SAME_MIME_TYPE|SAME_EXTENSION,same explicitly asserted parent collection; compatible technical format families; same observed source system; same technical MIME type; same file extension,,
urn:openrag:openarchiver:attachment:692fed1e-1c82-4a7e-9713-d82a9bd47b2d,urn:openrag:openarchiver:attachment:002447df-aec2-452b-aabd-3746d2af8591,Aff.-ferme-de-pommerieux-earl-c-prefecture-du-loir-et-cher--c740699d9a5f--vxdosdem_1170011957-1--692fed1e1c82.pdf,Pilot-Elevage-Nouvelles-Conditions-de-Souscription--2096a93103a5--CGSL_PE_20241128-141536-284--002447dfaec2.pdf,openarchiver,PDF,2024-11,2024,STRONG,SAME_PARENT_COLLECTION|COMPATIBLE_DOCUMENT_TYPES|SAME_SOURCE_SYSTEM|SAME_MIME_TYPE|SAME_EXTENSION,same explicitly asserted parent collection; compatible technical format families; same observed source system; same technical MIME type; same file extension,,
urn:openrag:openarchiver:attachment:692fed1e-1c82-4a7e-9713-d82a9bd47b2d,urn:openrag:openarchiver:attachment:0028824b-244a-4300-b0df-1f3f1cabdae1,Aff.-ferme-de-pommerieux-earl-c-prefecture-du-loir-et-cher--c740699d9a5f--vxdosdem_1170011957-1--692fed1e1c82.pdf,Votre-facture-pour-la-commande-N2829730--84ffe508cabd--FACT_20220214_AG023690D--0028824b244a.pdf,openarchiver,PDF,,,STRONG,SAME_PARENT_COLLECTION|COMPATIBLE_DOCUMENT_TYPES|SAME_SOURCE_SYSTEM|SAME_MIME_TYPE|SAME_EXTENSION,same explicitly asserted parent collection; compatible technical format families; same observed source system; same technical MIME type; same file extension,,
urn:openrag:openarchiver:attachment:692fed1e-1c82-4a7e-9713-d82a9bd47b2d,urn:openrag:openarchiver:attachment:003705e4-68a2-4314-821d-c85903330792,Aff.-ferme-de-pommerieux-earl-c-prefecture-du-loir-et-cher--c740699d9a5f--vxdosdem_1170011957-1--692fed1e1c82.pdf,RE-Liste-des-adherents-a-completer-pour-publication--170ba3652014--Liste-des-adherents--003705e468a2.xlsx,openarchiver,XLSX,2020-10,2020,STRONG,SAME_PARENT_COLLECTION|SAME_SOURCE_SYSTEM,same explicitly asserted parent collection; same observed source system,,
urn:openrag:openarchiver:attachment:692fed1e-1c82-4a7e-9713-d82a9bd47b2d,urn:openrag:openarchiver:attachment:003c5eaa-5f65-451e-9f45-a2926f705669,Aff.-ferme-de-pommerieux-earl-c-prefecture-du-loir-et-cher--c740699d9a5f--vxdosdem_1170011957-1--692fed1e1c82.pdf,41161905-20092772-Bordereau_Enlevement_nBS1905060030012--797c2a7f514d--Bordereau_Enlevement_nBS1905060030012--003c5eaa5f65.pdf,openarchiver,PDF,2019-05,2019,STRONG,SAME_PARENT_COLLECTION|COMPATIBLE_DOCUMENT_TYPES|SAME_SOURCE_SYSTEM|SAME_MIME_TYPE|SAME_EXTENSION,same explicitly asserted parent collection; compatible technical format families; same observed source system; same technical MIME type; same file extension,,
urn:openrag:openarchiver:attachment:692fed1e-1c82-4a7e-9713-d82a9bd47b2d,urn:openrag:openarchiver:attachment:004d7b71-5f0a-421c-95af-7721261191a5,Aff.-ferme-de-pommerieux-earl-c-prefecture-du-loir-et-cher--c740699d9a5f--vxdosdem_1170011957-1--692fed1e1c82.pdf,TR-Facture-de-vente-a-FERME-DE-POMMERIEUX--cb55b96a6e1c--FV-2020006--004d7b715f0a.pdf,openarchiver,PDF,,,STRONG,SAME_PARENT_COLLECTION|COMPATIBLE_DOCUMENT_TYPES|SAME_SOURCE_SYSTEM|SAME_MIME_TYPE|SAME_EXTENSION,same explicitly asserted parent collection; compatible technical format families; same observed source system; same technical MIME type; same file extension,,
urn:openrag:openarchiver:attachment:692fed1e-1c82-4a7e-9713-d82a9bd47b2d,urn:openrag:openarchiver:attachment:0054fa4c-4d79-4bd0-8c06-7c29c16efe99,Aff.-ferme-de-pommerieux-earl-c-prefecture-du-loir-et-cher--c740699d9a5f--vxdosdem_1170011957-1--692fed1e1c82.pdf,EDF-Entreprises-votre-facture-lectronique-EDF-au-format-PDF--cc70ce58cecc--Facture_EDF_10100416200--0054fa4c4d79.pdf,openarchiver,PDF,,,STRONG,SAME_PARENT_COLLECTION|COMPATIBLE_DOCUMENT_TYPES|SAME_SOURCE_SYSTEM|SAME_MIME_TYPE|SAME_EXTENSION,same explicitly asserted parent collection; compatible technical format families; same observed source system; same technical MIME type; same file extension,,
urn:openrag:openarchiver:attachment:692fed1e-1c82-4a7e-9713-d82a9bd47b2d,urn:openrag:openarchiver:attachment:00555624-ca9e-4f9b-9ec6-a72e49b07552,Aff.-ferme-de-pommerieux-earl-c-prefecture-du-loir-et-cher--c740699d9a5f--vxdosdem_1170011957-1--692fed1e1c82.pdf,Convention-de-stage-pour-Antonin-GALIFRET--fb4e18557aed--Convention-de-stage-pour-Antonin-GALIFRET--00555624ca9e.pdf,openarchiver,PDF,2023-02,2023,STRONG,SAME_PARENT_COLLECTION|COMPATIBLE_DOCUMENT_TYPES|SAME_SOURCE_SYSTEM|SAME_MIME_TYPE|SAME_EXTENSION,same explicitly asserted parent collection; compatible technical format families; same observed source system; same technical MIME type; same file extension,,
urn:openrag:openarchiver:attachment:692fed1e-1c82-4a7e-9713-d82a9bd47b2d,urn:openrag:openarchiver:attachment:0059b188-bd87-4253-a2ad-411cf966d6c4,Aff.-ferme-de-pommerieux-earl-c-prefecture-du-loir-et-cher--c740699d9a5f--vxdosdem_1170011957-1--692fed1e1c82.pdf,Demande-de-coupe-administrative--3d8761211621--demande-d-autorisation-administrative-Eloi-PRIMAUX--0059b188bd87.pdf,openarchiver,PDF,2015-11,2015,STRONG,SAME_PARENT_COLLECTION|COMPATIBLE_DOCUMENT_TYPES|SAME_SOURCE_SYSTEM|SAME_MIME_TYPE|SAME_EXTENSION,same explicitly asserted parent collection; compatible technical format families; same observed source system; same technical MIME type; same file extension,,
urn:openrag:openarchiver:attachment:692fed1e-1c82-4a7e-9713-d82a9bd47b2d,urn:openrag:openarchiver:attachment:007d4162-4815-49a5-976f-33c276df24a4,Aff.-ferme-de-pommerieux-earl-c-prefecture-du-loir-et-cher--c740699d9a5f--vxdosdem_1170011957-1--692fed1e1c82.pdf,Master-Outillage-Votre-devis--a31f0ca5612c--devis_7091--007d41624815.pdf,openarchiver,PDF,2023-08,2023,STRONG,SAME_PARENT_COLLECTION|COMPATIBLE_DOCUMENT_TYPES|SAME_SOURCE_SYSTEM|SAME_MIME_TYPE|SAME_EXTENSION,same explicitly asserted parent collection; compatible technical format families; same observed source system; same technical MIME type; same file extension,,
urn:openrag:openarchiver:attachment:692fed1e-1c82-4a7e-9713-d82a9bd47b2d,urn:openrag:openarchiver:attachment:0088d013-6b3b-496b-8aae-57079f890cea,Aff.-ferme-de-pommerieux-earl-c-prefecture-du-loir-et-cher--c740699d9a5f--vxdosdem_1170011957-1--692fed1e1c82.pdf,Fwd-Avis-CDPENAF-du-07-09-2023--d5b4ea1ba50b--Avis_CDPENAF_signe_ECCA_AKUO_Nouan-le-Fuzelier--0088d0136b3b.pdf,openarchiver,PDF,2023-09,2023,STRONG,SAME_PARENT_COLLECTION|COMPATIBLE_DOCUMENT_TYPES|SAME_SOURCE_SYSTEM|SAME_MIME_TYPE|SAME_EXTENSION,same explicitly asserted parent collection; compatible technical format families; same observed source system; same technical MIME type; same file extension,,
urn:openrag:openarchiver:attachment:692fed1e-1c82-4a7e-9713-d82a9bd47b2d,urn:openrag:openarchiver:attachment:008dce3b-7ebb-4336-b984-4999f54465b0,Aff.-ferme-de-pommerieux-earl-c-prefecture-du-loir-et-cher--c740699d9a5f--vxdosdem_1170011957-1--692fed1e1c82.pdf,MISE-A-JOUR-BASE-DE-DONNEES-DU-RESEAU-BIO--0d8abfb65cc0--FICHE-RESEAU-BIO--008dce3b7ebb.pdf,openarchiver,PDF,2018-06,2018,STRONG,SAME_PARENT_COLLECTION|COMPATIBLE_DOCUMENT_TYPES|SAME_SOURCE_SYSTEM|SAME_MIME_TYPE|SAME_EXTENSION,same explicitly asserted parent collection; compatible technical format families; same observed source system; same technical MIME type; same file extension,,
urn:openrag:openarchiver:attachment:692fed1e-1c82-4a7e-9713-d82a9bd47b2d,urn:openrag:openarchiver:attachment:009db5c2-2e18-4aaf-a0b5-fc79550d2c5b,Aff.-ferme-de-pommerieux-earl-c-prefecture-du-loir-et-cher--c740699d9a5f--vxdosdem_1170011957-1--692fed1e1c82.pdf,factures-client-2012-2013--5aeb8645ef40--factures-client-wisearch--009db5c22e18.pdf,openarchiver,PDF,,,STRONG,SAME_PARENT_COLLECTION|COMPATIBLE_DOCUMENT_TYPES|SAME_SOURCE_SYSTEM|SAME_MIME_TYPE|SAME_EXTENSION,same explicitly asserted parent collection; compatible technical format families; same observed source system; same technical MIME type; same file extension,,
urn:openrag:openarchiver:attachment:692fed1e-1c82-4a7e-9713-d82a9bd47b2d,urn:openrag:openarchiver:attachment:00a5868a-1e63-47f2-a12a-dd86665e5ceb,Aff.-ferme-de-pommerieux-earl-c-prefecture-du-loir-et-cher--c740699d9a5f--vxdosdem_1170011957-1--692fed1e1c82.pdf,Info-Flash-Pissier-n4--90ea458b6f66--Newsletter-n4-avril-25--00a5868a1e63.pdf,openarchiver,PDF,2025-04,2025,STRONG,SAME_PARENT_COLLECTION|COMPATIBLE_DOCUMENT_TYPES|SAME_SOURCE_SYSTEM|SAME_MIME_TYPE|SAME_EXTENSION,same explicitly asserted parent collection; compatible technical format families; same observed source system; same technical MIME type; same file extension,,
urn:openrag:openarchiver:attachment:692fed1e-1c82-4a7e-9713-d82a9bd47b2d,urn:openrag:openarchiver:attachment:00a5c5cc-7075-4223-85f7-3d3d2efd987c,Aff.-ferme-de-pommerieux-earl-c-prefecture-du-loir-et-cher--c740699d9a5f--vxdosdem_1170011957-1--692fed1e1c82.pdf,Prophylaxie-et-rapport-laboratoire--e63de0186eda--FERME-DE-POMMERIEUX-230625_1--00a5c5cc7075.pdf,openarchiver,PDF,2025-06,2025,STRONG,SAME_PARENT_COLLECTION|COMPATIBLE_DOCUMENT_TYPES|SAME_SOURCE_SYSTEM|SAME_MIME_TYPE|SAME_EXTENSION,same explicitly asserted parent collection; compatible technical format families; same observed source system; same technical MIME type; same file extension,,
urn:openrag:openarchiver:attachment:692fed1e-1c82-4a7e-9713-d82a9bd47b2d,urn:openrag:openarchiver:attachment:00a9f05d-eaa8-49e0-9533-6a035b4cdb46,Aff.-ferme-de-pommerieux-earl-c-prefecture-du-loir-et-cher--c740699d9a5f--vxdosdem_1170011957-1--692fed1e1c82.pdf,Votre-facture-Dyson-6231993651--a1bc1668b854--Votre-facture-Dyson-6231993651--00a9f05deaa8.pdf,openarchiver,PDF,2021-02,2021,STRONG,SAME_PARENT_COLLECTION|COMPATIBLE_DOCUMENT_TYPES|SAME_SOURCE_SYSTEM|SAME_MIME_TYPE|SAME_EXTENSION,same explicitly asserted parent collection; compatible technical format families; same observed source system; same technical MIME type; same file extension,,
urn:openrag:openarchiver:attachment:692fed1e-1c82-4a7e-9713-d82a9bd47b2d,urn:openrag:openarchiver:attachment:00add6b5-e8be-4d00-b7ad-f1ec1a38f766,Aff.-ferme-de-pommerieux-earl-c-prefecture-du-loir-et-cher--c740699d9a5f--vxdosdem_1170011957-1--692fed1e1c82.pdf,Preparez-votre-moisson--9b13cbd85568--Guide-Moisson-BARBARY--00add6b5e8be.pdf,openarchiver,PDF,2020-06,2020,STRONG,SAME_PARENT_COLLECTION|COMPATIBLE_DOCUMENT_TYPES|SAME_SOURCE_SYSTEM|SAME_MIME_TYPE|SAME_EXTENSION,same explicitly asserted parent collection; compatible technical format families; same observed source system; same technical MIME type; same file extension,,
urn:openrag:openarchiver:attachment:692fed1e-1c82-4a7e-9713-d82a9bd47b2d,urn:openrag:openarchiver:attachment:00aebf5b-e639-4a83-acff-063ad194e599,Aff.-ferme-de-pommerieux-earl-c-prefecture-du-loir-et-cher--c740699d9a5f--vxdosdem_1170011957-1--692fed1e1c82.pdf,Dossier-6218964--3db2ea6b6d82--Dommages-electriques-four-MW--00aebf5be639.pdf,openarchiver,PDF,2019-01,2019,STRONG,SAME_PARENT_COLLECTION|COMPATIBLE_DOCUMENT_TYPES|SAME_SOURCE_SYSTEM|SAME_MIME_TYPE|SAME_EXTENSION,same explicitly asserted parent collection; compatible technical format families; same observed source system; same technical MIME type; same file extension,,
urn:openrag:openarchiver:attachment:692fed1e-1c82-4a7e-9713-d82a9bd47b2d,urn:openrag:openarchiver:attachment:00b06643-98fa-4aca-a127-16954fabb4c6,Aff.-ferme-de-pommerieux-earl-c-prefecture-du-loir-et-cher--c740699d9a5f--vxdosdem_1170011957-1--692fed1e1c82.pdf,EARL-FERME-DE-POMMERIEUX-courrier-TVA-1er-trimestre-2016--20c9f1e48b72--FDP-Factures0076--00b0664398fa.pdf,openarchiver,PDF,,,STRONG,SAME_PARENT_COLLECTION|COMPATIBLE_DOCUMENT_TYPES|SAME_SOURCE_SYSTEM|SAME_MIME_TYPE|SAME_EXTENSION,same explicitly asserted parent collection; compatible technical format families; same observed source system; same technical MIME type; same file extension,,
urn:openrag:openarchiver:attachment:692fed1e-1c82-4a7e-9713-d82a9bd47b2d,urn:openrag:openarchiver:attachment:00b67f4d-f21a-49b5-8866-9a9a060069e3,Aff.-ferme-de-pommerieux-earl-c-prefecture-du-loir-et-cher--c740699d9a5f--vxdosdem_1170011957-1--692fed1e1c82.pdf,Re-GRAND-LIVRE-GENERAL-FERME-POMMERIEUX--e7c297eef00b--Grand-livre-general-copie--00b67f4df21a.pdf,openarchiver,PDF,,,STRONG,SAME_PARENT_COLLECTION|COMPATIBLE_DOCUMENT_TYPES|SAME_SOURCE_SYSTEM|SAME_MIME_TYPE|SAME_EXTENSION,same explicitly asserted parent collection; compatible technical format families; same observed source system; same technical MIME type; same file extension,,
urn:openrag:openarchiver:attachment:0e4bfef8-d9c2-4521-a942-fa3c59d8dcc2,urn:openrag:openarchiver:attachment:0027f0eb-90fd-49cc-8790-a60ec4e6059a,Documentation-technique-CIR-2012--aa47aa18186f--QS-MONTIEL-version-def--0e4bfef8d9c2.pdf,Gamme-fruitiers-Pepiniere-Charge--154603e29102--GAMME-FRUITIERS-COMPLETE-Charge--0027f0eb90fd.docx,openarchiver,DOCX,2015-12,2015,STRONG,SAME_PARENT_COLLECTION|SAME_SOURCE_SYSTEM,same explicitly asserted parent collection; same observed source system,,
urn:openrag:openarchiver:attachment:0e4bfef8-d9c2-4521-a942-fa3c59d8dcc2,urn:openrag:openarchiver:attachment:0048cd42-93d2-497e-a987-c3d55fee4a8a,Documentation-technique-CIR-2012--aa47aa18186f--QS-MONTIEL-version-def--0e4bfef8d9c2.pdf,LLA-CHVE-de-Livet-Elements-demandes--a847c9f45161--Grands-livres-Formations-du-01012022-au-30092022--0048cd4293d2.pdf,openarchiver,PDF,2023-11,2023,STRONG,SAME_PARENT_COLLECTION|COMPATIBLE_DOCUMENT_TYPES|SAME_SOURCE_SYSTEM|SAME_MIME_TYPE|SAME_EXTENSION,same explicitly asserted parent collection; compatible technical format families; same observed source system; same technical MIME type; same file extension,,
urn:openrag:openarchiver:attachment:0e4bfef8-d9c2-4521-a942-fa3c59d8dcc2,urn:openrag:openarchiver:attachment:0078f47f-6470-449f-be65-3d67ec757cee,Documentation-technique-CIR-2012--aa47aa18186f--QS-MONTIEL-version-def--0e4bfef8d9c2.pdf,CHEQUES-US-BNAKCORP--2a997cee6146--4077_001--0078f47f6470.pdf,openarchiver,PDF,2019-10,2019,STRONG,SAME_PARENT_COLLECTION|COMPATIBLE_DOCUMENT_TYPES|SAME_SOURCE_SYSTEM|SAME_MIME_TYPE|SAME_EXTENSION,same explicitly asserted parent collection; compatible technical format families; same observed source system; same technical MIME type; same file extension,,
urn:openrag:openarchiver:attachment:0e4bfef8-d9c2-4521-a942-fa3c59d8dcc2,urn:openrag:openarchiver:attachment:008c8390-866b-47ac-89f2-c9d1753121ee,Documentation-technique-CIR-2012--aa47aa18186f--QS-MONTIEL-version-def--0e4bfef8d9c2.pdf,TR-enquete-RELANCE--168340802d70--20190612105407271--008c8390866b.pdf,openarchiver,PDF,2019-06,2019,STRONG,SAME_PARENT_COLLECTION|COMPATIBLE_DOCUMENT_TYPES|SAME_SOURCE_SYSTEM|SAME_MIME_TYPE|SAME_EXTENSION,same explicitly asserted parent collection; compatible technical format families; same observed source system; same technical MIME type; same file extension,,
urn:openrag:openarchiver:attachment:0e4bfef8-d9c2-4521-a942-fa3c59d8dcc2,urn:openrag:openarchiver:attachment:00b4a859-6674-43df-bc52-89f8ad850146,Documentation-technique-CIR-2012--aa47aa18186f--QS-MONTIEL-version-def--0e4bfef8d9c2.pdf,cerfa-pour-agrement-CEA--83afe015fd9c--cerfa_14906-02--00b4a8596674.pdf,openarchiver,PDF,2013-06,2013,STRONG,SAME_PARENT_COLLECTION|COMPATIBLE_DOCUMENT_TYPES|SAME_SOURCE_SYSTEM|SAME_MIME_TYPE|SAME_EXTENSION,same explicitly asserted parent collection; compatible technical format families; same observed source system; same technical MIME type; same file extension,,
urn:openrag:openarchiver:attachment:0e4bfef8-d9c2-4521-a942-fa3c59d8dcc2,urn:openrag:openarchiver:attachment:00c867de-5595-4cca-9cc7-c81294a1d170,Documentation-technique-CIR-2012--aa47aa18186f--QS-MONTIEL-version-def--0e4bfef8d9c2.pdf,mail--daa579f1b941--1424976504402.pdf0Y--00c867de5595.pdf,openarchiver,PDF,2015-02,2015,STRONG,SAME_PARENT_COLLECTION|COMPATIBLE_DOCUMENT_TYPES|SAME_SOURCE_SYSTEM|SAME_MIME_TYPE|SAME_EXTENSION,same explicitly asserted parent collection; compatible technical format families; same observed source system; same technical MIME type; same file extension,,
urn:openrag:openarchiver:attachment:0e4bfef8-d9c2-4521-a942-fa3c59d8dcc2,urn:openrag:openarchiver:attachment:00c9c750-9290-431c-a719-b35d704091bd,Documentation-technique-CIR-2012--aa47aa18186f--QS-MONTIEL-version-def--0e4bfef8d9c2.pdf,mail--5ecf6dafa1ba--1424975115866.pdf0YO--00c9c7509290.pdf,openarchiver,PDF,2015-02,2015,STRONG,SAME_PARENT_COLLECTION|COMPATIBLE_DOCUMENT_TYPES|SAME_SOURCE_SYSTEM|SAME_MIME_TYPE|SAME_EXTENSION,same explicitly asserted parent collection; compatible technical format families; same observed source system; same technical MIME type; same file extension,,
urn:openrag:openarchiver:attachment:0e4bfef8-d9c2-4521-a942-fa3c59d8dcc2,urn:openrag:openarchiver:attachment:00caa958-3969-4449-aac9-82dc3d65bcea,Documentation-technique-CIR-2012--aa47aa18186f--QS-MONTIEL-version-def--0e4bfef8d9c2.pdf,Votre-facture--d01870e83f67--Facture_462647--00caa9583969.pdf,openarchiver,PDF,2023-09,2023,STRONG,SAME_PARENT_COLLECTION|COMPATIBLE_DOCUMENT_TYPES|SAME_SOURCE_SYSTEM|SAME_MIME_TYPE|SAME_EXTENSION,same explicitly asserted parent collection; compatible technical format families; same observed source system; same technical MIME type; same file extension,,
urn:openrag:openarchiver:attachment:0e4bfef8-d9c2-4521-a942-fa3c59d8dcc2,urn:openrag:openarchiver:attachment:00ef501d-9b58-4e5e-b3a1-b1f380a19bfd,Documentation-technique-CIR-2012--aa47aa18186f--QS-MONTIEL-version-def--0e4bfef8d9c2.pdf,TR-cadavres-2019--29b444c5da52--2789f22b-ad5b-4524-9a91-51806581700a--00ef501d9b58.pdf,openarchiver,PDF,2019-04,2019,STRONG,SAME_PARENT_COLLECTION|COMPATIBLE_DOCUMENT_TYPES|SAME_SOURCE_SYSTEM|SAME_MIME_TYPE|SAME_EXTENSION,same explicitly asserted parent collection; compatible technical format families; same observed source system; same technical MIME type; same file extension,,
urn:openrag:openarchiver:attachment:0e4bfef8-d9c2-4521-a942-fa3c59d8dcc2,urn:openrag:openarchiver:attachment:00f95943-2f00-451c-946e-9e9c3e83f32a,Documentation-technique-CIR-2012--aa47aa18186f--QS-MONTIEL-version-def--0e4bfef8d9c2.pdf,Releves-de-compte-societe--5790b928cc02--Releve-06--00f959432f00.pdf,openarchiver,PDF,,,STRONG,SAME_PARENT_COLLECTION|COMPATIBLE_DOCUMENT_TYPES|SAME_SOURCE_SYSTEM|SAME_MIME_TYPE|SAME_EXTENSION,same explicitly asserted parent collection; compatible technical format families; same observed source system; same technical MIME type; same file extension,,
urn:openrag:openarchiver:attachment:0e4bfef8-d9c2-4521-a942-fa3c59d8dcc2,urn:openrag:openarchiver:attachment:0123363a-f8ee-4c07-92bf-b7b035df7cf1,Documentation-technique-CIR-2012--aa47aa18186f--QS-MONTIEL-version-def--0e4bfef8d9c2.pdf,Suite-demande--122c407ece16--20131014-Devis-2NUM1-WISEARCH--0123363af8ee.pdf,openarchiver,PDF,2013-10,2013,STRONG,SAME_PARENT_COLLECTION|COMPATIBLE_DOCUMENT_TYPES|SAME_SOURCE_SYSTEM|SAME_MIME_TYPE|SAME_EXTENSION,same explicitly asserted parent collection; compatible technical format families; same observed source system; same technical MIME type; same file extension,,
urn:openrag:openarchiver:attachment:0e4bfef8-d9c2-4521-a942-fa3c59d8dcc2,urn:openrag:openarchiver:attachment:013bb607-ff85-43af-a274-8c53cf1b7e49,Documentation-technique-CIR-2012--aa47aa18186f--QS-MONTIEL-version-def--0e4bfef8d9c2.pdf,mail--dbc67780be4d--1487674416111--013bb607ff85.pdf,openarchiver,PDF,2017-02,2017,STRONG,SAME_PARENT_COLLECTION|COMPATIBLE_DOCUMENT_TYPES|SAME_SOURCE_SYSTEM|SAME_MIME_TYPE|SAME_EXTENSION,same explicitly asserted parent collection; compatible technical format families; same observed source system; same technical MIME type; same file extension,,
urn:openrag:openarchiver:attachment:0e4bfef8-d9c2-4521-a942-fa3c59d8dcc2,urn:openrag:openarchiver:attachment:0163696b-0bae-42c2-a5ad-6b1e636ed45a,Documentation-technique-CIR-2012--aa47aa18186f--QS-MONTIEL-version-def--0e4bfef8d9c2.pdf,TR-HRS-CM-2021--79ce5df92876--scan25042022--0163696b0bae.pdf,openarchiver,PDF,2022-04,2022,STRONG,SAME_PARENT_COLLECTION|COMPATIBLE_DOCUMENT_TYPES|SAME_SOURCE_SYSTEM|SAME_MIME_TYPE|SAME_EXTENSION,same explicitly asserted parent collection; compatible technical format families; same observed source system; same technical MIME type; same file extension,,
urn:openrag:openarchiver:attachment:0e4bfef8-d9c2-4521-a942-fa3c59d8dcc2,urn:openrag:openarchiver:attachment:017e1c3f-0147-41a0-a693-bc90392af43a,Documentation-technique-CIR-2012--aa47aa18186f--QS-MONTIEL-version-def--0e4bfef8d9c2.pdf,SARL-WISEARCH-CIPAV--18480ab87f01--CI20120353820374-3--017e1c3f0147.pdf,openarchiver,PDF,2014-01,2014,STRONG,SAME_PARENT_COLLECTION|COMPATIBLE_DOCUMENT_TYPES|SAME_SOURCE_SYSTEM|SAME_MIME_TYPE|SAME_EXTENSION,same explicitly asserted parent collection; compatible technical format families; same observed source system; same technical MIME type; same file extension,,
urn:openrag:openarchiver:attachment:0e4bfef8-d9c2-4521-a942-fa3c59d8dcc2,urn:openrag:openarchiver:attachment:019eea0c-4135-4cf1-8a95-e9dc2de11427,Documentation-technique-CIR-2012--aa47aa18186f--QS-MONTIEL-version-def--0e4bfef8d9c2.pdf,Duplicatas-factures-releve-de-compte--1c142d666079--023424-FERME-DE-POMMERIEUX--019eea0c4135.pdf,openarchiver,PDF,2015-04,2015,STRONG,SAME_PARENT_COLLECTION|COMPATIBLE_DOCUMENT_TYPES|SAME_SOURCE_SYSTEM|SAME_MIME_TYPE|SAME_EXTENSION,same explicitly asserted parent collection; compatible technical format families; same observed source system; same technical MIME type; same file extension,,
urn:openrag:openarchiver:attachment:0e4bfef8-d9c2-4521-a942-fa3c59d8dcc2,urn:openrag:openarchiver:attachment:01a7d3c9-3537-4636-a65e-816bbd3c9321,Documentation-technique-CIR-2012--aa47aa18186f--QS-MONTIEL-version-def--0e4bfef8d9c2.pdf,Transfert-activite-professionnelle-752676890-00029--67ca56887199--Questionnaire-activie-professionnelle--01a7d3c93537.pdf,openarchiver,PDF,,,STRONG,SAME_PARENT_COLLECTION|COMPATIBLE_DOCUMENT_TYPES|SAME_SOURCE_SYSTEM|SAME_MIME_TYPE|SAME_EXTENSION,same explicitly asserted parent collection; compatible technical format families; same observed source system; same technical MIME type; same file extension,,
urn:openrag:openarchiver:attachment:0e4bfef8-d9c2-4521-a942-fa3c59d8dcc2,urn:openrag:openarchiver:attachment:01b2435d-d361-48fb-a6d5-ef8e4a769499,Documentation-technique-CIR-2012--aa47aa18186f--QS-MONTIEL-version-def--0e4bfef8d9c2.pdf,Pommerieux-Scans--10a9671af753--Xerox-Scan_06022024104558--01b2435dd361.pdf,openarchiver,PDF,2024-02,2024,STRONG,SAME_PARENT_COLLECTION|COMPATIBLE_DOCUMENT_TYPES|SAME_SOURCE_SYSTEM|SAME_MIME_TYPE|SAME_EXTENSION,same explicitly asserted parent collection; compatible technical format families; same observed source system; same technical MIME type; same file extension,,
urn:openrag:openarchiver:attachment:0e4bfef8-d9c2-4521-a942-fa3c59d8dcc2,urn:openrag:openarchiver:attachment:01b29798-daaa-4802-b3b0-137a971216d6,Documentation-technique-CIR-2012--aa47aa18186f--QS-MONTIEL-version-def--0e4bfef8d9c2.pdf,Envoi-dun-message-023424-Alliance-Dossier-de-Gestion-Visa-Fiscal-Grand-livre-general--23d483d734d8--023424-Alliance-Dossier-de-Gestion-Visa-Fiscal--01b29798daaa.pdf,openarchiver,PDF,2018-05,2018,STRONG,SAME_PARENT_COLLECTION|COMPATIBLE_DOCUMENT_TYPES|SAME_SOURCE_SYSTEM|SAME_MIME_TYPE|SAME_EXTENSION,same explicitly asserted parent collection; compatible technical format families; same observed source system; same technical MIME type; same file extension,,
urn:openrag:openarchiver:attachment:0e4bfef8-d9c2-4521-a942-fa3c59d8dcc2,urn:openrag:openarchiver:attachment:01b5316a-99f6-4f98-8bd0-a1682b1a1df1,Documentation-technique-CIR-2012--aa47aa18186f--QS-MONTIEL-version-def--0e4bfef8d9c2.pdf,TR-cadavres-2019--29b444c5da52--d61b1139-659d-4902-b7de-913116421c84--01b5316a99f6.pdf,openarchiver,PDF,2019-06,2019,STRONG,SAME_PARENT_COLLECTION|COMPATIBLE_DOCUMENT_TYPES|SAME_SOURCE_SYSTEM|SAME_MIME_TYPE|SAME_EXTENSION,same explicitly asserted parent collection; compatible technical format families; same observed source system; same technical MIME type; same file extension,,
urn:openrag:openarchiver:attachment:0e4bfef8-d9c2-4521-a942-fa3c59d8dcc2,urn:openrag:openarchiver:attachment:01d2c651-e514-4a11-a0f0-a6aeb8975459,Documentation-technique-CIR-2012--aa47aa18186f--QS-MONTIEL-version-def--0e4bfef8d9c2.pdf,Votre-Fast-check-out-a-Novotel-Deauville-Plage-F--5844cc620600--FACTURE_HB4Q8_BIL_70567_70567--01d2c651e514.pdf,openarchiver,PDF,2015-11,2015,STRONG,SAME_PARENT_COLLECTION|COMPATIBLE_DOCUMENT_TYPES|SAME_SOURCE_SYSTEM|SAME_MIME_TYPE|SAME_EXTENSION,same explicitly asserted parent collection; compatible technical format families; same observed source system; same technical MIME type; same file extension,,
urn:openrag:openarchiver:attachment:0e4bfef8-d9c2-4521-a942-fa3c59d8dcc2,urn:openrag:openarchiver:attachment:01db80e1-fd34-4a9a-b3e8-5f5448b1f428,Documentation-technique-CIR-2012--aa47aa18186f--QS-MONTIEL-version-def--0e4bfef8d9c2.pdf,Re-SOCIAL-CABL-INOV--cf3e914fe170--CII-et-CIR-2014-PUB--01db80e1fd34.xlsx,openarchiver,XLSX,2015-06,2015,STRONG,SAME_PARENT_COLLECTION|SAME_SOURCE_SYSTEM,same explicitly asserted parent collection; same observed source system,,
urn:openrag:openarchiver:attachment:0e4bfef8-d9c2-4521-a942-fa3c59d8dcc2,urn:openrag:openarchiver:attachment:01ddc72b-8f76-41bc-bc71-61f48e5acc7f,Documentation-technique-CIR-2012--aa47aa18186f--QS-MONTIEL-version-def--0e4bfef8d9c2.pdf,Convention-de-prestation-wisearch-pour-le-CIR-2011--c249d9439613--signature--01ddc72b8f76.asc,openarchiver,TXT,,,STRONG,SAME_PARENT_COLLECTION|SAME_SOURCE_SYSTEM,same explicitly asserted parent collection; same observed source system,,
urn:openrag:openarchiver:attachment:0e4bfef8-d9c2-4521-a942-fa3c59d8dcc2,urn:openrag:openarchiver:attachment:01e42eb5-d953-4e9e-9c8c-463d6aacf510,Documentation-technique-CIR-2012--aa47aa18186f--QS-MONTIEL-version-def--0e4bfef8d9c2.pdf,Avis-de-reception-de-votre-lettre-recommandee-87500123245599--202021968e16--87500123245599_ARN--01e42eb5d953.pdf,openarchiver,PDF,2025-06,2025,STRONG,SAME_PARENT_COLLECTION|COMPATIBLE_DOCUMENT_TYPES|SAME_SOURCE_SYSTEM|SAME_MIME_TYPE|SAME_EXTENSION,same explicitly asserted parent collection; compatible technical format families; same observed source system; same technical MIME type; same file extension,,
urn:openrag:openarchiver:attachment:0e4bfef8-d9c2-4521-a942-fa3c59d8dcc2,urn:openrag:openarchiver:attachment:01e9deed-9530-4746-9815-a3b6482e7d1b,Documentation-technique-CIR-2012--aa47aa18186f--QS-MONTIEL-version-def--0e4bfef8d9c2.pdf,Lettre-du-dossier-410916810-No-Sinistre-20-0098610-Immatriculation-DD-792-CE--7881cdec915e--410916810_626936--01e9deed9530.pdf,openarchiver,PDF,2020-10,2020,STRONG,SAME_PARENT_COLLECTION|COMPATIBLE_DOCUMENT_TYPES|SAME_SOURCE_SYSTEM|SAME_MIME_TYPE|SAME_EXTENSION,same explicitly asserted parent collection; compatible technical format families; same observed source system; same technical MIME type; same file extension,,
urn:openrag:openarchiver:email:9e325a3e-b01f-40bf-8890-b400d4e3d7f4:6337b72e-bcc3-41e6-91db-6d7085d291b7,urn:openrag:openarchiver:attachment:0001a61c-a855-4b76-9fdb-7fd8bc7c9dba,En-piece-jointe-courrier-concernant-votre-dossier.-Courrier-SSX00190-0013-65196003-Ref-010778311--6337b72ebcc3.eml,Cotations-Pissier-au-28-02-23--7d7d4a1f3fdf--Cotations-28-fevrier-2023-Zone-La-Marolle-en-Sologne--0001a61ca855.pdf,openarchiver,PDF,2023-02,2023,STRONG,SAME_PARENT_COLLECTION|SAME_SOURCE_SYSTEM,same explicitly asserted parent collection; same observed source system,,
urn:openrag:openarchiver:email:9e325a3e-b01f-40bf-8890-b400d4e3d7f4:6337b72e-bcc3-41e6-91db-6d7085d291b7,urn:openrag:openarchiver:attachment:0005e4ce-7ac9-46d5-85bf-c617760a4a80,En-piece-jointe-courrier-concernant-votre-dossier.-Courrier-SSX00190-0013-65196003-Ref-010778311--6337b72ebcc3.eml,Fwd-Bulletins-de-paie-Decembre-2023-Dossier-023424--0561e9ab0968--Lettre-aux-employeurs-N201-decembre-202-3--0005e4ce7ac9.pdf,openarchiver,PDF,2023-12,2023,STRONG,SAME_PARENT_COLLECTION|SAME_SOURCE_SYSTEM,same explicitly asserted parent collection; same observed source system,,
urn:openrag:openarchiver:email:9e325a3e-b01f-40bf-8890-b400d4e3d7f4:6337b72e-bcc3-41e6-91db-6d7085d291b7,urn:openrag:openarchiver:attachment:0007e8d9-f14b-4a16-8590-bb209c5d572f,En-piece-jointe-courrier-concernant-votre-dossier.-Courrier-SSX00190-0013-65196003-Ref-010778311--6337b72ebcc3.eml,MAIL-EXTERIEUR-Comptes-rendus-de-livraison-ovins-du-31-10-22-au-06-11-22--d4c8d84a4d61--Compte-rendu-de-livraison_H803397_semaine44_2022--0007e8d9f14b.pdf,openarchiver,PDF,2022-11,2022,STRONG,SAME_PARENT_COLLECTION|SAME_SOURCE_SYSTEM,same explicitly asserted parent collection; same observed source system,,
urn:openrag:openarchiver:email:9e325a3e-b01f-40bf-8890-b400d4e3d7f4:6337b72e-bcc3-41e6-91db-6d7085d291b7,urn:openrag:openarchiver:attachment:0014240c-9ba5-4ade-a6f3-7bc4fb09467a,En-piece-jointe-courrier-concernant-votre-dossier.-Courrier-SSX00190-0013-65196003-Ref-010778311--6337b72ebcc3.eml,Invitation-coloque-agriculture-gestion-de-lespace-rural-conservation-du-petit-gibier-28-novembre-palais-du-luxembourg--1e72dda62361--programme-pour-le-colloque-du-28-novembre-2016-,openarchiver,PDF,,,STRONG,SAME_PARENT_COLLECTION|SAME_SOURCE_SYSTEM,same explicitly asserted parent collection; same observed source system,,
urn:openrag:openarchiver:email:9e325a3e-b01f-40bf-8890-b400d4e3d7f4:6337b72e-bcc3-41e6-91db-6d7085d291b7,urn:openrag:openarchiver:attachment:0018b759-73a0-40a1-beb1-187b1de0d85d,En-piece-jointe-courrier-concernant-votre-dossier.-Courrier-SSX00190-0013-65196003-Ref-010778311--6337b72ebcc3.eml,Master-Outillage-En-cours-de-livraison--560469ce1998--LI300235--0018b75973a0.pdf,openarchiver,PDF,2021-06,2021,STRONG,SAME_PARENT_COLLECTION|SAME_SOURCE_SYSTEM,same explicitly asserted parent collection; same observed source system,,
urn:openrag:openarchiver:email:9e325a3e-b01f-40bf-8890-b400d4e3d7f4:6337b72e-bcc3-41e6-91db-6d7085d291b7,urn:openrag:openarchiver:attachment:002447df-aec2-452b-aabd-3746d2af8591,En-piece-jointe-courrier-concernant-votre-dossier.-Courrier-SSX00190-0013-65196003-Ref-010778311--6337b72ebcc3.eml,Pilot-Elevage-Nouvelles-Conditions-de-Souscription--2096a93103a5--CGSL_PE_20241128-141536-284--002447dfaec2.pdf,openarchiver,PDF,2024-11,2024,STRONG,SAME_PARENT_COLLECTION|SAME_SOURCE_SYSTEM,same explicitly asserted parent collection; same observed source system,,
urn:openrag:openarchiver:email:9e325a3e-b01f-40bf-8890-b400d4e3d7f4:6337b72e-bcc3-41e6-91db-6d7085d291b7,urn:openrag:openarchiver:attachment:0028824b-244a-4300-b0df-1f3f1cabdae1,En-piece-jointe-courrier-concernant-votre-dossier.-Courrier-SSX00190-0013-65196003-Ref-010778311--6337b72ebcc3.eml,Votre-facture-pour-la-commande-N2829730--84ffe508cabd--FACT_20220214_AG023690D--0028824b244a.pdf,openarchiver,PDF,,,STRONG,SAME_PARENT_COLLECTION|SAME_SOURCE_SYSTEM,same explicitly asserted parent collection; same observed source system,,
urn:openrag:openarchiver:email:9e325a3e-b01f-40bf-8890-b400d4e3d7f4:6337b72e-bcc3-41e6-91db-6d7085d291b7,urn:openrag:openarchiver:attachment:003705e4-68a2-4314-821d-c85903330792,En-piece-jointe-courrier-concernant-votre-dossier.-Courrier-SSX00190-0013-65196003-Ref-010778311--6337b72ebcc3.eml,RE-Liste-des-adherents-a-completer-pour-publication--170ba3652014--Liste-des-adherents--003705e468a2.xlsx,openarchiver,XLSX,2020-10,2020,STRONG,SAME_PARENT_COLLECTION|SAME_SOURCE_SYSTEM,same explicitly asserted parent collection; same observed source system,,
urn:openrag:openarchiver:email:9e325a3e-b01f-40bf-8890-b400d4e3d7f4:6337b72e-bcc3-41e6-91db-6d7085d291b7,urn:openrag:openarchiver:attachment:003c5eaa-5f65-451e-9f45-a2926f705669,En-piece-jointe-courrier-concernant-votre-dossier.-Courrier-SSX00190-0013-65196003-Ref-010778311--6337b72ebcc3.eml,41161905-20092772-Bordereau_Enlevement_nBS1905060030012--797c2a7f514d--Bordereau_Enlevement_nBS1905060030012--003c5eaa5f65.pdf,openarchiver,PDF,2019-05,2019,STRONG,SAME_PARENT_COLLECTION|SAME_SOURCE_SYSTEM,same explicitly asserted parent collection; same observed source system,,
urn:openrag:openarchiver:email:9e325a3e-b01f-40bf-8890-b400d4e3d7f4:6337b72e-bcc3-41e6-91db-6d7085d291b7,urn:openrag:openarchiver:attachment:004d7b71-5f0a-421c-95af-7721261191a5,En-piece-jointe-courrier-concernant-votre-dossier.-Courrier-SSX00190-0013-65196003-Ref-010778311--6337b72ebcc3.eml,TR-Facture-de-vente-a-FERME-DE-POMMERIEUX--cb55b96a6e1c--FV-2020006--004d7b715f0a.pdf,openarchiver,PDF,,,STRONG,SAME_PARENT_COLLECTION|SAME_SOURCE_SYSTEM,same explicitly asserted parent collection; same observed source system,,
urn:openrag:openarchiver:email:9e325a3e-b01f-40bf-8890-b400d4e3d7f4:6337b72e-bcc3-41e6-91db-6d7085d291b7,urn:openrag:openarchiver:attachment:0054fa4c-4d79-4bd0-8c06-7c29c16efe99,En-piece-jointe-courrier-concernant-votre-dossier.-Courrier-SSX00190-0013-65196003-Ref-010778311--6337b72ebcc3.eml,EDF-Entreprises-votre-facture-lectronique-EDF-au-format-PDF--cc70ce58cecc--Facture_EDF_10100416200--0054fa4c4d79.pdf,openarchiver,PDF,,,STRONG,SAME_PARENT_COLLECTION|SAME_SOURCE_SYSTEM,same explicitly asserted parent collection; same observed source system,,
urn:openrag:openarchiver:email:9e325a3e-b01f-40bf-8890-b400d4e3d7f4:6337b72e-bcc3-41e6-91db-6d7085d291b7,urn:openrag:openarchiver:attachment:00555624-ca9e-4f9b-9ec6-a72e49b07552,En-piece-jointe-courrier-concernant-votre-dossier.-Courrier-SSX00190-0013-65196003-Ref-010778311--6337b72ebcc3.eml,Convention-de-stage-pour-Antonin-GALIFRET--fb4e18557aed--Convention-de-stage-pour-Antonin-GALIFRET--00555624ca9e.pdf,openarchiver,PDF,2023-02,2023,STRONG,SAME_PARENT_COLLECTION|SAME_SOURCE_SYSTEM,same explicitly asserted parent collection; same observed source system,,
urn:openrag:openarchiver:email:9e325a3e-b01f-40bf-8890-b400d4e3d7f4:6337b72e-bcc3-41e6-91db-6d7085d291b7,urn:openrag:openarchiver:attachment:0059b188-bd87-4253-a2ad-411cf966d6c4,En-piece-jointe-courrier-concernant-votre-dossier.-Courrier-SSX00190-0013-65196003-Ref-010778311--6337b72ebcc3.eml,Demande-de-coupe-administrative--3d8761211621--demande-d-autorisation-administrative-Eloi-PRIMAUX--0059b188bd87.pdf,openarchiver,PDF,2015-11,2015,STRONG,SAME_PARENT_COLLECTION|SAME_SOURCE_SYSTEM,same explicitly asserted parent collection; same observed source system,,
urn:openrag:openarchiver:email:9e325a3e-b01f-40bf-8890-b400d4e3d7f4:6337b72e-bcc3-41e6-91db-6d7085d291b7,urn:openrag:openarchiver:attachment:007d4162-4815-49a5-976f-33c276df24a4,En-piece-jointe-courrier-concernant-votre-dossier.-Courrier-SSX00190-0013-65196003-Ref-010778311--6337b72ebcc3.eml,Master-Outillage-Votre-devis--a31f0ca5612c--devis_7091--007d41624815.pdf,openarchiver,PDF,2023-08,2023,STRONG,SAME_PARENT_COLLECTION|SAME_SOURCE_SYSTEM,same explicitly asserted parent collection; same observed source system,,
urn:openrag:openarchiver:email:9e325a3e-b01f-40bf-8890-b400d4e3d7f4:6337b72e-bcc3-41e6-91db-6d7085d291b7,urn:openrag:openarchiver:attachment:0088d013-6b3b-496b-8aae-57079f890cea,En-piece-jointe-courrier-concernant-votre-dossier.-Courrier-SSX00190-0013-65196003-Ref-010778311--6337b72ebcc3.eml,Fwd-Avis-CDPENAF-du-07-09-2023--d5b4ea1ba50b--Avis_CDPENAF_signe_ECCA_AKUO_Nouan-le-Fuzelier--0088d0136b3b.pdf,openarchiver,PDF,2023-09,2023,STRONG,SAME_PARENT_COLLECTION|SAME_SOURCE_SYSTEM,same explicitly asserted parent collection; same observed source system,,
urn:openrag:openarchiver:email:9e325a3e-b01f-40bf-8890-b400d4e3d7f4:6337b72e-bcc3-41e6-91db-6d7085d291b7,urn:openrag:openarchiver:attachment:008dce3b-7ebb-4336-b984-4999f54465b0,En-piece-jointe-courrier-concernant-votre-dossier.-Courrier-SSX00190-0013-65196003-Ref-010778311--6337b72ebcc3.eml,MISE-A-JOUR-BASE-DE-DONNEES-DU-RESEAU-BIO--0d8abfb65cc0--FICHE-RESEAU-BIO--008dce3b7ebb.pdf,openarchiver,PDF,2018-06,2018,STRONG,SAME_PARENT_COLLECTION|SAME_SOURCE_SYSTEM,same explicitly asserted parent collection; same observed source system,,
urn:openrag:openarchiver:email:9e325a3e-b01f-40bf-8890-b400d4e3d7f4:6337b72e-bcc3-41e6-91db-6d7085d291b7,urn:openrag:openarchiver:attachment:009db5c2-2e18-4aaf-a0b5-fc79550d2c5b,En-piece-jointe-courrier-concernant-votre-dossier.-Courrier-SSX00190-0013-65196003-Ref-010778311--6337b72ebcc3.eml,factures-client-2012-2013--5aeb8645ef40--factures-client-wisearch--009db5c22e18.pdf,openarchiver,PDF,,,STRONG,SAME_PARENT_COLLECTION|SAME_SOURCE_SYSTEM,same explicitly asserted parent collection; same observed source system,,
urn:openrag:openarchiver:email:9e325a3e-b01f-40bf-8890-b400d4e3d7f4:6337b72e-bcc3-41e6-91db-6d7085d291b7,urn:openrag:openarchiver:attachment:00a5868a-1e63-47f2-a12a-dd86665e5ceb,En-piece-jointe-courrier-concernant-votre-dossier.-Courrier-SSX00190-0013-65196003-Ref-010778311--6337b72ebcc3.eml,Info-Flash-Pissier-n4--90ea458b6f66--Newsletter-n4-avril-25--00a5868a1e63.pdf,openarchiver,PDF,2025-04,2025,STRONG,SAME_PARENT_COLLECTION|SAME_SOURCE_SYSTEM,same explicitly asserted parent collection; same observed source system,,
urn:openrag:openarchiver:email:9e325a3e-b01f-40bf-8890-b400d4e3d7f4:6337b72e-bcc3-41e6-91db-6d7085d291b7,urn:openrag:openarchiver:attachment:00a5c5cc-7075-4223-85f7-3d3d2efd987c,En-piece-jointe-courrier-concernant-votre-dossier.-Courrier-SSX00190-0013-65196003-Ref-010778311--6337b72ebcc3.eml,Prophylaxie-et-rapport-laboratoire--e63de0186eda--FERME-DE-POMMERIEUX-230625_1--00a5c5cc7075.pdf,openarchiver,PDF,2025-06,2025,STRONG,SAME_PARENT_COLLECTION|SAME_SOURCE_SYSTEM,same explicitly asserted parent collection; same observed source system,,
urn:openrag:openarchiver:email:9e325a3e-b01f-40bf-8890-b400d4e3d7f4:6337b72e-bcc3-41e6-91db-6d7085d291b7,urn:openrag:openarchiver:attachment:00a9f05d-eaa8-49e0-9533-6a035b4cdb46,En-piece-jointe-courrier-concernant-votre-dossier.-Courrier-SSX00190-0013-65196003-Ref-010778311--6337b72ebcc3.eml,Votre-facture-Dyson-6231993651--a1bc1668b854--Votre-facture-Dyson-6231993651--00a9f05deaa8.pdf,openarchiver,PDF,2021-02,2021,STRONG,SAME_PARENT_COLLECTION|SAME_SOURCE_SYSTEM,same explicitly asserted parent collection; same observed source system,,
urn:openrag:openarchiver:email:9e325a3e-b01f-40bf-8890-b400d4e3d7f4:6337b72e-bcc3-41e6-91db-6d7085d291b7,urn:openrag:openarchiver:attachment:00add6b5-e8be-4d00-b7ad-f1ec1a38f766,En-piece-jointe-courrier-concernant-votre-dossier.-Courrier-SSX00190-0013-65196003-Ref-010778311--6337b72ebcc3.eml,Preparez-votre-moisson--9b13cbd85568--Guide-Moisson-BARBARY--00add6b5e8be.pdf,openarchiver,PDF,2020-06,2020,STRONG,SAME_PARENT_COLLECTION|SAME_SOURCE_SYSTEM,same explicitly asserted parent collection; same observed source system,,
urn:openrag:openarchiver:email:9e325a3e-b01f-40bf-8890-b400d4e3d7f4:6337b72e-bcc3-41e6-91db-6d7085d291b7,urn:openrag:openarchiver:attachment:00aebf5b-e639-4a83-acff-063ad194e599,En-piece-jointe-courrier-concernant-votre-dossier.-Courrier-SSX00190-0013-65196003-Ref-010778311--6337b72ebcc3.eml,Dossier-6218964--3db2ea6b6d82--Dommages-electriques-four-MW--00aebf5be639.pdf,openarchiver,PDF,2019-01,2019,STRONG,SAME_PARENT_COLLECTION|SAME_SOURCE_SYSTEM,same explicitly asserted parent collection; same observed source system,,
urn:openrag:openarchiver:email:9e325a3e-b01f-40bf-8890-b400d4e3d7f4:6337b72e-bcc3-41e6-91db-6d7085d291b7,urn:openrag:openarchiver:attachment:00b06643-98fa-4aca-a127-16954fabb4c6,En-piece-jointe-courrier-concernant-votre-dossier.-Courrier-SSX00190-0013-65196003-Ref-010778311--6337b72ebcc3.eml,EARL-FERME-DE-POMMERIEUX-courrier-TVA-1er-trimestre-2016--20c9f1e48b72--FDP-Factures0076--00b0664398fa.pdf,openarchiver,PDF,,,STRONG,SAME_PARENT_COLLECTION|SAME_SOURCE_SYSTEM,same explicitly asserted parent collection; same observed source system,,
urn:openrag:openarchiver:email:9e325a3e-b01f-40bf-8890-b400d4e3d7f4:6337b72e-bcc3-41e6-91db-6d7085d291b7,urn:openrag:openarchiver:attachment:00b67f4d-f21a-49b5-8866-9a9a060069e3,En-piece-jointe-courrier-concernant-votre-dossier.-Courrier-SSX00190-0013-65196003-Ref-010778311--6337b72ebcc3.eml,Re-GRAND-LIVRE-GENERAL-FERME-POMMERIEUX--e7c297eef00b--Grand-livre-general-copie--00b67f4df21a.pdf,openarchiver,PDF,,,STRONG,SAME_PARENT_COLLECTION|SAME_SOURCE_SYSTEM,same explicitly asserted parent collection; same observed source system,,
urn:openrag:openarchiver:email:9e325a3e-b01f-40bf-8890-b400d4e3d7f4:af1bbcba-1aba-4580-b55f-a34f8418340d,urn:openrag:openarchiver:attachment:0001a61c-a855-4b76-9fdb-7fd8bc7c9dba,Profitez-de-8-mois-OFFERTS-livraison-GRATUITE--af1bbcba1aba.eml,Cotations-Pissier-au-28-02-23--7d7d4a1f3fdf--Cotations-28-fevrier-2023-Zone-La-Marolle-en-Sologne--0001a61ca855.pdf,openarchiver,PDF,2023-02,2023,STRONG,SAME_PARENT_COLLECTION|SAME_SOURCE_SYSTEM,same explicitly asserted parent collection; same observed source system,,
urn:openrag:openarchiver:email:9e325a3e-b01f-40bf-8890-b400d4e3d7f4:af1bbcba-1aba-4580-b55f-a34f8418340d,urn:openrag:openarchiver:attachment:0005e4ce-7ac9-46d5-85bf-c617760a4a80,Profitez-de-8-mois-OFFERTS-livraison-GRATUITE--af1bbcba1aba.eml,Fwd-Bulletins-de-paie-Decembre-2023-Dossier-023424--0561e9ab0968--Lettre-aux-employeurs-N201-decembre-202-3--0005e4ce7ac9.pdf,openarchiver,PDF,2023-12,2023,STRONG,SAME_PARENT_COLLECTION|SAME_SOURCE_SYSTEM,same explicitly asserted parent collection; same observed source system,,
urn:openrag:openarchiver:email:9e325a3e-b01f-40bf-8890-b400d4e3d7f4:af1bbcba-1aba-4580-b55f-a34f8418340d,urn:openrag:openarchiver:attachment:0007e8d9-f14b-4a16-8590-bb209c5d572f,Profitez-de-8-mois-OFFERTS-livraison-GRATUITE--af1bbcba1aba.eml,MAIL-EXTERIEUR-Comptes-rendus-de-livraison-ovins-du-31-10-22-au-06-11-22--d4c8d84a4d61--Compte-rendu-de-livraison_H803397_semaine44_2022--0007e8d9f14b.pdf,openarchiver,PDF,2022-11,2022,STRONG,SAME_PARENT_COLLECTION|SAME_SOURCE_SYSTEM,same explicitly asserted parent collection; same observed source system,,
urn:openrag:openarchiver:email:9e325a3e-b01f-40bf-8890-b400d4e3d7f4:af1bbcba-1aba-4580-b55f-a34f8418340d,urn:openrag:openarchiver:attachment:0014240c-9ba5-4ade-a6f3-7bc4fb09467a,Profitez-de-8-mois-OFFERTS-livraison-GRATUITE--af1bbcba1aba.eml,Invitation-coloque-agriculture-gestion-de-lespace-rural-conservation-du-petit-gibier-28-novembre-palais-du-luxembourg--1e72dda62361--programme-pour-le-colloque-du-28-novembre-2016-,openarchiver,PDF,,,STRONG,SAME_PARENT_COLLECTION|SAME_SOURCE_SYSTEM,same explicitly asserted parent collection; same observed source system,,
urn:openrag:openarchiver:email:9e325a3e-b01f-40bf-8890-b400d4e3d7f4:af1bbcba-1aba-4580-b55f-a34f8418340d,urn:openrag:openarchiver:attachment:0018b759-73a0-40a1-beb1-187b1de0d85d,Profitez-de-8-mois-OFFERTS-livraison-GRATUITE--af1bbcba1aba.eml,Master-Outillage-En-cours-de-livraison--560469ce1998--LI300235--0018b75973a0.pdf,openarchiver,PDF,2021-06,2021,STRONG,SAME_PARENT_COLLECTION|SAME_SOURCE_SYSTEM,same explicitly asserted parent collection; same observed source system,,
urn:openrag:openarchiver:email:9e325a3e-b01f-40bf-8890-b400d4e3d7f4:af1bbcba-1aba-4580-b55f-a34f8418340d,urn:openrag:openarchiver:attachment:002447df-aec2-452b-aabd-3746d2af8591,Profitez-de-8-mois-OFFERTS-livraison-GRATUITE--af1bbcba1aba.eml,Pilot-Elevage-Nouvelles-Conditions-de-Souscription--2096a93103a5--CGSL_PE_20241128-141536-284--002447dfaec2.pdf,openarchiver,PDF,2024-11,2024,STRONG,SAME_PARENT_COLLECTION|SAME_SOURCE_SYSTEM,same explicitly asserted parent collection; same observed source system,,
urn:openrag:openarchiver:email:9e325a3e-b01f-40bf-8890-b400d4e3d7f4:af1bbcba-1aba-4580-b55f-a34f8418340d,urn:openrag:openarchiver:attachment:0028824b-244a-4300-b0df-1f3f1cabdae1,Profitez-de-8-mois-OFFERTS-livraison-GRATUITE--af1bbcba1aba.eml,Votre-facture-pour-la-commande-N2829730--84ffe508cabd--FACT_20220214_AG023690D--0028824b244a.pdf,openarchiver,PDF,,,STRONG,SAME_PARENT_COLLECTION|SAME_SOURCE_SYSTEM,same explicitly asserted parent collection; same observed source system,,
urn:openrag:openarchiver:email:9e325a3e-b01f-40bf-8890-b400d4e3d7f4:af1bbcba-1aba-4580-b55f-a34f8418340d,urn:openrag:openarchiver:attachment:003705e4-68a2-4314-821d-c85903330792,Profitez-de-8-mois-OFFERTS-livraison-GRATUITE--af1bbcba1aba.eml,RE-Liste-des-adherents-a-completer-pour-publication--170ba3652014--Liste-des-adherents--003705e468a2.xlsx,openarchiver,XLSX,2020-10,2020,STRONG,SAME_PARENT_COLLECTION|SAME_SOURCE_SYSTEM,same explicitly asserted parent collection; same observed source system,,
urn:openrag:openarchiver:email:9e325a3e-b01f-40bf-8890-b400d4e3d7f4:af1bbcba-1aba-4580-b55f-a34f8418340d,urn:openrag:openarchiver:attachment:003c5eaa-5f65-451e-9f45-a2926f705669,Profitez-de-8-mois-OFFERTS-livraison-GRATUITE--af1bbcba1aba.eml,41161905-20092772-Bordereau_Enlevement_nBS1905060030012--797c2a7f514d--Bordereau_Enlevement_nBS1905060030012--003c5eaa5f65.pdf,openarchiver,PDF,2019-05,2019,STRONG,SAME_PARENT_COLLECTION|SAME_SOURCE_SYSTEM,same explicitly asserted parent collection; same observed source system,,
urn:openrag:openarchiver:email:9e325a3e-b01f-40bf-8890-b400d4e3d7f4:af1bbcba-1aba-4580-b55f-a34f8418340d,urn:openrag:openarchiver:attachment:004d7b71-5f0a-421c-95af-7721261191a5,Profitez-de-8-mois-OFFERTS-livraison-GRATUITE--af1bbcba1aba.eml,TR-Facture-de-vente-a-FERME-DE-POMMERIEUX--cb55b96a6e1c--FV-2020006--004d7b715f0a.pdf,openarchiver,PDF,,,STRONG,SAME_PARENT_COLLECTION|SAME_SOURCE_SYSTEM,same explicitly asserted parent collection; same observed source system,,
urn:openrag:openarchiver:email:9e325a3e-b01f-40bf-8890-b400d4e3d7f4:af1bbcba-1aba-4580-b55f-a34f8418340d,urn:openrag:openarchiver:attachment:0054fa4c-4d79-4bd0-8c06-7c29c16efe99,Profitez-de-8-mois-OFFERTS-livraison-GRATUITE--af1bbcba1aba.eml,EDF-Entreprises-votre-facture-lectronique-EDF-au-format-PDF--cc70ce58cecc--Facture_EDF_10100416200--0054fa4c4d79.pdf,openarchiver,PDF,,,STRONG,SAME_PARENT_COLLECTION|SAME_SOURCE_SYSTEM,same explicitly asserted parent collection; same observed source system,,
urn:openrag:openarchiver:email:9e325a3e-b01f-40bf-8890-b400d4e3d7f4:af1bbcba-1aba-4580-b55f-a34f8418340d,urn:openrag:openarchiver:attachment:00555624-ca9e-4f9b-9ec6-a72e49b07552,Profitez-de-8-mois-OFFERTS-livraison-GRATUITE--af1bbcba1aba.eml,Convention-de-stage-pour-Antonin-GALIFRET--fb4e18557aed--Convention-de-stage-pour-Antonin-GALIFRET--00555624ca9e.pdf,openarchiver,PDF,2023-02,2023,STRONG,SAME_PARENT_COLLECTION|SAME_SOURCE_SYSTEM,same explicitly asserted parent collection; same observed source system,,
urn:openrag:openarchiver:email:9e325a3e-b01f-40bf-8890-b400d4e3d7f4:af1bbcba-1aba-4580-b55f-a34f8418340d,urn:openrag:openarchiver:attachment:0059b188-bd87-4253-a2ad-411cf966d6c4,Profitez-de-8-mois-OFFERTS-livraison-GRATUITE--af1bbcba1aba.eml,Demande-de-coupe-administrative--3d8761211621--demande-d-autorisation-administrative-Eloi-PRIMAUX--0059b188bd87.pdf,openarchiver,PDF,2015-11,2015,STRONG,SAME_PARENT_COLLECTION|SAME_SOURCE_SYSTEM,same explicitly asserted parent collection; same observed source system,,
urn:openrag:openarchiver:email:9e325a3e-b01f-40bf-8890-b400d4e3d7f4:af1bbcba-1aba-4580-b55f-a34f8418340d,urn:openrag:openarchiver:attachment:007d4162-4815-49a5-976f-33c276df24a4,Profitez-de-8-mois-OFFERTS-livraison-GRATUITE--af1bbcba1aba.eml,Master-Outillage-Votre-devis--a31f0ca5612c--devis_7091--007d41624815.pdf,openarchiver,PDF,2023-08,2023,STRONG,SAME_PARENT_COLLECTION|SAME_SOURCE_SYSTEM,same explicitly asserted parent collection; same observed source system,,
urn:openrag:openarchiver:email:9e325a3e-b01f-40bf-8890-b400d4e3d7f4:af1bbcba-1aba-4580-b55f-a34f8418340d,urn:openrag:openarchiver:attachment:0088d013-6b3b-496b-8aae-57079f890cea,Profitez-de-8-mois-OFFERTS-livraison-GRATUITE--af1bbcba1aba.eml,Fwd-Avis-CDPENAF-du-07-09-2023--d5b4ea1ba50b--Avis_CDPENAF_signe_ECCA_AKUO_Nouan-le-Fuzelier--0088d0136b3b.pdf,openarchiver,PDF,2023-09,2023,STRONG,SAME_PARENT_COLLECTION|SAME_SOURCE_SYSTEM,same explicitly asserted parent collection; same observed source system,,
urn:openrag:openarchiver:email:9e325a3e-b01f-40bf-8890-b400d4e3d7f4:af1bbcba-1aba-4580-b55f-a34f8418340d,urn:openrag:openarchiver:attachment:008dce3b-7ebb-4336-b984-4999f54465b0,Profitez-de-8-mois-OFFERTS-livraison-GRATUITE--af1bbcba1aba.eml,MISE-A-JOUR-BASE-DE-DONNEES-DU-RESEAU-BIO--0d8abfb65cc0--FICHE-RESEAU-BIO--008dce3b7ebb.pdf,openarchiver,PDF,2018-06,2018,STRONG,SAME_PARENT_COLLECTION|SAME_SOURCE_SYSTEM,same explicitly asserted parent collection; same observed source system,,
urn:openrag:openarchiver:email:9e325a3e-b01f-40bf-8890-b400d4e3d7f4:af1bbcba-1aba-4580-b55f-a34f8418340d,urn:openrag:openarchiver:attachment:009db5c2-2e18-4aaf-a0b5-fc79550d2c5b,Profitez-de-8-mois-OFFERTS-livraison-GRATUITE--af1bbcba1aba.eml,factures-client-2012-2013--5aeb8645ef40--factures-client-wisearch--009db5c22e18.pdf,openarchiver,PDF,,,STRONG,SAME_PARENT_COLLECTION|SAME_SOURCE_SYSTEM,same explicitly asserted parent collection; same observed source system,,
urn:openrag:openarchiver:email:9e325a3e-b01f-40bf-8890-b400d4e3d7f4:af1bbcba-1aba-4580-b55f-a34f8418340d,urn:openrag:openarchiver:attachment:00a5868a-1e63-47f2-a12a-dd86665e5ceb,Profitez-de-8-mois-OFFERTS-livraison-GRATUITE--af1bbcba1aba.eml,Info-Flash-Pissier-n4--90ea458b6f66--Newsletter-n4-avril-25--00a5868a1e63.pdf,openarchiver,PDF,2025-04,2025,STRONG,SAME_PARENT_COLLECTION|SAME_SOURCE_SYSTEM,same explicitly asserted parent collection; same observed source system,,
urn:openrag:openarchiver:email:9e325a3e-b01f-40bf-8890-b400d4e3d7f4:af1bbcba-1aba-4580-b55f-a34f8418340d,urn:openrag:openarchiver:attachment:00a5c5cc-7075-4223-85f7-3d3d2efd987c,Profitez-de-8-mois-OFFERTS-livraison-GRATUITE--af1bbcba1aba.eml,Prophylaxie-et-rapport-laboratoire--e63de0186eda--FERME-DE-POMMERIEUX-230625_1--00a5c5cc7075.pdf,openarchiver,PDF,2025-06,2025,STRONG,SAME_PARENT_COLLECTION|SAME_SOURCE_SYSTEM,same explicitly asserted parent collection; same observed source system,,
urn:openrag:openarchiver:email:9e325a3e-b01f-40bf-8890-b400d4e3d7f4:af1bbcba-1aba-4580-b55f-a34f8418340d,urn:openrag:openarchiver:attachment:00a9f05d-eaa8-49e0-9533-6a035b4cdb46,Profitez-de-8-mois-OFFERTS-livraison-GRATUITE--af1bbcba1aba.eml,Votre-facture-Dyson-6231993651--a1bc1668b854--Votre-facture-Dyson-6231993651--00a9f05deaa8.pdf,openarchiver,PDF,2021-02,2021,STRONG,SAME_PARENT_COLLECTION|SAME_SOURCE_SYSTEM,same explicitly asserted parent collection; same observed source system,,
urn:openrag:openarchiver:email:9e325a3e-b01f-40bf-8890-b400d4e3d7f4:af1bbcba-1aba-4580-b55f-a34f8418340d,urn:openrag:openarchiver:attachment:00add6b5-e8be-4d00-b7ad-f1ec1a38f766,Profitez-de-8-mois-OFFERTS-livraison-GRATUITE--af1bbcba1aba.eml,Preparez-votre-moisson--9b13cbd85568--Guide-Moisson-BARBARY--00add6b5e8be.pdf,openarchiver,PDF,2020-06,2020,STRONG,SAME_PARENT_COLLECTION|SAME_SOURCE_SYSTEM,same explicitly asserted parent collection; same observed source system,,
urn:openrag:openarchiver:email:9e325a3e-b01f-40bf-8890-b400d4e3d7f4:af1bbcba-1aba-4580-b55f-a34f8418340d,urn:openrag:openarchiver:attachment:00aebf5b-e639-4a83-acff-063ad194e599,Profitez-de-8-mois-OFFERTS-livraison-GRATUITE--af1bbcba1aba.eml,Dossier-6218964--3db2ea6b6d82--Dommages-electriques-four-MW--00aebf5be639.pdf,openarchiver,PDF,2019-01,2019,STRONG,SAME_PARENT_COLLECTION|SAME_SOURCE_SYSTEM,same explicitly asserted parent collection; same observed source system,,
urn:openrag:openarchiver:email:9e325a3e-b01f-40bf-8890-b400d4e3d7f4:af1bbcba-1aba-4580-b55f-a34f8418340d,urn:openrag:openarchiver:attachment:00b06643-98fa-4aca-a127-16954fabb4c6,Profitez-de-8-mois-OFFERTS-livraison-GRATUITE--af1bbcba1aba.eml,EARL-FERME-DE-POMMERIEUX-courrier-TVA-1er-trimestre-2016--20c9f1e48b72--FDP-Factures0076--00b0664398fa.pdf,openarchiver,PDF,,,STRONG,SAME_PARENT_COLLECTION|SAME_SOURCE_SYSTEM,same explicitly asserted parent collection; same observed source system,,
urn:openrag:openarchiver:email:9e325a3e-b01f-40bf-8890-b400d4e3d7f4:af1bbcba-1aba-4580-b55f-a34f8418340d,urn:openrag:openarchiver:attachment:00b67f4d-f21a-49b5-8866-9a9a060069e3,Profitez-de-8-mois-OFFERTS-livraison-GRATUITE--af1bbcba1aba.eml,Re-GRAND-LIVRE-GENERAL-FERME-POMMERIEUX--e7c297eef00b--Grand-livre-general-copie--00b67f4df21a.pdf,openarchiver,PDF,,,STRONG,SAME_PARENT_COLLECTION|SAME_SOURCE_SYSTEM,same explicitly asserted parent collection; same observed source system,,
urn:openrag:openarchiver:email:9e325a3e-b01f-40bf-8890-b400d4e3d7f4:1101f4eb-5805-4a08-93e1-be1e83431c30,urn:openrag:openarchiver:attachment:0001a61c-a855-4b76-9fdb-7fd8bc7c9dba,Re-Agneau-de-Sologne-Recherche-belier--1101f4eb5805.eml,Cotations-Pissier-au-28-02-23--7d7d4a1f3fdf--Cotations-28-fevrier-2023-Zone-La-Marolle-en-Sologne--0001a61ca855.pdf,openarchiver,PDF,2023-02,2023,STRONG,SAME_PARENT_COLLECTION|SAME_SOURCE_SYSTEM,same explicitly asserted parent collection; same observed source system,,
urn:openrag:openarchiver:email:9e325a3e-b01f-40bf-8890-b400d4e3d7f4:1101f4eb-5805-4a08-93e1-be1e83431c30,urn:openrag:openarchiver:attachment:0005e4ce-7ac9-46d5-85bf-c617760a4a80,Re-Agneau-de-Sologne-Recherche-belier--1101f4eb5805.eml,Fwd-Bulletins-de-paie-Decembre-2023-Dossier-023424--0561e9ab0968--Lettre-aux-employeurs-N201-decembre-202-3--0005e4ce7ac9.pdf,openarchiver,PDF,2023-12,2023,STRONG,SAME_PARENT_COLLECTION|SAME_SOURCE_SYSTEM,same explicitly asserted parent collection; same observed source system,,
urn:openrag:openarchiver:email:9e325a3e-b01f-40bf-8890-b400d4e3d7f4:1101f4eb-5805-4a08-93e1-be1e83431c30,urn:openrag:openarchiver:attachment:0007e8d9-f14b-4a16-8590-bb209c5d572f,Re-Agneau-de-Sologne-Recherche-belier--1101f4eb5805.eml,MAIL-EXTERIEUR-Comptes-rendus-de-livraison-ovins-du-31-10-22-au-06-11-22--d4c8d84a4d61--Compte-rendu-de-livraison_H803397_semaine44_2022--0007e8d9f14b.pdf,openarchiver,PDF,2022-11,2022,STRONG,SAME_PARENT_COLLECTION|SAME_SOURCE_SYSTEM,same explicitly asserted parent collection; same observed source system,,
urn:openrag:openarchiver:email:9e325a3e-b01f-40bf-8890-b400d4e3d7f4:1101f4eb-5805-4a08-93e1-be1e83431c30,urn:openrag:openarchiver:attachment:0014240c-9ba5-4ade-a6f3-7bc4fb09467a,Re-Agneau-de-Sologne-Recherche-belier--1101f4eb5805.eml,Invitation-coloque-agriculture-gestion-de-lespace-rural-conservation-du-petit-gibier-28-novembre-palais-du-luxembourg--1e72dda62361--programme-pour-le-colloque-du-28-novembre-2016-,openarchiver,PDF,,,STRONG,SAME_PARENT_COLLECTION|SAME_SOURCE_SYSTEM,same explicitly asserted parent collection; same observed source system,,
urn:openrag:openarchiver:email:9e325a3e-b01f-40bf-8890-b400d4e3d7f4:1101f4eb-5805-4a08-93e1-be1e83431c30,urn:openrag:openarchiver:attachment:0018b759-73a0-40a1-beb1-187b1de0d85d,Re-Agneau-de-Sologne-Recherche-belier--1101f4eb5805.eml,Master-Outillage-En-cours-de-livraison--560469ce1998--LI300235--0018b75973a0.pdf,openarchiver,PDF,2021-06,2021,STRONG,SAME_PARENT_COLLECTION|SAME_SOURCE_SYSTEM|SAME_PRODUCTION_YEAR|SAME_PRODUCTION_YEAR_UTC,same explicitly asserted parent collection; same observed source system; same observed production year (source-local calendar): 2021; same observed production year (UTC calendar): 2021,,
urn:openrag:openarchiver:email:9e325a3e-b01f-40bf-8890-b400d4e3d7f4:1101f4eb-5805-4a08-93e1-be1e83431c30,urn:openrag:openarchiver:attachment:002447df-aec2-452b-aabd-3746d2af8591,Re-Agneau-de-Sologne-Recherche-belier--1101f4eb5805.eml,Pilot-Elevage-Nouvelles-Conditions-de-Souscription--2096a93103a5--CGSL_PE_20241128-141536-284--002447dfaec2.pdf,openarchiver,PDF,2024-11,2024,STRONG,SAME_PARENT_COLLECTION|SAME_SOURCE_SYSTEM,same explicitly asserted parent collection; same observed source system,,
urn:openrag:openarchiver:email:9e325a3e-b01f-40bf-8890-b400d4e3d7f4:1101f4eb-5805-4a08-93e1-be1e83431c30,urn:openrag:openarchiver:attachment:0028824b-244a-4300-b0df-1f3f1cabdae1,Re-Agneau-de-Sologne-Recherche-belier--1101f4eb5805.eml,Votre-facture-pour-la-commande-N2829730--84ffe508cabd--FACT_20220214_AG023690D--0028824b244a.pdf,openarchiver,PDF,,,STRONG,SAME_PARENT_COLLECTION|SAME_SOURCE_SYSTEM,same explicitly asserted parent collection; same observed source system,,
urn:openrag:openarchiver:email:9e325a3e-b01f-40bf-8890-b400d4e3d7f4:1101f4eb-5805-4a08-93e1-be1e83431c30,urn:openrag:openarchiver:attachment:003705e4-68a2-4314-821d-c85903330792,Re-Agneau-de-Sologne-Recherche-belier--1101f4eb5805.eml,RE-Liste-des-adherents-a-completer-pour-publication--170ba3652014--Liste-des-adherents--003705e468a2.xlsx,openarchiver,XLSX,2020-10,2020,STRONG,SAME_PARENT_COLLECTION|SAME_SOURCE_SYSTEM,same explicitly asserted parent collection; same observed source system,,
urn:openrag:openarchiver:email:9e325a3e-b01f-40bf-8890-b400d4e3d7f4:1101f4eb-5805-4a08-93e1-be1e83431c30,urn:openrag:openarchiver:attachment:003c5eaa-5f65-451e-9f45-a2926f705669,Re-Agneau-de-Sologne-Recherche-belier--1101f4eb5805.eml,41161905-20092772-Bordereau_Enlevement_nBS1905060030012--797c2a7f514d--Bordereau_Enlevement_nBS1905060030012--003c5eaa5f65.pdf,openarchiver,PDF,2019-05,2019,STRONG,SAME_PARENT_COLLECTION|SAME_SOURCE_SYSTEM,same explicitly asserted parent collection; same observed source system,,
urn:openrag:openarchiver:email:9e325a3e-b01f-40bf-8890-b400d4e3d7f4:1101f4eb-5805-4a08-93e1-be1e83431c30,urn:openrag:openarchiver:attachment:004d7b71-5f0a-421c-95af-7721261191a5,Re-Agneau-de-Sologne-Recherche-belier--1101f4eb5805.eml,TR-Facture-de-vente-a-FERME-DE-POMMERIEUX--cb55b96a6e1c--FV-2020006--004d7b715f0a.pdf,openarchiver,PDF,,,STRONG,SAME_PARENT_COLLECTION|SAME_SOURCE_SYSTEM,same explicitly asserted parent collection; same observed source system,,
urn:openrag:openarchiver:email:9e325a3e-b01f-40bf-8890-b400d4e3d7f4:1101f4eb-5805-4a08-93e1-be1e83431c30,urn:openrag:openarchiver:attachment:0054fa4c-4d79-4bd0-8c06-7c29c16efe99,Re-Agneau-de-Sologne-Recherche-belier--1101f4eb5805.eml,EDF-Entreprises-votre-facture-lectronique-EDF-au-format-PDF--cc70ce58cecc--Facture_EDF_10100416200--0054fa4c4d79.pdf,openarchiver,PDF,,,STRONG,SAME_PARENT_COLLECTION|SAME_SOURCE_SYSTEM,same explicitly asserted parent collection; same observed source system,,
urn:openrag:openarchiver:email:9e325a3e-b01f-40bf-8890-b400d4e3d7f4:1101f4eb-5805-4a08-93e1-be1e83431c30,urn:openrag:openarchiver:attachment:00555624-ca9e-4f9b-9ec6-a72e49b07552,Re-Agneau-de-Sologne-Recherche-belier--1101f4eb5805.eml,Convention-de-stage-pour-Antonin-GALIFRET--fb4e18557aed--Convention-de-stage-pour-Antonin-GALIFRET--00555624ca9e.pdf,openarchiver,PDF,2023-02,2023,STRONG,SAME_PARENT_COLLECTION|SAME_SOURCE_SYSTEM,same explicitly asserted parent collection; same observed source system,,
urn:openrag:openarchiver:email:9e325a3e-b01f-40bf-8890-b400d4e3d7f4:1101f4eb-5805-4a08-93e1-be1e83431c30,urn:openrag:openarchiver:attachment:0059b188-bd87-4253-a2ad-411cf966d6c4,Re-Agneau-de-Sologne-Recherche-belier--1101f4eb5805.eml,Demande-de-coupe-administrative--3d8761211621--demande-d-autorisation-administrative-Eloi-PRIMAUX--0059b188bd87.pdf,openarchiver,PDF,2015-11,2015,STRONG,SAME_PARENT_COLLECTION|SAME_SOURCE_SYSTEM,same explicitly asserted parent collection; same observed source system,,
urn:openrag:openarchiver:email:9e325a3e-b01f-40bf-8890-b400d4e3d7f4:1101f4eb-5805-4a08-93e1-be1e83431c30,urn:openrag:openarchiver:attachment:007d4162-4815-49a5-976f-33c276df24a4,Re-Agneau-de-Sologne-Recherche-belier--1101f4eb5805.eml,Master-Outillage-Votre-devis--a31f0ca5612c--devis_7091--007d41624815.pdf,openarchiver,PDF,2023-08,2023,STRONG,SAME_PARENT_COLLECTION|SAME_SOURCE_SYSTEM,same explicitly asserted parent collection; same observed source system,,
urn:openrag:openarchiver:email:9e325a3e-b01f-40bf-8890-b400d4e3d7f4:1101f4eb-5805-4a08-93e1-be1e83431c30,urn:openrag:openarchiver:attachment:0088d013-6b3b-496b-8aae-57079f890cea,Re-Agneau-de-Sologne-Recherche-belier--1101f4eb5805.eml,Fwd-Avis-CDPENAF-du-07-09-2023--d5b4ea1ba50b--Avis_CDPENAF_signe_ECCA_AKUO_Nouan-le-Fuzelier--0088d0136b3b.pdf,openarchiver,PDF,2023-09,2023,STRONG,SAME_PARENT_COLLECTION|SAME_SOURCE_SYSTEM,same explicitly asserted parent collection; same observed source system,,
urn:openrag:openarchiver:email:9e325a3e-b01f-40bf-8890-b400d4e3d7f4:1101f4eb-5805-4a08-93e1-be1e83431c30,urn:openrag:openarchiver:attachment:008dce3b-7ebb-4336-b984-4999f54465b0,Re-Agneau-de-Sologne-Recherche-belier--1101f4eb5805.eml,MISE-A-JOUR-BASE-DE-DONNEES-DU-RESEAU-BIO--0d8abfb65cc0--FICHE-RESEAU-BIO--008dce3b7ebb.pdf,openarchiver,PDF,2018-06,2018,STRONG,SAME_PARENT_COLLECTION|SAME_SOURCE_SYSTEM,same explicitly asserted parent collection; same observed source system,,
urn:openrag:openarchiver:email:9e325a3e-b01f-40bf-8890-b400d4e3d7f4:1101f4eb-5805-4a08-93e1-be1e83431c30,urn:openrag:openarchiver:attachment:009db5c2-2e18-4aaf-a0b5-fc79550d2c5b,Re-Agneau-de-Sologne-Recherche-belier--1101f4eb5805.eml,factures-client-2012-2013--5aeb8645ef40--factures-client-wisearch--009db5c22e18.pdf,openarchiver,PDF,,,STRONG,SAME_PARENT_COLLECTION|SAME_SOURCE_SYSTEM,same explicitly asserted parent collection; same observed source system,,
urn:openrag:openarchiver:email:9e325a3e-b01f-40bf-8890-b400d4e3d7f4:1101f4eb-5805-4a08-93e1-be1e83431c30,urn:openrag:openarchiver:attachment:00a5868a-1e63-47f2-a12a-dd86665e5ceb,Re-Agneau-de-Sologne-Recherche-belier--1101f4eb5805.eml,Info-Flash-Pissier-n4--90ea458b6f66--Newsletter-n4-avril-25--00a5868a1e63.pdf,openarchiver,PDF,2025-04,2025,STRONG,SAME_PARENT_COLLECTION|SAME_SOURCE_SYSTEM,same explicitly asserted parent collection; same observed source system,,
urn:openrag:openarchiver:email:9e325a3e-b01f-40bf-8890-b400d4e3d7f4:1101f4eb-5805-4a08-93e1-be1e83431c30,urn:openrag:openarchiver:attachment:00a5c5cc-7075-4223-85f7-3d3d2efd987c,Re-Agneau-de-Sologne-Recherche-belier--1101f4eb5805.eml,Prophylaxie-et-rapport-laboratoire--e63de0186eda--FERME-DE-POMMERIEUX-230625_1--00a5c5cc7075.pdf,openarchiver,PDF,2025-06,2025,STRONG,SAME_PARENT_COLLECTION|SAME_SOURCE_SYSTEM,same explicitly asserted parent collection; same observed source system,,
urn:openrag:openarchiver:email:9e325a3e-b01f-40bf-8890-b400d4e3d7f4:1101f4eb-5805-4a08-93e1-be1e83431c30,urn:openrag:openarchiver:attachment:00a9f05d-eaa8-49e0-9533-6a035b4cdb46,Re-Agneau-de-Sologne-Recherche-belier--1101f4eb5805.eml,Votre-facture-Dyson-6231993651--a1bc1668b854--Votre-facture-Dyson-6231993651--00a9f05deaa8.pdf,openarchiver,PDF,2021-02,2021,STRONG,SAME_PARENT_COLLECTION|SAME_SOURCE_SYSTEM|SAME_PRODUCTION_YEAR,same explicitly asserted parent collection; same observed source system; same observed production year (source-local calendar): 2021,,
urn:openrag:openarchiver:email:9e325a3e-b01f-40bf-8890-b400d4e3d7f4:1101f4eb-5805-4a08-93e1-be1e83431c30,urn:openrag:openarchiver:attachment:00add6b5-e8be-4d00-b7ad-f1ec1a38f766,Re-Agneau-de-Sologne-Recherche-belier--1101f4eb5805.eml,Preparez-votre-moisson--9b13cbd85568--Guide-Moisson-BARBARY--00add6b5e8be.pdf,openarchiver,PDF,2020-06,2020,STRONG,SAME_PARENT_COLLECTION|SAME_SOURCE_SYSTEM,same explicitly asserted parent collection; same observed source system,,
urn:openrag:openarchiver:email:9e325a3e-b01f-40bf-8890-b400d4e3d7f4:1101f4eb-5805-4a08-93e1-be1e83431c30,urn:openrag:openarchiver:attachment:00aebf5b-e639-4a83-acff-063ad194e599,Re-Agneau-de-Sologne-Recherche-belier--1101f4eb5805.eml,Dossier-6218964--3db2ea6b6d82--Dommages-electriques-four-MW--00aebf5be639.pdf,openarchiver,PDF,2019-01,2019,STRONG,SAME_PARENT_COLLECTION|SAME_SOURCE_SYSTEM,same explicitly asserted parent collection; same observed source system,,
urn:openrag:openarchiver:email:9e325a3e-b01f-40bf-8890-b400d4e3d7f4:1101f4eb-5805-4a08-93e1-be1e83431c30,urn:openrag:openarchiver:attachment:00b06643-98fa-4aca-a127-16954fabb4c6,Re-Agneau-de-Sologne-Recherche-belier--1101f4eb5805.eml,EARL-FERME-DE-POMMERIEUX-courrier-TVA-1er-trimestre-2016--20c9f1e48b72--FDP-Factures0076--00b0664398fa.pdf,openarchiver,PDF,,,STRONG,SAME_PARENT_COLLECTION|SAME_SOURCE_SYSTEM,same explicitly asserted parent collection; same observed source system,,
urn:openrag:openarchiver:email:9e325a3e-b01f-40bf-8890-b400d4e3d7f4:1101f4eb-5805-4a08-93e1-be1e83431c30,urn:openrag:openarchiver:attachment:00b67f4d-f21a-49b5-8866-9a9a060069e3,Re-Agneau-de-Sologne-Recherche-belier--1101f4eb5805.eml,Re-GRAND-LIVRE-GENERAL-FERME-POMMERIEUX--e7c297eef00b--Grand-livre-general-copie--00b67f4df21a.pdf,openarchiver,PDF,,,STRONG,SAME_PARENT_COLLECTION|SAME_SOURCE_SYSTEM,same explicitly asserted parent collection; same observed source system,,
urn:openrag:openarchiver:email:6ca4c5b5-3440-4c50-8666-cecfa25916d5:902ce2ad-0c19-431f-8376-dda928273ecc,urn:openrag:openarchiver:attachment:0027f0eb-90fd-49cc-8790-a60ec4e6059a,Justificatif-de-paiement-Infogreffe--902ce2ad0c19.eml,Gamme-fruitiers-Pepiniere-Charge--154603e29102--GAMME-FRUITIERS-COMPLETE-Charge--0027f0eb90fd.docx,openarchiver,DOCX,2015-12,2015,STRONG,SAME_PARENT_COLLECTION|SAME_SOURCE_SYSTEM,same explicitly asserted parent collection; same observed source system,,
urn:openrag:openarchiver:email:6ca4c5b5-3440-4c50-8666-cecfa25916d5:902ce2ad-0c19-431f-8376-dda928273ecc,urn:openrag:openarchiver:attachment:0048cd42-93d2-497e-a987-c3d55fee4a8a,Justificatif-de-paiement-Infogreffe--902ce2ad0c19.eml,LLA-CHVE-de-Livet-Elements-demandes--a847c9f45161--Grands-livres-Formations-du-01012022-au-30092022--0048cd4293d2.pdf,openarchiver,PDF,2023-11,2023,STRONG,SAME_PARENT_COLLECTION|SAME_SOURCE_SYSTEM,same explicitly asserted parent collection; same observed source system,,
urn:openrag:openarchiver:email:6ca4c5b5-3440-4c50-8666-cecfa25916d5:902ce2ad-0c19-431f-8376-dda928273ecc,urn:openrag:openarchiver:attachment:0078f47f-6470-449f-be65-3d67ec757cee,Justificatif-de-paiement-Infogreffe--902ce2ad0c19.eml,CHEQUES-US-BNAKCORP--2a997cee6146--4077_001--0078f47f6470.pdf,openarchiver,PDF,2019-10,2019,STRONG,SAME_PARENT_COLLECTION|SAME_SOURCE_SYSTEM,same explicitly asserted parent collection; same observed source system,,
urn:openrag:openarchiver:email:6ca4c5b5-3440-4c50-8666-cecfa25916d5:902ce2ad-0c19-431f-8376-dda928273ecc,urn:openrag:openarchiver:attachment:008c8390-866b-47ac-89f2-c9d1753121ee,Justificatif-de-paiement-Infogreffe--902ce2ad0c19.eml,TR-enquete-RELANCE--168340802d70--20190612105407271--008c8390866b.pdf,openarchiver,PDF,2019-06,2019,STRONG,SAME_PARENT_COLLECTION|SAME_SOURCE_SYSTEM,same explicitly asserted parent collection; same observed source system,,
urn:openrag:openarchiver:email:6ca4c5b5-3440-4c50-8666-cecfa25916d5:902ce2ad-0c19-431f-8376-dda928273ecc,urn:openrag:openarchiver:attachment:00b4a859-6674-43df-bc52-89f8ad850146,Justificatif-de-paiement-Infogreffe--902ce2ad0c19.eml,cerfa-pour-agrement-CEA--83afe015fd9c--cerfa_14906-02--00b4a8596674.pdf,openarchiver,PDF,2013-06,2013,STRONG,SAME_PARENT_COLLECTION|SAME_SOURCE_SYSTEM,same explicitly asserted parent collection; same observed source system,,
urn:openrag:openarchiver:email:6ca4c5b5-3440-4c50-8666-cecfa25916d5:902ce2ad-0c19-431f-8376-dda928273ecc,urn:openrag:openarchiver:attachment:00c867de-5595-4cca-9cc7-c81294a1d170,Justificatif-de-paiement-Infogreffe--902ce2ad0c19.eml,mail--daa579f1b941--1424976504402.pdf0Y--00c867de5595.pdf,openarchiver,PDF,2015-02,2015,STRONG,SAME_PARENT_COLLECTION|SAME_SOURCE_SYSTEM,same explicitly asserted parent collection; same observed source system,,
urn:openrag:openarchiver:email:6ca4c5b5-3440-4c50-8666-cecfa25916d5:902ce2ad-0c19-431f-8376-dda928273ecc,urn:openrag:openarchiver:attachment:00c9c750-9290-431c-a719-b35d704091bd,Justificatif-de-paiement-Infogreffe--902ce2ad0c19.eml,mail--5ecf6dafa1ba--1424975115866.pdf0YO--00c9c7509290.pdf,openarchiver,PDF,2015-02,2015,STRONG,SAME_PARENT_COLLECTION|SAME_SOURCE_SYSTEM,same explicitly asserted parent collection; same observed source system,,
urn:openrag:openarchiver:email:6ca4c5b5-3440-4c50-8666-cecfa25916d5:902ce2ad-0c19-431f-8376-dda928273ecc,urn:openrag:openarchiver:attachment:00caa958-3969-4449-aac9-82dc3d65bcea,Justificatif-de-paiement-Infogreffe--902ce2ad0c19.eml,Votre-facture--d01870e83f67--Facture_462647--00caa9583969.pdf,openarchiver,PDF,2023-09,2023,STRONG,SAME_PARENT_COLLECTION|SAME_SOURCE_SYSTEM,same explicitly asserted parent collection; same observed source system,,
urn:openrag:openarchiver:email:6ca4c5b5-3440-4c50-8666-cecfa25916d5:902ce2ad-0c19-431f-8376-dda928273ecc,urn:openrag:openarchiver:attachment:00ef501d-9b58-4e5e-b3a1-b1f380a19bfd,Justificatif-de-paiement-Infogreffe--902ce2ad0c19.eml,TR-cadavres-2019--29b444c5da52--2789f22b-ad5b-4524-9a91-51806581700a--00ef501d9b58.pdf,openarchiver,PDF,2019-04,2019,STRONG,SAME_PARENT_COLLECTION|SAME_SOURCE_SYSTEM,same explicitly asserted parent collection; same observed source system,,
urn:openrag:openarchiver:email:6ca4c5b5-3440-4c50-8666-cecfa25916d5:902ce2ad-0c19-431f-8376-dda928273ecc,urn:openrag:openarchiver:attachment:00f95943-2f00-451c-946e-9e9c3e83f32a,Justificatif-de-paiement-Infogreffe--902ce2ad0c19.eml,Releves-de-compte-societe--5790b928cc02--Releve-06--00f959432f00.pdf,openarchiver,PDF,,,STRONG,SAME_PARENT_COLLECTION|SAME_SOURCE_SYSTEM,same explicitly asserted parent collection; same observed source system,,
urn:openrag:openarchiver:email:6ca4c5b5-3440-4c50-8666-cecfa25916d5:902ce2ad-0c19-431f-8376-dda928273ecc,urn:openrag:openarchiver:attachment:0123363a-f8ee-4c07-92bf-b7b035df7cf1,Justificatif-de-paiement-Infogreffe--902ce2ad0c19.eml,Suite-demande--122c407ece16--20131014-Devis-2NUM1-WISEARCH--0123363af8ee.pdf,openarchiver,PDF,2013-10,2013,STRONG,SAME_PARENT_COLLECTION|SAME_SOURCE_SYSTEM,same explicitly asserted parent collection; same observed source system,,
urn:openrag:openarchiver:email:6ca4c5b5-3440-4c50-8666-cecfa25916d5:902ce2ad-0c19-431f-8376-dda928273ecc,urn:openrag:openarchiver:attachment:013bb607-ff85-43af-a274-8c53cf1b7e49,Justificatif-de-paiement-Infogreffe--902ce2ad0c19.eml,mail--dbc67780be4d--1487674416111--013bb607ff85.pdf,openarchiver,PDF,2017-02,2017,STRONG,SAME_PARENT_COLLECTION|SAME_SOURCE_SYSTEM,same explicitly asserted parent collection; same observed source system,,
urn:openrag:openarchiver:email:6ca4c5b5-3440-4c50-8666-cecfa25916d5:902ce2ad-0c19-431f-8376-dda928273ecc,urn:openrag:openarchiver:attachment:0163696b-0bae-42c2-a5ad-6b1e636ed45a,Justificatif-de-paiement-Infogreffe--902ce2ad0c19.eml,TR-HRS-CM-2021--79ce5df92876--scan25042022--0163696b0bae.pdf,openarchiver,PDF,2022-04,2022,STRONG,SAME_PARENT_COLLECTION|SAME_SOURCE_SYSTEM,same explicitly asserted parent collection; same observed source system,,
urn:openrag:openarchiver:email:6ca4c5b5-3440-4c50-8666-cecfa25916d5:902ce2ad-0c19-431f-8376-dda928273ecc,urn:openrag:openarchiver:attachment:017e1c3f-0147-41a0-a693-bc90392af43a,Justificatif-de-paiement-Infogreffe--902ce2ad0c19.eml,SARL-WISEARCH-CIPAV--18480ab87f01--CI20120353820374-3--017e1c3f0147.pdf,openarchiver,PDF,2014-01,2014,STRONG,SAME_PARENT_COLLECTION|SAME_SOURCE_SYSTEM,same explicitly asserted parent collection; same observed source system,,
urn:openrag:openarchiver:email:6ca4c5b5-3440-4c50-8666-cecfa25916d5:902ce2ad-0c19-431f-8376-dda928273ecc,urn:openrag:openarchiver:attachment:019eea0c-4135-4cf1-8a95-e9dc2de11427,Justificatif-de-paiement-Infogreffe--902ce2ad0c19.eml,Duplicatas-factures-releve-de-compte--1c142d666079--023424-FERME-DE-POMMERIEUX--019eea0c4135.pdf,openarchiver,PDF,2015-04,2015,STRONG,SAME_PARENT_COLLECTION|SAME_SOURCE_SYSTEM,same explicitly asserted parent collection; same observed source system,,
urn:openrag:openarchiver:email:6ca4c5b5-3440-4c50-8666-cecfa25916d5:902ce2ad-0c19-431f-8376-dda928273ecc,urn:openrag:openarchiver:attachment:01a7d3c9-3537-4636-a65e-816bbd3c9321,Justificatif-de-paiement-Infogreffe--902ce2ad0c19.eml,Transfert-activite-professionnelle-752676890-00029--67ca56887199--Questionnaire-activie-professionnelle--01a7d3c93537.pdf,openarchiver,PDF,,,STRONG,SAME_PARENT_COLLECTION|SAME_SOURCE_SYSTEM,same explicitly asserted parent collection; same observed source system,,
urn:openrag:openarchiver:email:6ca4c5b5-3440-4c50-8666-cecfa25916d5:902ce2ad-0c19-431f-8376-dda928273ecc,urn:openrag:openarchiver:attachment:01b2435d-d361-48fb-a6d5-ef8e4a769499,Justificatif-de-paiement-Infogreffe--902ce2ad0c19.eml,Pommerieux-Scans--10a9671af753--Xerox-Scan_06022024104558--01b2435dd361.pdf,openarchiver,PDF,2024-02,2024,STRONG,SAME_PARENT_COLLECTION|SAME_SOURCE_SYSTEM,same explicitly asserted parent collection; same observed source system,,
urn:openrag:openarchiver:email:6ca4c5b5-3440-4c50-8666-cecfa25916d5:902ce2ad-0c19-431f-8376-dda928273ecc,urn:openrag:openarchiver:attachment:01b29798-daaa-4802-b3b0-137a971216d6,Justificatif-de-paiement-Infogreffe--902ce2ad0c19.eml,Envoi-dun-message-023424-Alliance-Dossier-de-Gestion-Visa-Fiscal-Grand-livre-general--23d483d734d8--023424-Alliance-Dossier-de-Gestion-Visa-Fiscal--01b29798daaa.pdf,openarchiver,PDF,2018-05,2018,STRONG,SAME_PARENT_COLLECTION|SAME_SOURCE_SYSTEM,same explicitly asserted parent collection; same observed source system,,
urn:openrag:openarchiver:email:6ca4c5b5-3440-4c50-8666-cecfa25916d5:902ce2ad-0c19-431f-8376-dda928273ecc,urn:openrag:openarchiver:attachment:01b5316a-99f6-4f98-8bd0-a1682b1a1df1,Justificatif-de-paiement-Infogreffe--902ce2ad0c19.eml,TR-cadavres-2019--29b444c5da52--d61b1139-659d-4902-b7de-913116421c84--01b5316a99f6.pdf,openarchiver,PDF,2019-06,2019,STRONG,SAME_PARENT_COLLECTION|SAME_SOURCE_SYSTEM,same explicitly asserted parent collection; same observed source system,,
urn:openrag:openarchiver:email:6ca4c5b5-3440-4c50-8666-cecfa25916d5:902ce2ad-0c19-431f-8376-dda928273ecc,urn:openrag:openarchiver:attachment:01d2c651-e514-4a11-a0f0-a6aeb8975459,Justificatif-de-paiement-Infogreffe--902ce2ad0c19.eml,Votre-Fast-check-out-a-Novotel-Deauville-Plage-F--5844cc620600--FACTURE_HB4Q8_BIL_70567_70567--01d2c651e514.pdf,openarchiver,PDF,2015-11,2015,STRONG,SAME_PARENT_COLLECTION|SAME_SOURCE_SYSTEM,same explicitly asserted parent collection; same observed source system,,
urn:openrag:openarchiver:email:6ca4c5b5-3440-4c50-8666-cecfa25916d5:902ce2ad-0c19-431f-8376-dda928273ecc,urn:openrag:openarchiver:attachment:01db80e1-fd34-4a9a-b3e8-5f5448b1f428,Justificatif-de-paiement-Infogreffe--902ce2ad0c19.eml,Re-SOCIAL-CABL-INOV--cf3e914fe170--CII-et-CIR-2014-PUB--01db80e1fd34.xlsx,openarchiver,XLSX,2015-06,2015,STRONG,SAME_PARENT_COLLECTION|SAME_SOURCE_SYSTEM,same explicitly asserted parent collection; same observed source system,,
urn:openrag:openarchiver:email:6ca4c5b5-3440-4c50-8666-cecfa25916d5:902ce2ad-0c19-431f-8376-dda928273ecc,urn:openrag:openarchiver:attachment:01ddc72b-8f76-41bc-bc71-61f48e5acc7f,Justificatif-de-paiement-Infogreffe--902ce2ad0c19.eml,Convention-de-prestation-wisearch-pour-le-CIR-2011--c249d9439613--signature--01ddc72b8f76.asc,openarchiver,TXT,,,STRONG,SAME_PARENT_COLLECTION|SAME_SOURCE_SYSTEM,same explicitly asserted parent collection; same observed source system,,
urn:openrag:openarchiver:email:6ca4c5b5-3440-4c50-8666-cecfa25916d5:902ce2ad-0c19-431f-8376-dda928273ecc,urn:openrag:openarchiver:attachment:01e42eb5-d953-4e9e-9c8c-463d6aacf510,Justificatif-de-paiement-Infogreffe--902ce2ad0c19.eml,Avis-de-reception-de-votre-lettre-recommandee-87500123245599--202021968e16--87500123245599_ARN--01e42eb5d953.pdf,openarchiver,PDF,2025-06,2025,STRONG,SAME_PARENT_COLLECTION|SAME_SOURCE_SYSTEM,same explicitly asserted parent collection; same observed source system,,
urn:openrag:openarchiver:email:6ca4c5b5-3440-4c50-8666-cecfa25916d5:902ce2ad-0c19-431f-8376-dda928273ecc,urn:openrag:openarchiver:attachment:01e9deed-9530-4746-9815-a3b6482e7d1b,Justificatif-de-paiement-Infogreffe--902ce2ad0c19.eml,Lettre-du-dossier-410916810-No-Sinistre-20-0098610-Immatriculation-DD-792-CE--7881cdec915e--410916810_626936--01e9deed9530.pdf,openarchiver,PDF,2020-10,2020,STRONG,SAME_PARENT_COLLECTION|SAME_SOURCE_SYSTEM,same explicitly asserted parent collection; same observed source system,,
urn:openrag:openarchiver:email:9e325a3e-b01f-40bf-8890-b400d4e3d7f4:e840808b-241f-40f6-91d6-eeb6cde016c8,urn:openrag:openarchiver:attachment:0001a61c-a855-4b76-9fdb-7fd8bc7c9dba,EARL-FERME-DE-POMMERIEUX-changement-facturation--e840808b241f.eml,Cotations-Pissier-au-28-02-23--7d7d4a1f3fdf--Cotations-28-fevrier-2023-Zone-La-Marolle-en-Sologne--0001a61ca855.pdf,openarchiver,PDF,2023-02,2023,STRONG,SAME_PARENT_COLLECTION|SAME_SOURCE_SYSTEM,same explicitly asserted parent collection; same observed source system,,
urn:openrag:openarchiver:email:9e325a3e-b01f-40bf-8890-b400d4e3d7f4:e840808b-241f-40f6-91d6-eeb6cde016c8,urn:openrag:openarchiver:attachment:0005e4ce-7ac9-46d5-85bf-c617760a4a80,EARL-FERME-DE-POMMERIEUX-changement-facturation--e840808b241f.eml,Fwd-Bulletins-de-paie-Decembre-2023-Dossier-023424--0561e9ab0968--Lettre-aux-employeurs-N201-decembre-202-3--0005e4ce7ac9.pdf,openarchiver,PDF,2023-12,2023,STRONG,SAME_PARENT_COLLECTION|SAME_SOURCE_SYSTEM,same explicitly asserted parent collection; same observed source system,,
urn:openrag:openarchiver:email:9e325a3e-b01f-40bf-8890-b400d4e3d7f4:e840808b-241f-40f6-91d6-eeb6cde016c8,urn:openrag:openarchiver:attachment:0007e8d9-f14b-4a16-8590-bb209c5d572f,EARL-FERME-DE-POMMERIEUX-changement-facturation--e840808b241f.eml,MAIL-EXTERIEUR-Comptes-rendus-de-livraison-ovins-du-31-10-22-au-06-11-22--d4c8d84a4d61--Compte-rendu-de-livraison_H803397_semaine44_2022--0007e8d9f14b.pdf,openarchiver,PDF,2022-11,2022,STRONG,SAME_PARENT_COLLECTION|SAME_SOURCE_SYSTEM,same explicitly asserted parent collection; same observed source system,,
urn:openrag:openarchiver:email:9e325a3e-b01f-40bf-8890-b400d4e3d7f4:e840808b-241f-40f6-91d6-eeb6cde016c8,urn:openrag:openarchiver:attachment:0014240c-9ba5-4ade-a6f3-7bc4fb09467a,EARL-FERME-DE-POMMERIEUX-changement-facturation--e840808b241f.eml,Invitation-coloque-agriculture-gestion-de-lespace-rural-conservation-du-petit-gibier-28-novembre-palais-du-luxembourg--1e72dda62361--programme-pour-le-colloque-du-28-novembre-2016-,openarchiver,PDF,,,STRONG,SAME_PARENT_COLLECTION|SAME_SOURCE_SYSTEM,same explicitly asserted parent collection; same observed source system,,
urn:openrag:openarchiver:email:9e325a3e-b01f-40bf-8890-b400d4e3d7f4:e840808b-241f-40f6-91d6-eeb6cde016c8,urn:openrag:openarchiver:attachment:0018b759-73a0-40a1-beb1-187b1de0d85d,EARL-FERME-DE-POMMERIEUX-changement-facturation--e840808b241f.eml,Master-Outillage-En-cours-de-livraison--560469ce1998--LI300235--0018b75973a0.pdf,openarchiver,PDF,2021-06,2021,STRONG,SAME_PARENT_COLLECTION|SAME_PRODUCTION_MONTH|SAME_PRODUCTION_MONTH_UTC|SAME_SOURCE_SYSTEM|SAME_PRODUCTION_YEAR|SAME_PRODUCTION_YEAR_UTC,same explicitly asserted parent collection; same observed production month (source-local calendar): 2021-06; same observed production month (UTC calendar): 2021-06; same observed source system; same observed production year (source-local calendar): 2021; same observed production year (UTC calendar): 2021,,
urn:openrag:openarchiver:email:9e325a3e-b01f-40bf-8890-b400d4e3d7f4:e840808b-241f-40f6-91d6-eeb6cde016c8,urn:openrag:openarchiver:attachment:002447df-aec2-452b-aabd-3746d2af8591,EARL-FERME-DE-POMMERIEUX-changement-facturation--e840808b241f.eml,Pilot-Elevage-Nouvelles-Conditions-de-Souscription--2096a93103a5--CGSL_PE_20241128-141536-284--002447dfaec2.pdf,openarchiver,PDF,2024-11,2024,STRONG,SAME_PARENT_COLLECTION|SAME_SOURCE_SYSTEM,same explicitly asserted parent collection; same observed source system,,
urn:openrag:openarchiver:email:9e325a3e-b01f-40bf-8890-b400d4e3d7f4:e840808b-241f-40f6-91d6-eeb6cde016c8,urn:openrag:openarchiver:attachment:0028824b-244a-4300-b0df-1f3f1cabdae1,EARL-FERME-DE-POMMERIEUX-changement-facturation--e840808b241f.eml,Votre-facture-pour-la-commande-N2829730--84ffe508cabd--FACT_20220214_AG023690D--0028824b244a.pdf,openarchiver,PDF,,,STRONG,SAME_PARENT_COLLECTION|SAME_SOURCE_SYSTEM,same explicitly asserted parent collection; same observed source system,,
urn:openrag:openarchiver:email:9e325a3e-b01f-40bf-8890-b400d4e3d7f4:e840808b-241f-40f6-91d6-eeb6cde016c8,urn:openrag:openarchiver:attachment:003705e4-68a2-4314-821d-c85903330792,EARL-FERME-DE-POMMERIEUX-changement-facturation--e840808b241f.eml,RE-Liste-des-adherents-a-completer-pour-publication--170ba3652014--Liste-des-adherents--003705e468a2.xlsx,openarchiver,XLSX,2020-10,2020,STRONG,SAME_PARENT_COLLECTION|SAME_SOURCE_SYSTEM,same explicitly asserted parent collection; same observed source system,,
urn:openrag:openarchiver:email:9e325a3e-b01f-40bf-8890-b400d4e3d7f4:e840808b-241f-40f6-91d6-eeb6cde016c8,urn:openrag:openarchiver:attachment:003c5eaa-5f65-451e-9f45-a2926f705669,EARL-FERME-DE-POMMERIEUX-changement-facturation--e840808b241f.eml,41161905-20092772-Bordereau_Enlevement_nBS1905060030012--797c2a7f514d--Bordereau_Enlevement_nBS1905060030012--003c5eaa5f65.pdf,openarchiver,PDF,2019-05,2019,STRONG,SAME_PARENT_COLLECTION|SAME_SOURCE_SYSTEM,same explicitly asserted parent collection; same observed source system,,
urn:openrag:openarchiver:email:9e325a3e-b01f-40bf-8890-b400d4e3d7f4:e840808b-241f-40f6-91d6-eeb6cde016c8,urn:openrag:openarchiver:attachment:004d7b71-5f0a-421c-95af-7721261191a5,EARL-FERME-DE-POMMERIEUX-changement-facturation--e840808b241f.eml,TR-Facture-de-vente-a-FERME-DE-POMMERIEUX--cb55b96a6e1c--FV-2020006--004d7b715f0a.pdf,openarchiver,PDF,,,STRONG,SAME_PARENT_COLLECTION|SAME_SOURCE_SYSTEM,same explicitly asserted parent collection; same observed source system,,
urn:openrag:openarchiver:email:9e325a3e-b01f-40bf-8890-b400d4e3d7f4:e840808b-241f-40f6-91d6-eeb6cde016c8,urn:openrag:openarchiver:attachment:0054fa4c-4d79-4bd0-8c06-7c29c16efe99,EARL-FERME-DE-POMMERIEUX-changement-facturation--e840808b241f.eml,EDF-Entreprises-votre-facture-lectronique-EDF-au-format-PDF--cc70ce58cecc--Facture_EDF_10100416200--0054fa4c4d79.pdf,openarchiver,PDF,,,STRONG,SAME_PARENT_COLLECTION|SAME_SOURCE_SYSTEM,same explicitly asserted parent collection; same observed source system,,
urn:openrag:openarchiver:email:9e325a3e-b01f-40bf-8890-b400d4e3d7f4:e840808b-241f-40f6-91d6-eeb6cde016c8,urn:openrag:openarchiver:attachment:00555624-ca9e-4f9b-9ec6-a72e49b07552,EARL-FERME-DE-POMMERIEUX-changement-facturation--e840808b241f.eml,Convention-de-stage-pour-Antonin-GALIFRET--fb4e18557aed--Convention-de-stage-pour-Antonin-GALIFRET--00555624ca9e.pdf,openarchiver,PDF,2023-02,2023,STRONG,SAME_PARENT_COLLECTION|SAME_SOURCE_SYSTEM,same explicitly asserted parent collection; same observed source system,,
urn:openrag:openarchiver:email:9e325a3e-b01f-40bf-8890-b400d4e3d7f4:e840808b-241f-40f6-91d6-eeb6cde016c8,urn:openrag:openarchiver:attachment:0059b188-bd87-4253-a2ad-411cf966d6c4,EARL-FERME-DE-POMMERIEUX-changement-facturation--e840808b241f.eml,Demande-de-coupe-administrative--3d8761211621--demande-d-autorisation-administrative-Eloi-PRIMAUX--0059b188bd87.pdf,openarchiver,PDF,2015-11,2015,STRONG,SAME_PARENT_COLLECTION|SAME_SOURCE_SYSTEM,same explicitly asserted parent collection; same observed source system,,
urn:openrag:openarchiver:email:9e325a3e-b01f-40bf-8890-b400d4e3d7f4:e840808b-241f-40f6-91d6-eeb6cde016c8,urn:openrag:openarchiver:attachment:007d4162-4815-49a5-976f-33c276df24a4,EARL-FERME-DE-POMMERIEUX-changement-facturation--e840808b241f.eml,Master-Outillage-Votre-devis--a31f0ca5612c--devis_7091--007d41624815.pdf,openarchiver,PDF,2023-08,2023,STRONG,SAME_PARENT_COLLECTION|SAME_SOURCE_SYSTEM,same explicitly asserted parent collection; same observed source system,,
urn:openrag:openarchiver:email:9e325a3e-b01f-40bf-8890-b400d4e3d7f4:e840808b-241f-40f6-91d6-eeb6cde016c8,urn:openrag:openarchiver:attachment:0088d013-6b3b-496b-8aae-57079f890cea,EARL-FERME-DE-POMMERIEUX-changement-facturation--e840808b241f.eml,Fwd-Avis-CDPENAF-du-07-09-2023--d5b4ea1ba50b--Avis_CDPENAF_signe_ECCA_AKUO_Nouan-le-Fuzelier--0088d0136b3b.pdf,openarchiver,PDF,2023-09,2023,STRONG,SAME_PARENT_COLLECTION|SAME_SOURCE_SYSTEM,same explicitly asserted parent collection; same observed source system,,
urn:openrag:openarchiver:email:9e325a3e-b01f-40bf-8890-b400d4e3d7f4:e840808b-241f-40f6-91d6-eeb6cde016c8,urn:openrag:openarchiver:attachment:008dce3b-7ebb-4336-b984-4999f54465b0,EARL-FERME-DE-POMMERIEUX-changement-facturation--e840808b241f.eml,MISE-A-JOUR-BASE-DE-DONNEES-DU-RESEAU-BIO--0d8abfb65cc0--FICHE-RESEAU-BIO--008dce3b7ebb.pdf,openarchiver,PDF,2018-06,2018,STRONG,SAME_PARENT_COLLECTION|SAME_SOURCE_SYSTEM,same explicitly asserted parent collection; same observed source system,,
urn:openrag:openarchiver:email:9e325a3e-b01f-40bf-8890-b400d4e3d7f4:e840808b-241f-40f6-91d6-eeb6cde016c8,urn:openrag:openarchiver:attachment:009db5c2-2e18-4aaf-a0b5-fc79550d2c5b,EARL-FERME-DE-POMMERIEUX-changement-facturation--e840808b241f.eml,factures-client-2012-2013--5aeb8645ef40--factures-client-wisearch--009db5c22e18.pdf,openarchiver,PDF,,,STRONG,SAME_PARENT_COLLECTION|SAME_SOURCE_SYSTEM,same explicitly asserted parent collection; same observed source system,,
urn:openrag:openarchiver:email:9e325a3e-b01f-40bf-8890-b400d4e3d7f4:e840808b-241f-40f6-91d6-eeb6cde016c8,urn:openrag:openarchiver:attachment:00a5868a-1e63-47f2-a12a-dd86665e5ceb,EARL-FERME-DE-POMMERIEUX-changement-facturation--e840808b241f.eml,Info-Flash-Pissier-n4--90ea458b6f66--Newsletter-n4-avril-25--00a5868a1e63.pdf,openarchiver,PDF,2025-04,2025,STRONG,SAME_PARENT_COLLECTION|SAME_SOURCE_SYSTEM,same explicitly asserted parent collection; same observed source system,,
urn:openrag:openarchiver:email:9e325a3e-b01f-40bf-8890-b400d4e3d7f4:e840808b-241f-40f6-91d6-eeb6cde016c8,urn:openrag:openarchiver:attachment:00a5c5cc-7075-4223-85f7-3d3d2efd987c,EARL-FERME-DE-POMMERIEUX-changement-facturation--e840808b241f.eml,Prophylaxie-et-rapport-laboratoire--e63de0186eda--FERME-DE-POMMERIEUX-230625_1--00a5c5cc7075.pdf,openarchiver,PDF,2025-06,2025,STRONG,SAME_PARENT_COLLECTION|SAME_SOURCE_SYSTEM,same explicitly asserted parent collection; same observed source system,,
urn:openrag:openarchiver:email:9e325a3e-b01f-40bf-8890-b400d4e3d7f4:e840808b-241f-40f6-91d6-eeb6cde016c8,urn:openrag:openarchiver:attachment:00a9f05d-eaa8-49e0-9533-6a035b4cdb46,EARL-FERME-DE-POMMERIEUX-changement-facturation--e840808b241f.eml,Votre-facture-Dyson-6231993651--a1bc1668b854--Votre-facture-Dyson-6231993651--00a9f05deaa8.pdf,openarchiver,PDF,2021-02,2021,STRONG,SAME_PARENT_COLLECTION|SAME_SOURCE_SYSTEM|SAME_PRODUCTION_YEAR,same explicitly asserted parent collection; same observed source system; same observed production year (source-local calendar): 2021,,
urn:openrag:openarchiver:email:9e325a3e-b01f-40bf-8890-b400d4e3d7f4:e840808b-241f-40f6-91d6-eeb6cde016c8,urn:openrag:openarchiver:attachment:00add6b5-e8be-4d00-b7ad-f1ec1a38f766,EARL-FERME-DE-POMMERIEUX-changement-facturation--e840808b241f.eml,Preparez-votre-moisson--9b13cbd85568--Guide-Moisson-BARBARY--00add6b5e8be.pdf,openarchiver,PDF,2020-06,2020,STRONG,SAME_PARENT_COLLECTION|SAME_SOURCE_SYSTEM,same explicitly asserted parent collection; same observed source system,,
urn:openrag:openarchiver:email:9e325a3e-b01f-40bf-8890-b400d4e3d7f4:e840808b-241f-40f6-91d6-eeb6cde016c8,urn:openrag:openarchiver:attachment:00aebf5b-e639-4a83-acff-063ad194e599,EARL-FERME-DE-POMMERIEUX-changement-facturation--e840808b241f.eml,Dossier-6218964--3db2ea6b6d82--Dommages-electriques-four-MW--00aebf5be639.pdf,openarchiver,PDF,2019-01,2019,STRONG,SAME_PARENT_COLLECTION|SAME_SOURCE_SYSTEM,same explicitly asserted parent collection; same observed source system,,
urn:openrag:openarchiver:email:9e325a3e-b01f-40bf-8890-b400d4e3d7f4:e840808b-241f-40f6-91d6-eeb6cde016c8,urn:openrag:openarchiver:attachment:00b06643-98fa-4aca-a127-16954fabb4c6,EARL-FERME-DE-POMMERIEUX-changement-facturation--e840808b241f.eml,EARL-FERME-DE-POMMERIEUX-courrier-TVA-1er-trimestre-2016--20c9f1e48b72--FDP-Factures0076--00b0664398fa.pdf,openarchiver,PDF,,,STRONG,SAME_PARENT_COLLECTION|SAME_SOURCE_SYSTEM,same explicitly asserted parent collection; same observed source system,,
urn:openrag:openarchiver:email:9e325a3e-b01f-40bf-8890-b400d4e3d7f4:e840808b-241f-40f6-91d6-eeb6cde016c8,urn:openrag:openarchiver:attachment:00b67f4d-f21a-49b5-8866-9a9a060069e3,EARL-FERME-DE-POMMERIEUX-changement-facturation--e840808b241f.eml,Re-GRAND-LIVRE-GENERAL-FERME-POMMERIEUX--e7c297eef00b--Grand-livre-general-copie--00b67f4df21a.pdf,openarchiver,PDF,,,STRONG,SAME_PARENT_COLLECTION|SAME_SOURCE_SYSTEM,same explicitly asserted parent collection; same observed source system,,
urn:openrag:openarchiver:attachment:1d314a17-1a7d-4397-b6ff-7db751bdad32,urn:openrag:openarchiver:attachment:0027f0eb-90fd-49cc-8790-a60ec4e6059a,Numero-de-reference-467242879-Votre-abonnement-a-Parallels-Desktop-pour-Mac-Pro-Edition-1-an--0ceaf7a0f526--AKD-736111629752--1d314a171a7d.pdf,Gamme-fruitiers-Pepiniere-Charge--154603e29102--GAMME-FRUITIERS-COMPLETE-Charge--0027f0eb90fd.docx,openarchiver,DOCX,2015-12,2015,STRONG,SAME_PARENT_COLLECTION|SAME_SOURCE_SYSTEM,same explicitly asserted parent collection; same observed source system,,
urn:openrag:openarchiver:attachment:1d314a17-1a7d-4397-b6ff-7db751bdad32,urn:openrag:openarchiver:attachment:0048cd42-93d2-497e-a987-c3d55fee4a8a,Numero-de-reference-467242879-Votre-abonnement-a-Parallels-Desktop-pour-Mac-Pro-Edition-1-an--0ceaf7a0f526--AKD-736111629752--1d314a171a7d.pdf,LLA-CHVE-de-Livet-Elements-demandes--a847c9f45161--Grands-livres-Formations-du-01012022-au-30092022--0048cd4293d2.pdf,openarchiver,PDF,2023-11,2023,STRONG,SAME_PARENT_COLLECTION|COMPATIBLE_DOCUMENT_TYPES|SAME_SOURCE_SYSTEM|SAME_MIME_TYPE|SAME_EXTENSION,same explicitly asserted parent collection; compatible technical format families; same observed source system; same technical MIME type; same file extension,,
urn:openrag:openarchiver:attachment:1d314a17-1a7d-4397-b6ff-7db751bdad32,urn:openrag:openarchiver:attachment:0078f47f-6470-449f-be65-3d67ec757cee,Numero-de-reference-467242879-Votre-abonnement-a-Parallels-Desktop-pour-Mac-Pro-Edition-1-an--0ceaf7a0f526--AKD-736111629752--1d314a171a7d.pdf,CHEQUES-US-BNAKCORP--2a997cee6146--4077_001--0078f47f6470.pdf,openarchiver,PDF,2019-10,2019,STRONG,SAME_PARENT_COLLECTION|COMPATIBLE_DOCUMENT_TYPES|SAME_SOURCE_SYSTEM|SAME_MIME_TYPE|SAME_EXTENSION,same explicitly asserted parent collection; compatible technical format families; same observed source system; same technical MIME type; same file extension,,
urn:openrag:openarchiver:attachment:1d314a17-1a7d-4397-b6ff-7db751bdad32,urn:openrag:openarchiver:attachment:008c8390-866b-47ac-89f2-c9d1753121ee,Numero-de-reference-467242879-Votre-abonnement-a-Parallels-Desktop-pour-Mac-Pro-Edition-1-an--0ceaf7a0f526--AKD-736111629752--1d314a171a7d.pdf,TR-enquete-RELANCE--168340802d70--20190612105407271--008c8390866b.pdf,openarchiver,PDF,2019-06,2019,STRONG,SAME_PARENT_COLLECTION|COMPATIBLE_DOCUMENT_TYPES|SAME_SOURCE_SYSTEM|SAME_MIME_TYPE|SAME_EXTENSION,same explicitly asserted parent collection; compatible technical format families; same observed source system; same technical MIME type; same file extension,,
urn:openrag:openarchiver:attachment:1d314a17-1a7d-4397-b6ff-7db751bdad32,urn:openrag:openarchiver:attachment:00b4a859-6674-43df-bc52-89f8ad850146,Numero-de-reference-467242879-Votre-abonnement-a-Parallels-Desktop-pour-Mac-Pro-Edition-1-an--0ceaf7a0f526--AKD-736111629752--1d314a171a7d.pdf,cerfa-pour-agrement-CEA--83afe015fd9c--cerfa_14906-02--00b4a8596674.pdf,openarchiver,PDF,2013-06,2013,STRONG,SAME_PARENT_COLLECTION|COMPATIBLE_DOCUMENT_TYPES|SAME_SOURCE_SYSTEM|SAME_MIME_TYPE|SAME_EXTENSION,same explicitly asserted parent collection; compatible technical format families; same observed source system; same technical MIME type; same file extension,,
urn:openrag:openarchiver:attachment:1d314a17-1a7d-4397-b6ff-7db751bdad32,urn:openrag:openarchiver:attachment:00c867de-5595-4cca-9cc7-c81294a1d170,Numero-de-reference-467242879-Votre-abonnement-a-Parallels-Desktop-pour-Mac-Pro-Edition-1-an--0ceaf7a0f526--AKD-736111629752--1d314a171a7d.pdf,mail--daa579f1b941--1424976504402.pdf0Y--00c867de5595.pdf,openarchiver,PDF,2015-02,2015,STRONG,SAME_PARENT_COLLECTION|COMPATIBLE_DOCUMENT_TYPES|SAME_SOURCE_SYSTEM|SAME_MIME_TYPE|SAME_EXTENSION,same explicitly asserted parent collection; compatible technical format families; same observed source system; same technical MIME type; same file extension,,
urn:openrag:openarchiver:attachment:1d314a17-1a7d-4397-b6ff-7db751bdad32,urn:openrag:openarchiver:attachment:00c9c750-9290-431c-a719-b35d704091bd,Numero-de-reference-467242879-Votre-abonnement-a-Parallels-Desktop-pour-Mac-Pro-Edition-1-an--0ceaf7a0f526--AKD-736111629752--1d314a171a7d.pdf,mail--5ecf6dafa1ba--1424975115866.pdf0YO--00c9c7509290.pdf,openarchiver,PDF,2015-02,2015,STRONG,SAME_PARENT_COLLECTION|COMPATIBLE_DOCUMENT_TYPES|SAME_SOURCE_SYSTEM|SAME_MIME_TYPE|SAME_EXTENSION,same explicitly asserted parent collection; compatible technical format families; same observed source system; same technical MIME type; same file extension,,
urn:openrag:openarchiver:attachment:1d314a17-1a7d-4397-b6ff-7db751bdad32,urn:openrag:openarchiver:attachment:00caa958-3969-4449-aac9-82dc3d65bcea,Numero-de-reference-467242879-Votre-abonnement-a-Parallels-Desktop-pour-Mac-Pro-Edition-1-an--0ceaf7a0f526--AKD-736111629752--1d314a171a7d.pdf,Votre-facture--d01870e83f67--Facture_462647--00caa9583969.pdf,openarchiver,PDF,2023-09,2023,STRONG,SAME_PARENT_COLLECTION|COMPATIBLE_DOCUMENT_TYPES|SAME_SOURCE_SYSTEM|SAME_MIME_TYPE|SAME_EXTENSION,same explicitly asserted parent collection; compatible technical format families; same observed source system; same technical MIME type; same file extension,,
urn:openrag:openarchiver:attachment:1d314a17-1a7d-4397-b6ff-7db751bdad32,urn:openrag:openarchiver:attachment:00ef501d-9b58-4e5e-b3a1-b1f380a19bfd,Numero-de-reference-467242879-Votre-abonnement-a-Parallels-Desktop-pour-Mac-Pro-Edition-1-an--0ceaf7a0f526--AKD-736111629752--1d314a171a7d.pdf,TR-cadavres-2019--29b444c5da52--2789f22b-ad5b-4524-9a91-51806581700a--00ef501d9b58.pdf,openarchiver,PDF,2019-04,2019,STRONG,SAME_PARENT_COLLECTION|COMPATIBLE_DOCUMENT_TYPES|SAME_SOURCE_SYSTEM|SAME_MIME_TYPE|SAME_EXTENSION,same explicitly asserted parent collection; compatible technical format families; same observed source system; same technical MIME type; same file extension,,
urn:openrag:openarchiver:attachment:1d314a17-1a7d-4397-b6ff-7db751bdad32,urn:openrag:openarchiver:attachment:00f95943-2f00-451c-946e-9e9c3e83f32a,Numero-de-reference-467242879-Votre-abonnement-a-Parallels-Desktop-pour-Mac-Pro-Edition-1-an--0ceaf7a0f526--AKD-736111629752--1d314a171a7d.pdf,Releves-de-compte-societe--5790b928cc02--Releve-06--00f959432f00.pdf,openarchiver,PDF,,,STRONG,SAME_PARENT_COLLECTION|COMPATIBLE_DOCUMENT_TYPES|SAME_SOURCE_SYSTEM|SAME_MIME_TYPE|SAME_EXTENSION,same explicitly asserted parent collection; compatible technical format families; same observed source system; same technical MIME type; same file extension,,
urn:openrag:openarchiver:attachment:1d314a17-1a7d-4397-b6ff-7db751bdad32,urn:openrag:openarchiver:attachment:0123363a-f8ee-4c07-92bf-b7b035df7cf1,Numero-de-reference-467242879-Votre-abonnement-a-Parallels-Desktop-pour-Mac-Pro-Edition-1-an--0ceaf7a0f526--AKD-736111629752--1d314a171a7d.pdf,Suite-demande--122c407ece16--20131014-Devis-2NUM1-WISEARCH--0123363af8ee.pdf,openarchiver,PDF,2013-10,2013,STRONG,SAME_PARENT_COLLECTION|COMPATIBLE_DOCUMENT_TYPES|SAME_SOURCE_SYSTEM|SAME_MIME_TYPE|SAME_EXTENSION,same explicitly asserted parent collection; compatible technical format families; same observed source system; same technical MIME type; same file extension,,
urn:openrag:openarchiver:attachment:1d314a17-1a7d-4397-b6ff-7db751bdad32,urn:openrag:openarchiver:attachment:013bb607-ff85-43af-a274-8c53cf1b7e49,Numero-de-reference-467242879-Votre-abonnement-a-Parallels-Desktop-pour-Mac-Pro-Edition-1-an--0ceaf7a0f526--AKD-736111629752--1d314a171a7d.pdf,mail--dbc67780be4d--1487674416111--013bb607ff85.pdf,openarchiver,PDF,2017-02,2017,STRONG,SAME_PARENT_COLLECTION|COMPATIBLE_DOCUMENT_TYPES|SAME_SOURCE_SYSTEM|SAME_MIME_TYPE|SAME_EXTENSION,same explicitly asserted parent collection; compatible technical format families; same observed source system; same technical MIME type; same file extension,,
urn:openrag:openarchiver:attachment:1d314a17-1a7d-4397-b6ff-7db751bdad32,urn:openrag:openarchiver:attachment:0163696b-0bae-42c2-a5ad-6b1e636ed45a,Numero-de-reference-467242879-Votre-abonnement-a-Parallels-Desktop-pour-Mac-Pro-Edition-1-an--0ceaf7a0f526--AKD-736111629752--1d314a171a7d.pdf,TR-HRS-CM-2021--79ce5df92876--scan25042022--0163696b0bae.pdf,openarchiver,PDF,2022-04,2022,STRONG,SAME_PARENT_COLLECTION|COMPATIBLE_DOCUMENT_TYPES|SAME_SOURCE_SYSTEM|SAME_MIME_TYPE|SAME_EXTENSION,same explicitly asserted parent collection; compatible technical format families; same observed source system; same technical MIME type; same file extension,,
urn:openrag:openarchiver:attachment:1d314a17-1a7d-4397-b6ff-7db751bdad32,urn:openrag:openarchiver:attachment:017e1c3f-0147-41a0-a693-bc90392af43a,Numero-de-reference-467242879-Votre-abonnement-a-Parallels-Desktop-pour-Mac-Pro-Edition-1-an--0ceaf7a0f526--AKD-736111629752--1d314a171a7d.pdf,SARL-WISEARCH-CIPAV--18480ab87f01--CI20120353820374-3--017e1c3f0147.pdf,openarchiver,PDF,2014-01,2014,STRONG,SAME_PARENT_COLLECTION|COMPATIBLE_DOCUMENT_TYPES|SAME_SOURCE_SYSTEM|SAME_MIME_TYPE|SAME_EXTENSION,same explicitly asserted parent collection; compatible technical format families; same observed source system; same technical MIME type; same file extension,,
urn:openrag:openarchiver:attachment:1d314a17-1a7d-4397-b6ff-7db751bdad32,urn:openrag:openarchiver:attachment:019eea0c-4135-4cf1-8a95-e9dc2de11427,Numero-de-reference-467242879-Votre-abonnement-a-Parallels-Desktop-pour-Mac-Pro-Edition-1-an--0ceaf7a0f526--AKD-736111629752--1d314a171a7d.pdf,Duplicatas-factures-releve-de-compte--1c142d666079--023424-FERME-DE-POMMERIEUX--019eea0c4135.pdf,openarchiver,PDF,2015-04,2015,STRONG,SAME_PARENT_COLLECTION|COMPATIBLE_DOCUMENT_TYPES|SAME_SOURCE_SYSTEM|SAME_MIME_TYPE|SAME_EXTENSION,same explicitly asserted parent collection; compatible technical format families; same observed source system; same technical MIME type; same file extension,,
urn:openrag:openarchiver:attachment:1d314a17-1a7d-4397-b6ff-7db751bdad32,urn:openrag:openarchiver:attachment:01a7d3c9-3537-4636-a65e-816bbd3c9321,Numero-de-reference-467242879-Votre-abonnement-a-Parallels-Desktop-pour-Mac-Pro-Edition-1-an--0ceaf7a0f526--AKD-736111629752--1d314a171a7d.pdf,Transfert-activite-professionnelle-752676890-00029--67ca56887199--Questionnaire-activie-professionnelle--01a7d3c93537.pdf,openarchiver,PDF,,,STRONG,SAME_PARENT_COLLECTION|COMPATIBLE_DOCUMENT_TYPES|SAME_SOURCE_SYSTEM|SAME_MIME_TYPE|SAME_EXTENSION,same explicitly asserted parent collection; compatible technical format families; same observed source system; same technical MIME type; same file extension,,
urn:openrag:openarchiver:attachment:1d314a17-1a7d-4397-b6ff-7db751bdad32,urn:openrag:openarchiver:attachment:01b2435d-d361-48fb-a6d5-ef8e4a769499,Numero-de-reference-467242879-Votre-abonnement-a-Parallels-Desktop-pour-Mac-Pro-Edition-1-an--0ceaf7a0f526--AKD-736111629752--1d314a171a7d.pdf,Pommerieux-Scans--10a9671af753--Xerox-Scan_06022024104558--01b2435dd361.pdf,openarchiver,PDF,2024-02,2024,STRONG,SAME_PARENT_COLLECTION|COMPATIBLE_DOCUMENT_TYPES|SAME_SOURCE_SYSTEM|SAME_MIME_TYPE|SAME_EXTENSION|SAME_PRODUCTION_YEAR|SAME_MODIFICATION_YEAR|SAME_PRODUCTION_YEAR_UTC|SAME_MODIFICATION_YEAR_UTC,same explicitly asserted parent collection; compatible technical format families; same observed source system; same technical MIME type; same file extension; same observed production year (source-local calendar): 2024; same observed modification year (source-local calendar): 2024; same observed production year (UTC calendar): 2024,,
urn:openrag:openarchiver:attachment:1d314a17-1a7d-4397-b6ff-7db751bdad32,urn:openrag:openarchiver:attachment:01b29798-daaa-4802-b3b0-137a971216d6,Numero-de-reference-467242879-Votre-abonnement-a-Parallels-Desktop-pour-Mac-Pro-Edition-1-an--0ceaf7a0f526--AKD-736111629752--1d314a171a7d.pdf,Envoi-dun-message-023424-Alliance-Dossier-de-Gestion-Visa-Fiscal-Grand-livre-general--23d483d734d8--023424-Alliance-Dossier-de-Gestion-Visa-Fiscal--01b29798daaa.pdf,openarchiver,PDF,2018-05,2018,STRONG,SAME_PARENT_COLLECTION|COMPATIBLE_DOCUMENT_TYPES|SAME_SOURCE_SYSTEM|SAME_MIME_TYPE|SAME_EXTENSION,same explicitly asserted parent collection; compatible technical format families; same observed source system; same technical MIME type; same file extension,,
urn:openrag:openarchiver:attachment:1d314a17-1a7d-4397-b6ff-7db751bdad32,urn:openrag:openarchiver:attachment:01b5316a-99f6-4f98-8bd0-a1682b1a1df1,Numero-de-reference-467242879-Votre-abonnement-a-Parallels-Desktop-pour-Mac-Pro-Edition-1-an--0ceaf7a0f526--AKD-736111629752--1d314a171a7d.pdf,TR-cadavres-2019--29b444c5da52--d61b1139-659d-4902-b7de-913116421c84--01b5316a99f6.pdf,openarchiver,PDF,2019-06,2019,STRONG,SAME_PARENT_COLLECTION|COMPATIBLE_DOCUMENT_TYPES|SAME_SOURCE_SYSTEM|SAME_MIME_TYPE|SAME_EXTENSION,same explicitly asserted parent collection; compatible technical format families; same observed source system; same technical MIME type; same file extension,,
urn:openrag:openarchiver:attachment:1d314a17-1a7d-4397-b6ff-7db751bdad32,urn:openrag:openarchiver:attachment:01d2c651-e514-4a11-a0f0-a6aeb8975459,Numero-de-reference-467242879-Votre-abonnement-a-Parallels-Desktop-pour-Mac-Pro-Edition-1-an--0ceaf7a0f526--AKD-736111629752--1d314a171a7d.pdf,Votre-Fast-check-out-a-Novotel-Deauville-Plage-F--5844cc620600--FACTURE_HB4Q8_BIL_70567_70567--01d2c651e514.pdf,openarchiver,PDF,2015-11,2015,STRONG,SAME_PARENT_COLLECTION|COMPATIBLE_DOCUMENT_TYPES|SAME_SOURCE_SYSTEM|SAME_MIME_TYPE|SAME_EXTENSION,same explicitly asserted parent collection; compatible technical format families; same observed source system; same technical MIME type; same file extension,,
urn:openrag:openarchiver:attachment:1d314a17-1a7d-4397-b6ff-7db751bdad32,urn:openrag:openarchiver:attachment:01db80e1-fd34-4a9a-b3e8-5f5448b1f428,Numero-de-reference-467242879-Votre-abonnement-a-Parallels-Desktop-pour-Mac-Pro-Edition-1-an--0ceaf7a0f526--AKD-736111629752--1d314a171a7d.pdf,Re-SOCIAL-CABL-INOV--cf3e914fe170--CII-et-CIR-2014-PUB--01db80e1fd34.xlsx,openarchiver,XLSX,2015-06,2015,STRONG,SAME_PARENT_COLLECTION|SAME_SOURCE_SYSTEM,same explicitly asserted parent collection; same observed source system,,
urn:openrag:openarchiver:attachment:1d314a17-1a7d-4397-b6ff-7db751bdad32,urn:openrag:openarchiver:attachment:01ddc72b-8f76-41bc-bc71-61f48e5acc7f,Numero-de-reference-467242879-Votre-abonnement-a-Parallels-Desktop-pour-Mac-Pro-Edition-1-an--0ceaf7a0f526--AKD-736111629752--1d314a171a7d.pdf,Convention-de-prestation-wisearch-pour-le-CIR-2011--c249d9439613--signature--01ddc72b8f76.asc,openarchiver,TXT,,,STRONG,SAME_PARENT_COLLECTION|SAME_SOURCE_SYSTEM,same explicitly asserted parent collection; same observed source system,,
urn:openrag:openarchiver:attachment:1d314a17-1a7d-4397-b6ff-7db751bdad32,urn:openrag:openarchiver:attachment:01e42eb5-d953-4e9e-9c8c-463d6aacf510,Numero-de-reference-467242879-Votre-abonnement-a-Parallels-Desktop-pour-Mac-Pro-Edition-1-an--0ceaf7a0f526--AKD-736111629752--1d314a171a7d.pdf,Avis-de-reception-de-votre-lettre-recommandee-87500123245599--202021968e16--87500123245599_ARN--01e42eb5d953.pdf,openarchiver,PDF,2025-06,2025,STRONG,SAME_PARENT_COLLECTION|COMPATIBLE_DOCUMENT_TYPES|SAME_SOURCE_SYSTEM|SAME_MIME_TYPE|SAME_EXTENSION,same explicitly asserted parent collection; compatible technical format families; same observed source system; same technical MIME type; same file extension,,
urn:openrag:openarchiver:attachment:1d314a17-1a7d-4397-b6ff-7db751bdad32,urn:openrag:openarchiver:attachment:01e9deed-9530-4746-9815-a3b6482e7d1b,Numero-de-reference-467242879-Votre-abonnement-a-Parallels-Desktop-pour-Mac-Pro-Edition-1-an--0ceaf7a0f526--AKD-736111629752--1d314a171a7d.pdf,Lettre-du-dossier-410916810-No-Sinistre-20-0098610-Immatriculation-DD-792-CE--7881cdec915e--410916810_626936--01e9deed9530.pdf,openarchiver,PDF,2020-10,2020,STRONG,SAME_PARENT_COLLECTION|COMPATIBLE_DOCUMENT_TYPES|SAME_SOURCE_SYSTEM|SAME_MIME_TYPE|SAME_EXTENSION,same explicitly asserted parent collection; compatible technical format families; same observed source system; same technical MIME type; same file extension,,
urn:openrag:openarchiver:email:6ca4c5b5-3440-4c50-8666-cecfa25916d5:1052f9a7-a3ea-4ba8-99a6-b2514c64d08c,urn:openrag:openarchiver:attachment:0027f0eb-90fd-49cc-8790-a60ec4e6059a,Votre-facture-Apple--1052f9a7a3ea.eml,Gamme-fruitiers-Pepiniere-Charge--154603e29102--GAMME-FRUITIERS-COMPLETE-Charge--0027f0eb90fd.docx,openarchiver,DOCX,2015-12,2015,STRONG,SAME_PARENT_COLLECTION|SAME_SOURCE_SYSTEM,same explicitly asserted parent collection; same observed source system,,
urn:openrag:openarchiver:email:6ca4c5b5-3440-4c50-8666-cecfa25916d5:1052f9a7-a3ea-4ba8-99a6-b2514c64d08c,urn:openrag:openarchiver:attachment:0048cd42-93d2-497e-a987-c3d55fee4a8a,Votre-facture-Apple--1052f9a7a3ea.eml,LLA-CHVE-de-Livet-Elements-demandes--a847c9f45161--Grands-livres-Formations-du-01012022-au-30092022--0048cd4293d2.pdf,openarchiver,PDF,2023-11,2023,STRONG,SAME_PARENT_COLLECTION|SAME_SOURCE_SYSTEM,same explicitly asserted parent collection; same observed source system,,
urn:openrag:openarchiver:email:6ca4c5b5-3440-4c50-8666-cecfa25916d5:1052f9a7-a3ea-4ba8-99a6-b2514c64d08c,urn:openrag:openarchiver:attachment:0078f47f-6470-449f-be65-3d67ec757cee,Votre-facture-Apple--1052f9a7a3ea.eml,CHEQUES-US-BNAKCORP--2a997cee6146--4077_001--0078f47f6470.pdf,openarchiver,PDF,2019-10,2019,STRONG,SAME_PARENT_COLLECTION|SAME_SOURCE_SYSTEM,same explicitly asserted parent collection; same observed source system,,
urn:openrag:openarchiver:email:6ca4c5b5-3440-4c50-8666-cecfa25916d5:1052f9a7-a3ea-4ba8-99a6-b2514c64d08c,urn:openrag:openarchiver:attachment:008c8390-866b-47ac-89f2-c9d1753121ee,Votre-facture-Apple--1052f9a7a3ea.eml,TR-enquete-RELANCE--168340802d70--20190612105407271--008c8390866b.pdf,openarchiver,PDF,2019-06,2019,STRONG,SAME_PARENT_COLLECTION|SAME_SOURCE_SYSTEM,same explicitly asserted parent collection; same observed source system,,
urn:openrag:openarchiver:email:6ca4c5b5-3440-4c50-8666-cecfa25916d5:1052f9a7-a3ea-4ba8-99a6-b2514c64d08c,urn:openrag:openarchiver:attachment:00b4a859-6674-43df-bc52-89f8ad850146,Votre-facture-Apple--1052f9a7a3ea.eml,cerfa-pour-agrement-CEA--83afe015fd9c--cerfa_14906-02--00b4a8596674.pdf,openarchiver,PDF,2013-06,2013,STRONG,SAME_PARENT_COLLECTION|SAME_SOURCE_SYSTEM,same explicitly asserted parent collection; same observed source system,,
urn:openrag:openarchiver:email:6ca4c5b5-3440-4c50-8666-cecfa25916d5:1052f9a7-a3ea-4ba8-99a6-b2514c64d08c,urn:openrag:openarchiver:attachment:00c867de-5595-4cca-9cc7-c81294a1d170,Votre-facture-Apple--1052f9a7a3ea.eml,mail--daa579f1b941--1424976504402.pdf0Y--00c867de5595.pdf,openarchiver,PDF,2015-02,2015,STRONG,SAME_PARENT_COLLECTION|SAME_SOURCE_SYSTEM,same explicitly asserted parent collection; same observed source system,,
urn:openrag:openarchiver:email:6ca4c5b5-3440-4c50-8666-cecfa25916d5:1052f9a7-a3ea-4ba8-99a6-b2514c64d08c,urn:openrag:openarchiver:attachment:00c9c750-9290-431c-a719-b35d704091bd,Votre-facture-Apple--1052f9a7a3ea.eml,mail--5ecf6dafa1ba--1424975115866.pdf0YO--00c9c7509290.pdf,openarchiver,PDF,2015-02,2015,STRONG,SAME_PARENT_COLLECTION|SAME_SOURCE_SYSTEM,same explicitly asserted parent collection; same observed source system,,
urn:openrag:openarchiver:email:6ca4c5b5-3440-4c50-8666-cecfa25916d5:1052f9a7-a3ea-4ba8-99a6-b2514c64d08c,urn:openrag:openarchiver:attachment:00caa958-3969-4449-aac9-82dc3d65bcea,Votre-facture-Apple--1052f9a7a3ea.eml,Votre-facture--d01870e83f67--Facture_462647--00caa9583969.pdf,openarchiver,PDF,2023-09,2023,STRONG,SAME_PARENT_COLLECTION|SAME_SOURCE_SYSTEM,same explicitly asserted parent collection; same observed source system,,
urn:openrag:openarchiver:email:6ca4c5b5-3440-4c50-8666-cecfa25916d5:1052f9a7-a3ea-4ba8-99a6-b2514c64d08c,urn:openrag:openarchiver:attachment:00ef501d-9b58-4e5e-b3a1-b1f380a19bfd,Votre-facture-Apple--1052f9a7a3ea.eml,TR-cadavres-2019--29b444c5da52--2789f22b-ad5b-4524-9a91-51806581700a--00ef501d9b58.pdf,openarchiver,PDF,2019-04,2019,STRONG,SAME_PARENT_COLLECTION|SAME_SOURCE_SYSTEM,same explicitly asserted parent collection; same observed source system,,
urn:openrag:openarchiver:email:6ca4c5b5-3440-4c50-8666-cecfa25916d5:1052f9a7-a3ea-4ba8-99a6-b2514c64d08c,urn:openrag:openarchiver:attachment:00f95943-2f00-451c-946e-9e9c3e83f32a,Votre-facture-Apple--1052f9a7a3ea.eml,Releves-de-compte-societe--5790b928cc02--Releve-06--00f959432f00.pdf,openarchiver,PDF,,,STRONG,SAME_PARENT_COLLECTION|SAME_SOURCE_SYSTEM,same explicitly asserted parent collection; same observed source system,,
urn:openrag:openarchiver:email:6ca4c5b5-3440-4c50-8666-cecfa25916d5:1052f9a7-a3ea-4ba8-99a6-b2514c64d08c,urn:openrag:openarchiver:attachment:0123363a-f8ee-4c07-92bf-b7b035df7cf1,Votre-facture-Apple--1052f9a7a3ea.eml,Suite-demande--122c407ece16--20131014-Devis-2NUM1-WISEARCH--0123363af8ee.pdf,openarchiver,PDF,2013-10,2013,STRONG,SAME_PARENT_COLLECTION|SAME_SOURCE_SYSTEM,same explicitly asserted parent collection; same observed source system,,
urn:openrag:openarchiver:email:6ca4c5b5-3440-4c50-8666-cecfa25916d5:1052f9a7-a3ea-4ba8-99a6-b2514c64d08c,urn:openrag:openarchiver:attachment:013bb607-ff85-43af-a274-8c53cf1b7e49,Votre-facture-Apple--1052f9a7a3ea.eml,mail--dbc67780be4d--1487674416111--013bb607ff85.pdf,openarchiver,PDF,2017-02,2017,STRONG,SAME_PARENT_COLLECTION|SAME_SOURCE_SYSTEM,same explicitly asserted parent collection; same observed source system,,
urn:openrag:openarchiver:email:6ca4c5b5-3440-4c50-8666-cecfa25916d5:1052f9a7-a3ea-4ba8-99a6-b2514c64d08c,urn:openrag:openarchiver:attachment:0163696b-0bae-42c2-a5ad-6b1e636ed45a,Votre-facture-Apple--1052f9a7a3ea.eml,TR-HRS-CM-2021--79ce5df92876--scan25042022--0163696b0bae.pdf,openarchiver,PDF,2022-04,2022,STRONG,SAME_PARENT_COLLECTION|SAME_SOURCE_SYSTEM,same explicitly asserted parent collection; same observed source system,,
urn:openrag:openarchiver:email:6ca4c5b5-3440-4c50-8666-cecfa25916d5:1052f9a7-a3ea-4ba8-99a6-b2514c64d08c,urn:openrag:openarchiver:attachment:017e1c3f-0147-41a0-a693-bc90392af43a,Votre-facture-Apple--1052f9a7a3ea.eml,SARL-WISEARCH-CIPAV--18480ab87f01--CI20120353820374-3--017e1c3f0147.pdf,openarchiver,PDF,2014-01,2014,STRONG,SAME_PARENT_COLLECTION|SAME_SOURCE_SYSTEM,same explicitly asserted parent collection; same observed source system,,
urn:openrag:openarchiver:email:6ca4c5b5-3440-4c50-8666-cecfa25916d5:1052f9a7-a3ea-4ba8-99a6-b2514c64d08c,urn:openrag:openarchiver:attachment:019eea0c-4135-4cf1-8a95-e9dc2de11427,Votre-facture-Apple--1052f9a7a3ea.eml,Duplicatas-factures-releve-de-compte--1c142d666079--023424-FERME-DE-POMMERIEUX--019eea0c4135.pdf,openarchiver,PDF,2015-04,2015,STRONG,SAME_PARENT_COLLECTION|SAME_SOURCE_SYSTEM,same explicitly asserted parent collection; same observed source system,,
urn:openrag:openarchiver:email:6ca4c5b5-3440-4c50-8666-cecfa25916d5:1052f9a7-a3ea-4ba8-99a6-b2514c64d08c,urn:openrag:openarchiver:attachment:01a7d3c9-3537-4636-a65e-816bbd3c9321,Votre-facture-Apple--1052f9a7a3ea.eml,Transfert-activite-professionnelle-752676890-00029--67ca56887199--Questionnaire-activie-professionnelle--01a7d3c93537.pdf,openarchiver,PDF,,,STRONG,SAME_PARENT_COLLECTION|SAME_SOURCE_SYSTEM,same explicitly asserted parent collection; same observed source system,,
urn:openrag:openarchiver:email:6ca4c5b5-3440-4c50-8666-cecfa25916d5:1052f9a7-a3ea-4ba8-99a6-b2514c64d08c,urn:openrag:openarchiver:attachment:01b2435d-d361-48fb-a6d5-ef8e4a769499,Votre-facture-Apple--1052f9a7a3ea.eml,Pommerieux-Scans--10a9671af753--Xerox-Scan_06022024104558--01b2435dd361.pdf,openarchiver,PDF,2024-02,2024,STRONG,SAME_PARENT_COLLECTION|SAME_SOURCE_SYSTEM,same explicitly asserted parent collection; same observed source system,,
urn:openrag:openarchiver:email:6ca4c5b5-3440-4c50-8666-cecfa25916d5:1052f9a7-a3ea-4ba8-99a6-b2514c64d08c,urn:openrag:openarchiver:attachment:01b29798-daaa-4802-b3b0-137a971216d6,Votre-facture-Apple--1052f9a7a3ea.eml,Envoi-dun-message-023424-Alliance-Dossier-de-Gestion-Visa-Fiscal-Grand-livre-general--23d483d734d8--023424-Alliance-Dossier-de-Gestion-Visa-Fiscal--01b29798daaa.pdf,openarchiver,PDF,2018-05,2018,STRONG,SAME_PARENT_COLLECTION|SAME_SOURCE_SYSTEM,same explicitly asserted parent collection; same observed source system,,
urn:openrag:openarchiver:email:6ca4c5b5-3440-4c50-8666-cecfa25916d5:1052f9a7-a3ea-4ba8-99a6-b2514c64d08c,urn:openrag:openarchiver:attachment:01b5316a-99f6-4f98-8bd0-a1682b1a1df1,Votre-facture-Apple--1052f9a7a3ea.eml,TR-cadavres-2019--29b444c5da52--d61b1139-659d-4902-b7de-913116421c84--01b5316a99f6.pdf,openarchiver,PDF,2019-06,2019,STRONG,SAME_PARENT_COLLECTION|SAME_SOURCE_SYSTEM,same explicitly asserted parent collection; same observed source system,,
urn:openrag:openarchiver:email:6ca4c5b5-3440-4c50-8666-cecfa25916d5:1052f9a7-a3ea-4ba8-99a6-b2514c64d08c,urn:openrag:openarchiver:attachment:01d2c651-e514-4a11-a0f0-a6aeb8975459,Votre-facture-Apple--1052f9a7a3ea.eml,Votre-Fast-check-out-a-Novotel-Deauville-Plage-F--5844cc620600--FACTURE_HB4Q8_BIL_70567_70567--01d2c651e514.pdf,openarchiver,PDF,2015-11,2015,STRONG,SAME_PARENT_COLLECTION|SAME_SOURCE_SYSTEM,same explicitly asserted parent collection; same observed source system,,
urn:openrag:openarchiver:email:6ca4c5b5-3440-4c50-8666-cecfa25916d5:1052f9a7-a3ea-4ba8-99a6-b2514c64d08c,urn:openrag:openarchiver:attachment:01db80e1-fd34-4a9a-b3e8-5f5448b1f428,Votre-facture-Apple--1052f9a7a3ea.eml,Re-SOCIAL-CABL-INOV--cf3e914fe170--CII-et-CIR-2014-PUB--01db80e1fd34.xlsx,openarchiver,XLSX,2015-06,2015,STRONG,SAME_PARENT_COLLECTION|SAME_SOURCE_SYSTEM,same explicitly asserted parent collection; same observed source system,,
urn:openrag:openarchiver:email:6ca4c5b5-3440-4c50-8666-cecfa25916d5:1052f9a7-a3ea-4ba8-99a6-b2514c64d08c,urn:openrag:openarchiver:attachment:01ddc72b-8f76-41bc-bc71-61f48e5acc7f,Votre-facture-Apple--1052f9a7a3ea.eml,Convention-de-prestation-wisearch-pour-le-CIR-2011--c249d9439613--signature--01ddc72b8f76.asc,openarchiver,TXT,,,STRONG,SAME_PARENT_COLLECTION|SAME_SOURCE_SYSTEM,same explicitly asserted parent collection; same observed source system,,
urn:openrag:openarchiver:email:6ca4c5b5-3440-4c50-8666-cecfa25916d5:1052f9a7-a3ea-4ba8-99a6-b2514c64d08c,urn:openrag:openarchiver:attachment:01e42eb5-d953-4e9e-9c8c-463d6aacf510,Votre-facture-Apple--1052f9a7a3ea.eml,Avis-de-reception-de-votre-lettre-recommandee-87500123245599--202021968e16--87500123245599_ARN--01e42eb5d953.pdf,openarchiver,PDF,2025-06,2025,STRONG,SAME_PARENT_COLLECTION|SAME_SOURCE_SYSTEM,same explicitly asserted parent collection; same observed source system,,
urn:openrag:openarchiver:email:6ca4c5b5-3440-4c50-8666-cecfa25916d5:1052f9a7-a3ea-4ba8-99a6-b2514c64d08c,urn:openrag:openarchiver:attachment:01e9deed-9530-4746-9815-a3b6482e7d1b,Votre-facture-Apple--1052f9a7a3ea.eml,Lettre-du-dossier-410916810-No-Sinistre-20-0098610-Immatriculation-DD-792-CE--7881cdec915e--410916810_626936--01e9deed9530.pdf,openarchiver,PDF,2020-10,2020,STRONG,SAME_PARENT_COLLECTION|SAME_SOURCE_SYSTEM|SAME_PRODUCTION_YEAR|SAME_PRODUCTION_YEAR_UTC,same explicitly asserted parent collection; same observed source system; same observed production year (source-local calendar): 2020; same observed production year (UTC calendar): 2020,,
urn:openrag:openarchiver:attachment:6ff668e4-b085-439d-817c-6f36614e49ad,urn:openrag:openarchiver:attachment:0027f0eb-90fd-49cc-8790-a60ec4e6059a,Re-Clinique-Veterinaire-Ty-Glas--c0ec83b7b211--290057V_AccordEmp_CRE_240419--6ff668e4b085.pdf,Gamme-fruitiers-Pepiniere-Charge--154603e29102--GAMME-FRUITIERS-COMPLETE-Charge--0027f0eb90fd.docx,openarchiver,DOCX,2015-12,2015,STRONG,SAME_PARENT_COLLECTION|SAME_SOURCE_SYSTEM,same explicitly asserted parent collection; same observed source system,,
urn:openrag:openarchiver:attachment:6ff668e4-b085-439d-817c-6f36614e49ad,urn:openrag:openarchiver:attachment:0048cd42-93d2-497e-a987-c3d55fee4a8a,Re-Clinique-Veterinaire-Ty-Glas--c0ec83b7b211--290057V_AccordEmp_CRE_240419--6ff668e4b085.pdf,LLA-CHVE-de-Livet-Elements-demandes--a847c9f45161--Grands-livres-Formations-du-01012022-au-30092022--0048cd4293d2.pdf,openarchiver,PDF,2023-11,2023,STRONG,SAME_PARENT_COLLECTION|COMPATIBLE_DOCUMENT_TYPES|SAME_SOURCE_SYSTEM|SAME_MIME_TYPE|SAME_EXTENSION,same explicitly asserted parent collection; compatible technical format families; same observed source system; same technical MIME type; same file extension,,
urn:openrag:openarchiver:attachment:6ff668e4-b085-439d-817c-6f36614e49ad,urn:openrag:openarchiver:attachment:0078f47f-6470-449f-be65-3d67ec757cee,Re-Clinique-Veterinaire-Ty-Glas--c0ec83b7b211--290057V_AccordEmp_CRE_240419--6ff668e4b085.pdf,CHEQUES-US-BNAKCORP--2a997cee6146--4077_001--0078f47f6470.pdf,openarchiver,PDF,2019-10,2019,STRONG,SAME_PARENT_COLLECTION|COMPATIBLE_DOCUMENT_TYPES|SAME_SOURCE_SYSTEM|SAME_MIME_TYPE|SAME_EXTENSION,same explicitly asserted parent collection; compatible technical format families; same observed source system; same technical MIME type; same file extension,,
urn:openrag:openarchiver:attachment:6ff668e4-b085-439d-817c-6f36614e49ad,urn:openrag:openarchiver:attachment:008c8390-866b-47ac-89f2-c9d1753121ee,Re-Clinique-Veterinaire-Ty-Glas--c0ec83b7b211--290057V_AccordEmp_CRE_240419--6ff668e4b085.pdf,TR-enquete-RELANCE--168340802d70--20190612105407271--008c8390866b.pdf,openarchiver,PDF,2019-06,2019,STRONG,SAME_PARENT_COLLECTION|COMPATIBLE_DOCUMENT_TYPES|SAME_SOURCE_SYSTEM|SAME_MIME_TYPE|SAME_EXTENSION,same explicitly asserted parent collection; compatible technical format families; same observed source system; same technical MIME type; same file extension,,
urn:openrag:openarchiver:attachment:6ff668e4-b085-439d-817c-6f36614e49ad,urn:openrag:openarchiver:attachment:00b4a859-6674-43df-bc52-89f8ad850146,Re-Clinique-Veterinaire-Ty-Glas--c0ec83b7b211--290057V_AccordEmp_CRE_240419--6ff668e4b085.pdf,cerfa-pour-agrement-CEA--83afe015fd9c--cerfa_14906-02--00b4a8596674.pdf,openarchiver,PDF,2013-06,2013,STRONG,SAME_PARENT_COLLECTION|COMPATIBLE_DOCUMENT_TYPES|SAME_SOURCE_SYSTEM|SAME_MIME_TYPE|SAME_EXTENSION,same explicitly asserted parent collection; compatible technical format families; same observed source system; same technical MIME type; same file extension,,
urn:openrag:openarchiver:attachment:6ff668e4-b085-439d-817c-6f36614e49ad,urn:openrag:openarchiver:attachment:00c867de-5595-4cca-9cc7-c81294a1d170,Re-Clinique-Veterinaire-Ty-Glas--c0ec83b7b211--290057V_AccordEmp_CRE_240419--6ff668e4b085.pdf,mail--daa579f1b941--1424976504402.pdf0Y--00c867de5595.pdf,openarchiver,PDF,2015-02,2015,STRONG,SAME_PARENT_COLLECTION|COMPATIBLE_DOCUMENT_TYPES|SAME_SOURCE_SYSTEM|SAME_MIME_TYPE|SAME_EXTENSION,same explicitly asserted parent collection; compatible technical format families; same observed source system; same technical MIME type; same file extension,,
urn:openrag:openarchiver:attachment:6ff668e4-b085-439d-817c-6f36614e49ad,urn:openrag:openarchiver:attachment:00c9c750-9290-431c-a719-b35d704091bd,Re-Clinique-Veterinaire-Ty-Glas--c0ec83b7b211--290057V_AccordEmp_CRE_240419--6ff668e4b085.pdf,mail--5ecf6dafa1ba--1424975115866.pdf0YO--00c9c7509290.pdf,openarchiver,PDF,2015-02,2015,STRONG,SAME_PARENT_COLLECTION|COMPATIBLE_DOCUMENT_TYPES|SAME_SOURCE_SYSTEM|SAME_MIME_TYPE|SAME_EXTENSION,same explicitly asserted parent collection; compatible technical format families; same observed source system; same technical MIME type; same file extension,,
urn:openrag:openarchiver:attachment:6ff668e4-b085-439d-817c-6f36614e49ad,urn:openrag:openarchiver:attachment:00caa958-3969-4449-aac9-82dc3d65bcea,Re-Clinique-Veterinaire-Ty-Glas--c0ec83b7b211--290057V_AccordEmp_CRE_240419--6ff668e4b085.pdf,Votre-facture--d01870e83f67--Facture_462647--00caa9583969.pdf,openarchiver,PDF,2023-09,2023,STRONG,SAME_PARENT_COLLECTION|COMPATIBLE_DOCUMENT_TYPES|SAME_SOURCE_SYSTEM|SAME_MIME_TYPE|SAME_EXTENSION,same explicitly asserted parent collection; compatible technical format families; same observed source system; same technical MIME type; same file extension,,
urn:openrag:openarchiver:attachment:6ff668e4-b085-439d-817c-6f36614e49ad,urn:openrag:openarchiver:attachment:00ef501d-9b58-4e5e-b3a1-b1f380a19bfd,Re-Clinique-Veterinaire-Ty-Glas--c0ec83b7b211--290057V_AccordEmp_CRE_240419--6ff668e4b085.pdf,TR-cadavres-2019--29b444c5da52--2789f22b-ad5b-4524-9a91-51806581700a--00ef501d9b58.pdf,openarchiver,PDF,2019-04,2019,STRONG,SAME_PARENT_COLLECTION|COMPATIBLE_DOCUMENT_TYPES|SAME_SOURCE_SYSTEM|SAME_MIME_TYPE|SAME_EXTENSION,same explicitly asserted parent collection; compatible technical format families; same observed source system; same technical MIME type; same file extension,,
urn:openrag:openarchiver:attachment:6ff668e4-b085-439d-817c-6f36614e49ad,urn:openrag:openarchiver:attachment:00f95943-2f00-451c-946e-9e9c3e83f32a,Re-Clinique-Veterinaire-Ty-Glas--c0ec83b7b211--290057V_AccordEmp_CRE_240419--6ff668e4b085.pdf,Releves-de-compte-societe--5790b928cc02--Releve-06--00f959432f00.pdf,openarchiver,PDF,,,STRONG,SAME_PARENT_COLLECTION|COMPATIBLE_DOCUMENT_TYPES|SAME_SOURCE_SYSTEM|SAME_MIME_TYPE|SAME_EXTENSION,same explicitly asserted parent collection; compatible technical format families; same observed source system; same technical MIME type; same file extension,,
urn:openrag:openarchiver:attachment:6ff668e4-b085-439d-817c-6f36614e49ad,urn:openrag:openarchiver:attachment:0123363a-f8ee-4c07-92bf-b7b035df7cf1,Re-Clinique-Veterinaire-Ty-Glas--c0ec83b7b211--290057V_AccordEmp_CRE_240419--6ff668e4b085.pdf,Suite-demande--122c407ece16--20131014-Devis-2NUM1-WISEARCH--0123363af8ee.pdf,openarchiver,PDF,2013-10,2013,STRONG,SAME_PARENT_COLLECTION|COMPATIBLE_DOCUMENT_TYPES|SAME_SOURCE_SYSTEM|SAME_MIME_TYPE|SAME_EXTENSION,same explicitly asserted parent collection; compatible technical format families; same observed source system; same technical MIME type; same file extension,,
urn:openrag:openarchiver:attachment:6ff668e4-b085-439d-817c-6f36614e49ad,urn:openrag:openarchiver:attachment:013bb607-ff85-43af-a274-8c53cf1b7e49,Re-Clinique-Veterinaire-Ty-Glas--c0ec83b7b211--290057V_AccordEmp_CRE_240419--6ff668e4b085.pdf,mail--dbc67780be4d--1487674416111--013bb607ff85.pdf,openarchiver,PDF,2017-02,2017,STRONG,SAME_PARENT_COLLECTION|COMPATIBLE_DOCUMENT_TYPES|SAME_SOURCE_SYSTEM|SAME_MIME_TYPE|SAME_EXTENSION,same explicitly asserted parent collection; compatible technical format families; same observed source system; same technical MIME type; same file extension,,
urn:openrag:openarchiver:attachment:6ff668e4-b085-439d-817c-6f36614e49ad,urn:openrag:openarchiver:attachment:0163696b-0bae-42c2-a5ad-6b1e636ed45a,Re-Clinique-Veterinaire-Ty-Glas--c0ec83b7b211--290057V_AccordEmp_CRE_240419--6ff668e4b085.pdf,TR-HRS-CM-2021--79ce5df92876--scan25042022--0163696b0bae.pdf,openarchiver,PDF,2022-04,2022,STRONG,SAME_PARENT_COLLECTION|COMPATIBLE_DOCUMENT_TYPES|SAME_SOURCE_SYSTEM|SAME_MIME_TYPE|SAME_EXTENSION,same explicitly asserted parent collection; compatible technical format families; same observed source system; same technical MIME type; same file extension,,
urn:openrag:openarchiver:attachment:6ff668e4-b085-439d-817c-6f36614e49ad,urn:openrag:openarchiver:attachment:017e1c3f-0147-41a0-a693-bc90392af43a,Re-Clinique-Veterinaire-Ty-Glas--c0ec83b7b211--290057V_AccordEmp_CRE_240419--6ff668e4b085.pdf,SARL-WISEARCH-CIPAV--18480ab87f01--CI20120353820374-3--017e1c3f0147.pdf,openarchiver,PDF,2014-01,2014,STRONG,SAME_PARENT_COLLECTION|COMPATIBLE_DOCUMENT_TYPES|SAME_SOURCE_SYSTEM|SAME_MIME_TYPE|SAME_EXTENSION,same explicitly asserted parent collection; compatible technical format families; same observed source system; same technical MIME type; same file extension,,
urn:openrag:openarchiver:attachment:6ff668e4-b085-439d-817c-6f36614e49ad,urn:openrag:openarchiver:attachment:019eea0c-4135-4cf1-8a95-e9dc2de11427,Re-Clinique-Veterinaire-Ty-Glas--c0ec83b7b211--290057V_AccordEmp_CRE_240419--6ff668e4b085.pdf,Duplicatas-factures-releve-de-compte--1c142d666079--023424-FERME-DE-POMMERIEUX--019eea0c4135.pdf,openarchiver,PDF,2015-04,2015,STRONG,SAME_PARENT_COLLECTION|COMPATIBLE_DOCUMENT_TYPES|SAME_SOURCE_SYSTEM|SAME_MIME_TYPE|SAME_EXTENSION,same explicitly asserted parent collection; compatible technical format families; same observed source system; same technical MIME type; same file extension,,
urn:openrag:openarchiver:attachment:6ff668e4-b085-439d-817c-6f36614e49ad,urn:openrag:openarchiver:attachment:01a7d3c9-3537-4636-a65e-816bbd3c9321,Re-Clinique-Veterinaire-Ty-Glas--c0ec83b7b211--290057V_AccordEmp_CRE_240419--6ff668e4b085.pdf,Transfert-activite-professionnelle-752676890-00029--67ca56887199--Questionnaire-activie-professionnelle--01a7d3c93537.pdf,openarchiver,PDF,,,STRONG,SAME_PARENT_COLLECTION|COMPATIBLE_DOCUMENT_TYPES|SAME_SOURCE_SYSTEM|SAME_MIME_TYPE|SAME_EXTENSION,same explicitly asserted parent collection; compatible technical format families; same observed source system; same technical MIME type; same file extension,,
urn:openrag:openarchiver:attachment:6ff668e4-b085-439d-817c-6f36614e49ad,urn:openrag:openarchiver:attachment:01b2435d-d361-48fb-a6d5-ef8e4a769499,Re-Clinique-Veterinaire-Ty-Glas--c0ec83b7b211--290057V_AccordEmp_CRE_240419--6ff668e4b085.pdf,Pommerieux-Scans--10a9671af753--Xerox-Scan_06022024104558--01b2435dd361.pdf,openarchiver,PDF,2024-02,2024,STRONG,SAME_PARENT_COLLECTION|COMPATIBLE_DOCUMENT_TYPES|SAME_SOURCE_SYSTEM|SAME_MIME_TYPE|SAME_EXTENSION|SAME_PRODUCTION_YEAR|SAME_MODIFICATION_YEAR|SAME_PRODUCTION_YEAR_UTC|SAME_MODIFICATION_YEAR_UTC,same explicitly asserted parent collection; compatible technical format families; same observed source system; same technical MIME type; same file extension; same observed production year (source-local calendar): 2024; same observed modification year (source-local calendar): 2024; same observed production year (UTC calendar): 2024,,
urn:openrag:openarchiver:attachment:6ff668e4-b085-439d-817c-6f36614e49ad,urn:openrag:openarchiver:attachment:01b29798-daaa-4802-b3b0-137a971216d6,Re-Clinique-Veterinaire-Ty-Glas--c0ec83b7b211--290057V_AccordEmp_CRE_240419--6ff668e4b085.pdf,Envoi-dun-message-023424-Alliance-Dossier-de-Gestion-Visa-Fiscal-Grand-livre-general--23d483d734d8--023424-Alliance-Dossier-de-Gestion-Visa-Fiscal--01b29798daaa.pdf,openarchiver,PDF,2018-05,2018,STRONG,SAME_PARENT_COLLECTION|COMPATIBLE_DOCUMENT_TYPES|SAME_SOURCE_SYSTEM|SAME_MIME_TYPE|SAME_EXTENSION,same explicitly asserted parent collection; compatible technical format families; same observed source system; same technical MIME type; same file extension,,
urn:openrag:openarchiver:attachment:6ff668e4-b085-439d-817c-6f36614e49ad,urn:openrag:openarchiver:attachment:01b5316a-99f6-4f98-8bd0-a1682b1a1df1,Re-Clinique-Veterinaire-Ty-Glas--c0ec83b7b211--290057V_AccordEmp_CRE_240419--6ff668e4b085.pdf,TR-cadavres-2019--29b444c5da52--d61b1139-659d-4902-b7de-913116421c84--01b5316a99f6.pdf,openarchiver,PDF,2019-06,2019,STRONG,SAME_PARENT_COLLECTION|COMPATIBLE_DOCUMENT_TYPES|SAME_SOURCE_SYSTEM|SAME_MIME_TYPE|SAME_EXTENSION,same explicitly asserted parent collection; compatible technical format families; same observed source system; same technical MIME type; same file extension,,
urn:openrag:openarchiver:attachment:6ff668e4-b085-439d-817c-6f36614e49ad,urn:openrag:openarchiver:attachment:01d2c651-e514-4a11-a0f0-a6aeb8975459,Re-Clinique-Veterinaire-Ty-Glas--c0ec83b7b211--290057V_AccordEmp_CRE_240419--6ff668e4b085.pdf,Votre-Fast-check-out-a-Novotel-Deauville-Plage-F--5844cc620600--FACTURE_HB4Q8_BIL_70567_70567--01d2c651e514.pdf,openarchiver,PDF,2015-11,2015,STRONG,SAME_PARENT_COLLECTION|COMPATIBLE_DOCUMENT_TYPES|SAME_SOURCE_SYSTEM|SAME_MIME_TYPE|SAME_EXTENSION,same explicitly asserted parent collection; compatible technical format families; same observed source system; same technical MIME type; same file extension,,
urn:openrag:openarchiver:attachment:6ff668e4-b085-439d-817c-6f36614e49ad,urn:openrag:openarchiver:attachment:01db80e1-fd34-4a9a-b3e8-5f5448b1f428,Re-Clinique-Veterinaire-Ty-Glas--c0ec83b7b211--290057V_AccordEmp_CRE_240419--6ff668e4b085.pdf,Re-SOCIAL-CABL-INOV--cf3e914fe170--CII-et-CIR-2014-PUB--01db80e1fd34.xlsx,openarchiver,XLSX,2015-06,2015,STRONG,SAME_PARENT_COLLECTION|SAME_SOURCE_SYSTEM,same explicitly asserted parent collection; same observed source system,,
urn:openrag:openarchiver:attachment:6ff668e4-b085-439d-817c-6f36614e49ad,urn:openrag:openarchiver:attachment:01ddc72b-8f76-41bc-bc71-61f48e5acc7f,Re-Clinique-Veterinaire-Ty-Glas--c0ec83b7b211--290057V_AccordEmp_CRE_240419--6ff668e4b085.pdf,Convention-de-prestation-wisearch-pour-le-CIR-2011--c249d9439613--signature--01ddc72b8f76.asc,openarchiver,TXT,,,STRONG,SAME_PARENT_COLLECTION|SAME_SOURCE_SYSTEM,same explicitly asserted parent collection; same observed source system,,
urn:openrag:openarchiver:attachment:6ff668e4-b085-439d-817c-6f36614e49ad,urn:openrag:openarchiver:attachment:01e42eb5-d953-4e9e-9c8c-463d6aacf510,Re-Clinique-Veterinaire-Ty-Glas--c0ec83b7b211--290057V_AccordEmp_CRE_240419--6ff668e4b085.pdf,Avis-de-reception-de-votre-lettre-recommandee-87500123245599--202021968e16--87500123245599_ARN--01e42eb5d953.pdf,openarchiver,PDF,2025-06,2025,STRONG,SAME_PARENT_COLLECTION|COMPATIBLE_DOCUMENT_TYPES|SAME_SOURCE_SYSTEM|SAME_MIME_TYPE|SAME_EXTENSION,same explicitly asserted parent collection; compatible technical format families; same observed source system; same technical MIME type; same file extension,,
urn:openrag:openarchiver:attachment:6ff668e4-b085-439d-817c-6f36614e49ad,urn:openrag:openarchiver:attachment:01e9deed-9530-4746-9815-a3b6482e7d1b,Re-Clinique-Veterinaire-Ty-Glas--c0ec83b7b211--290057V_AccordEmp_CRE_240419--6ff668e4b085.pdf,Lettre-du-dossier-410916810-No-Sinistre-20-0098610-Immatriculation-DD-792-CE--7881cdec915e--410916810_626936--01e9deed9530.pdf,openarchiver,PDF,2020-10,2020,STRONG,SAME_PARENT_COLLECTION|COMPATIBLE_DOCUMENT_TYPES|SAME_SOURCE_SYSTEM|SAME_MIME_TYPE|SAME_EXTENSION,same explicitly asserted parent collection; compatible technical format families; same observed source system; same technical MIME type; same file extension,,
urn:openrag:openarchiver:attachment:705dc430-da01-4679-8411-8e8fc69ef76a,urn:openrag:openarchiver:attachment:0001a61c-a855-4b76-9fdb-7fd8bc7c9dba,Facture--427aae54d8c8--Facture_-_00117695_-_M._PRIMAUX_Earl_Ferme_De_Pommerieux--705dc430da01.pdf,Cotations-Pissier-au-28-02-23--7d7d4a1f3fdf--Cotations-28-fevrier-2023-Zone-La-Marolle-en-Sologne--0001a61ca855.pdf,openarchiver,PDF,2023-02,2023,STRONG,SAME_PARENT_COLLECTION|COMPATIBLE_DOCUMENT_TYPES|SAME_SOURCE_SYSTEM|SAME_MIME_TYPE|SAME_EXTENSION|SAME_PRODUCTION_YEAR|SAME_MODIFICATION_YEAR|SAME_PRODUCTION_YEAR_UTC|SAME_MODIFICATION_YEAR_UTC,same explicitly asserted parent collection; compatible technical format families; same observed source system; same technical MIME type; same file extension; same observed production year (source-local calendar): 2023; same observed modification year (source-local calendar): 2023; same observed production year (UTC calendar): 2023,,
urn:openrag:openarchiver:attachment:705dc430-da01-4679-8411-8e8fc69ef76a,urn:openrag:openarchiver:attachment:0005e4ce-7ac9-46d5-85bf-c617760a4a80,Facture--427aae54d8c8--Facture_-_00117695_-_M._PRIMAUX_Earl_Ferme_De_Pommerieux--705dc430da01.pdf,Fwd-Bulletins-de-paie-Decembre-2023-Dossier-023424--0561e9ab0968--Lettre-aux-employeurs-N201-decembre-202-3--0005e4ce7ac9.pdf,openarchiver,PDF,2023-12,2023,STRONG,SAME_PARENT_COLLECTION|COMPATIBLE_DOCUMENT_TYPES|SAME_SOURCE_SYSTEM|SAME_MIME_TYPE|SAME_EXTENSION|SAME_PRODUCTION_YEAR|SAME_MODIFICATION_YEAR|SAME_PRODUCTION_YEAR_UTC|SAME_MODIFICATION_YEAR_UTC,same explicitly asserted parent collection; compatible technical format families; same observed source system; same technical MIME type; same file extension; same observed production year (source-local calendar): 2023; same observed modification year (source-local calendar): 2023; same observed production year (UTC calendar): 2023,,
urn:openrag:openarchiver:attachment:705dc430-da01-4679-8411-8e8fc69ef76a,urn:openrag:openarchiver:attachment:0007e8d9-f14b-4a16-8590-bb209c5d572f,Facture--427aae54d8c8--Facture_-_00117695_-_M._PRIMAUX_Earl_Ferme_De_Pommerieux--705dc430da01.pdf,MAIL-EXTERIEUR-Comptes-rendus-de-livraison-ovins-du-31-10-22-au-06-11-22--d4c8d84a4d61--Compte-rendu-de-livraison_H803397_semaine44_2022--0007e8d9f14b.pdf,openarchiver,PDF,2022-11,2022,STRONG,SAME_PARENT_COLLECTION|COMPATIBLE_DOCUMENT_TYPES|SAME_SOURCE_SYSTEM|SAME_MIME_TYPE|SAME_EXTENSION,same explicitly asserted parent collection; compatible technical format families; same observed source system; same technical MIME type; same file extension,,
urn:openrag:openarchiver:attachment:705dc430-da01-4679-8411-8e8fc69ef76a,urn:openrag:openarchiver:attachment:0014240c-9ba5-4ade-a6f3-7bc4fb09467a,Facture--427aae54d8c8--Facture_-_00117695_-_M._PRIMAUX_Earl_Ferme_De_Pommerieux--705dc430da01.pdf,Invitation-coloque-agriculture-gestion-de-lespace-rural-conservation-du-petit-gibier-28-novembre-palais-du-luxembourg--1e72dda62361--programme-pour-le-colloque-du-28-novembre-2016-,openarchiver,PDF,,,STRONG,SAME_PARENT_COLLECTION|COMPATIBLE_DOCUMENT_TYPES|SAME_SOURCE_SYSTEM|SAME_MIME_TYPE|SAME_EXTENSION,same explicitly asserted parent collection; compatible technical format families; same observed source system; same technical MIME type; same file extension,,
urn:openrag:openarchiver:attachment:705dc430-da01-4679-8411-8e8fc69ef76a,urn:openrag:openarchiver:attachment:0018b759-73a0-40a1-beb1-187b1de0d85d,Facture--427aae54d8c8--Facture_-_00117695_-_M._PRIMAUX_Earl_Ferme_De_Pommerieux--705dc430da01.pdf,Master-Outillage-En-cours-de-livraison--560469ce1998--LI300235--0018b75973a0.pdf,openarchiver,PDF,2021-06,2021,STRONG,SAME_PARENT_COLLECTION|COMPATIBLE_DOCUMENT_TYPES|SAME_SOURCE_SYSTEM|SAME_MIME_TYPE|SAME_EXTENSION,same explicitly asserted parent collection; compatible technical format families; same observed source system; same technical MIME type; same file extension,,
urn:openrag:openarchiver:attachment:705dc430-da01-4679-8411-8e8fc69ef76a,urn:openrag:openarchiver:attachment:002447df-aec2-452b-aabd-3746d2af8591,Facture--427aae54d8c8--Facture_-_00117695_-_M._PRIMAUX_Earl_Ferme_De_Pommerieux--705dc430da01.pdf,Pilot-Elevage-Nouvelles-Conditions-de-Souscription--2096a93103a5--CGSL_PE_20241128-141536-284--002447dfaec2.pdf,openarchiver,PDF,2024-11,2024,STRONG,SAME_PARENT_COLLECTION|COMPATIBLE_DOCUMENT_TYPES|SAME_SOURCE_SYSTEM|SAME_MIME_TYPE|SAME_EXTENSION,same explicitly asserted parent collection; compatible technical format families; same observed source system; same technical MIME type; same file extension,,
urn:openrag:openarchiver:attachment:705dc430-da01-4679-8411-8e8fc69ef76a,urn:openrag:openarchiver:attachment:0028824b-244a-4300-b0df-1f3f1cabdae1,Facture--427aae54d8c8--Facture_-_00117695_-_M._PRIMAUX_Earl_Ferme_De_Pommerieux--705dc430da01.pdf,Votre-facture-pour-la-commande-N2829730--84ffe508cabd--FACT_20220214_AG023690D--0028824b244a.pdf,openarchiver,PDF,,,STRONG,SAME_PARENT_COLLECTION|COMPATIBLE_DOCUMENT_TYPES|SAME_SOURCE_SYSTEM|SAME_MIME_TYPE|SAME_EXTENSION,same explicitly asserted parent collection; compatible technical format families; same observed source system; same technical MIME type; same file extension,,
urn:openrag:openarchiver:attachment:705dc430-da01-4679-8411-8e8fc69ef76a,urn:openrag:openarchiver:attachment:003705e4-68a2-4314-821d-c85903330792,Facture--427aae54d8c8--Facture_-_00117695_-_M._PRIMAUX_Earl_Ferme_De_Pommerieux--705dc430da01.pdf,RE-Liste-des-adherents-a-completer-pour-publication--170ba3652014--Liste-des-adherents--003705e468a2.xlsx,openarchiver,XLSX,2020-10,2020,STRONG,SAME_PARENT_COLLECTION|SAME_SOURCE_SYSTEM,same explicitly asserted parent collection; same observed source system,,
urn:openrag:openarchiver:attachment:705dc430-da01-4679-8411-8e8fc69ef76a,urn:openrag:openarchiver:attachment:003c5eaa-5f65-451e-9f45-a2926f705669,Facture--427aae54d8c8--Facture_-_00117695_-_M._PRIMAUX_Earl_Ferme_De_Pommerieux--705dc430da01.pdf,41161905-20092772-Bordereau_Enlevement_nBS1905060030012--797c2a7f514d--Bordereau_Enlevement_nBS1905060030012--003c5eaa5f65.pdf,openarchiver,PDF,2019-05,2019,STRONG,SAME_PARENT_COLLECTION|COMPATIBLE_DOCUMENT_TYPES|SAME_SOURCE_SYSTEM|SAME_MIME_TYPE|SAME_EXTENSION,same explicitly asserted parent collection; compatible technical format families; same observed source system; same technical MIME type; same file extension,,
urn:openrag:openarchiver:attachment:705dc430-da01-4679-8411-8e8fc69ef76a,urn:openrag:openarchiver:attachment:004d7b71-5f0a-421c-95af-7721261191a5,Facture--427aae54d8c8--Facture_-_00117695_-_M._PRIMAUX_Earl_Ferme_De_Pommerieux--705dc430da01.pdf,TR-Facture-de-vente-a-FERME-DE-POMMERIEUX--cb55b96a6e1c--FV-2020006--004d7b715f0a.pdf,openarchiver,PDF,,,STRONG,SAME_PARENT_COLLECTION|COMPATIBLE_DOCUMENT_TYPES|SAME_SOURCE_SYSTEM|SAME_MIME_TYPE|SAME_EXTENSION,same explicitly asserted parent collection; compatible technical format families; same observed source system; same technical MIME type; same file extension,,
urn:openrag:openarchiver:attachment:705dc430-da01-4679-8411-8e8fc69ef76a,urn:openrag:openarchiver:attachment:0054fa4c-4d79-4bd0-8c06-7c29c16efe99,Facture--427aae54d8c8--Facture_-_00117695_-_M._PRIMAUX_Earl_Ferme_De_Pommerieux--705dc430da01.pdf,EDF-Entreprises-votre-facture-lectronique-EDF-au-format-PDF--cc70ce58cecc--Facture_EDF_10100416200--0054fa4c4d79.pdf,openarchiver,PDF,,,STRONG,SAME_PARENT_COLLECTION|COMPATIBLE_DOCUMENT_TYPES|SAME_SOURCE_SYSTEM|SAME_MIME_TYPE|SAME_EXTENSION,same explicitly asserted parent collection; compatible technical format families; same observed source system; same technical MIME type; same file extension,,
urn:openrag:openarchiver:attachment:705dc430-da01-4679-8411-8e8fc69ef76a,urn:openrag:openarchiver:attachment:00555624-ca9e-4f9b-9ec6-a72e49b07552,Facture--427aae54d8c8--Facture_-_00117695_-_M._PRIMAUX_Earl_Ferme_De_Pommerieux--705dc430da01.pdf,Convention-de-stage-pour-Antonin-GALIFRET--fb4e18557aed--Convention-de-stage-pour-Antonin-GALIFRET--00555624ca9e.pdf,openarchiver,PDF,2023-02,2023,STRONG,SAME_PARENT_COLLECTION|COMPATIBLE_DOCUMENT_TYPES|SAME_SOURCE_SYSTEM|SAME_MIME_TYPE|SAME_EXTENSION|SAME_PRODUCTION_YEAR|SAME_MODIFICATION_YEAR|SAME_PRODUCTION_YEAR_UTC|SAME_MODIFICATION_YEAR_UTC,same explicitly asserted parent collection; compatible technical format families; same observed source system; same technical MIME type; same file extension; same observed production year (source-local calendar): 2023; same observed modification year (source-local calendar): 2023; same observed production year (UTC calendar): 2023,,
urn:openrag:openarchiver:attachment:705dc430-da01-4679-8411-8e8fc69ef76a,urn:openrag:openarchiver:attachment:0059b188-bd87-4253-a2ad-411cf966d6c4,Facture--427aae54d8c8--Facture_-_00117695_-_M._PRIMAUX_Earl_Ferme_De_Pommerieux--705dc430da01.pdf,Demande-de-coupe-administrative--3d8761211621--demande-d-autorisation-administrative-Eloi-PRIMAUX--0059b188bd87.pdf,openarchiver,PDF,2015-11,2015,STRONG,SAME_PARENT_COLLECTION|COMPATIBLE_DOCUMENT_TYPES|SAME_SOURCE_SYSTEM|SAME_MIME_TYPE|SAME_EXTENSION,same explicitly asserted parent collection; compatible technical format families; same observed source system; same technical MIME type; same file extension,,
urn:openrag:openarchiver:attachment:705dc430-da01-4679-8411-8e8fc69ef76a,urn:openrag:openarchiver:attachment:007d4162-4815-49a5-976f-33c276df24a4,Facture--427aae54d8c8--Facture_-_00117695_-_M._PRIMAUX_Earl_Ferme_De_Pommerieux--705dc430da01.pdf,Master-Outillage-Votre-devis--a31f0ca5612c--devis_7091--007d41624815.pdf,openarchiver,PDF,2023-08,2023,STRONG,SAME_PARENT_COLLECTION|COMPATIBLE_DOCUMENT_TYPES|SAME_SOURCE_SYSTEM|SAME_MIME_TYPE|SAME_EXTENSION|SAME_PRODUCTION_YEAR|SAME_MODIFICATION_YEAR|SAME_PRODUCTION_YEAR_UTC|SAME_MODIFICATION_YEAR_UTC,same explicitly asserted parent collection; compatible technical format families; same observed source system; same technical MIME type; same file extension; same observed production year (source-local calendar): 2023; same observed modification year (source-local calendar): 2023; same observed production year (UTC calendar): 2023,,
urn:openrag:openarchiver:attachment:705dc430-da01-4679-8411-8e8fc69ef76a,urn:openrag:openarchiver:attachment:0088d013-6b3b-496b-8aae-57079f890cea,Facture--427aae54d8c8--Facture_-_00117695_-_M._PRIMAUX_Earl_Ferme_De_Pommerieux--705dc430da01.pdf,Fwd-Avis-CDPENAF-du-07-09-2023--d5b4ea1ba50b--Avis_CDPENAF_signe_ECCA_AKUO_Nouan-le-Fuzelier--0088d0136b3b.pdf,openarchiver,PDF,2023-09,2023,STRONG,SAME_PARENT_COLLECTION|COMPATIBLE_DOCUMENT_TYPES|SAME_SOURCE_SYSTEM|SAME_MIME_TYPE|SAME_EXTENSION|SAME_PRODUCTION_YEAR|SAME_MODIFICATION_YEAR|SAME_PRODUCTION_YEAR_UTC|SAME_MODIFICATION_YEAR_UTC,same explicitly asserted parent collection; compatible technical format families; same observed source system; same technical MIME type; same file extension; same observed production year (source-local calendar): 2023; same observed modification year (source-local calendar): 2023; same observed production year (UTC calendar): 2023,,
urn:openrag:openarchiver:attachment:705dc430-da01-4679-8411-8e8fc69ef76a,urn:openrag:openarchiver:attachment:008dce3b-7ebb-4336-b984-4999f54465b0,Facture--427aae54d8c8--Facture_-_00117695_-_M._PRIMAUX_Earl_Ferme_De_Pommerieux--705dc430da01.pdf,MISE-A-JOUR-BASE-DE-DONNEES-DU-RESEAU-BIO--0d8abfb65cc0--FICHE-RESEAU-BIO--008dce3b7ebb.pdf,openarchiver,PDF,2018-06,2018,STRONG,SAME_PARENT_COLLECTION|COMPATIBLE_DOCUMENT_TYPES|SAME_SOURCE_SYSTEM|SAME_MIME_TYPE|SAME_EXTENSION,same explicitly asserted parent collection; compatible technical format families; same observed source system; same technical MIME type; same file extension,,
urn:openrag:openarchiver:attachment:705dc430-da01-4679-8411-8e8fc69ef76a,urn:openrag:openarchiver:attachment:009db5c2-2e18-4aaf-a0b5-fc79550d2c5b,Facture--427aae54d8c8--Facture_-_00117695_-_M._PRIMAUX_Earl_Ferme_De_Pommerieux--705dc430da01.pdf,factures-client-2012-2013--5aeb8645ef40--factures-client-wisearch--009db5c22e18.pdf,openarchiver,PDF,,,STRONG,SAME_PARENT_COLLECTION|COMPATIBLE_DOCUMENT_TYPES|SAME_SOURCE_SYSTEM|SAME_MIME_TYPE|SAME_EXTENSION,same explicitly asserted parent collection; compatible technical format families; same observed source system; same technical MIME type; same file extension,,
urn:openrag:openarchiver:attachment:705dc430-da01-4679-8411-8e8fc69ef76a,urn:openrag:openarchiver:attachment:00a5868a-1e63-47f2-a12a-dd86665e5ceb,Facture--427aae54d8c8--Facture_-_00117695_-_M._PRIMAUX_Earl_Ferme_De_Pommerieux--705dc430da01.pdf,Info-Flash-Pissier-n4--90ea458b6f66--Newsletter-n4-avril-25--00a5868a1e63.pdf,openarchiver,PDF,2025-04,2025,STRONG,SAME_PARENT_COLLECTION|COMPATIBLE_DOCUMENT_TYPES|SAME_SOURCE_SYSTEM|SAME_MIME_TYPE|SAME_EXTENSION,same explicitly asserted parent collection; compatible technical format families; same observed source system; same technical MIME type; same file extension,,
urn:openrag:openarchiver:attachment:705dc430-da01-4679-8411-8e8fc69ef76a,urn:openrag:openarchiver:attachment:00a5c5cc-7075-4223-85f7-3d3d2efd987c,Facture--427aae54d8c8--Facture_-_00117695_-_M._PRIMAUX_Earl_Ferme_De_Pommerieux--705dc430da01.pdf,Prophylaxie-et-rapport-laboratoire--e63de0186eda--FERME-DE-POMMERIEUX-230625_1--00a5c5cc7075.pdf,openarchiver,PDF,2025-06,2025,STRONG,SAME_PARENT_COLLECTION|SAME_PRODUCER_OBSERVATION|COMPATIBLE_DOCUMENT_TYPES|SAME_SOURCE_SYSTEM|SAME_MIME_TYPE|SAME_EXTENSION,same explicitly asserted parent collection; same exact observed producer value; compatible technical format families; same observed source system; same technical MIME type; same file extension,,
urn:openrag:openarchiver:attachment:705dc430-da01-4679-8411-8e8fc69ef76a,urn:openrag:openarchiver:attachment:00a9f05d-eaa8-49e0-9533-6a035b4cdb46,Facture--427aae54d8c8--Facture_-_00117695_-_M._PRIMAUX_Earl_Ferme_De_Pommerieux--705dc430da01.pdf,Votre-facture-Dyson-6231993651--a1bc1668b854--Votre-facture-Dyson-6231993651--00a9f05deaa8.pdf,openarchiver,PDF,2021-02,2021,STRONG,SAME_PARENT_COLLECTION|COMPATIBLE_DOCUMENT_TYPES|SAME_SOURCE_SYSTEM|SAME_MIME_TYPE|SAME_EXTENSION,same explicitly asserted parent collection; compatible technical format families; same observed source system; same technical MIME type; same file extension,,
urn:openrag:openarchiver:attachment:705dc430-da01-4679-8411-8e8fc69ef76a,urn:openrag:openarchiver:attachment:00add6b5-e8be-4d00-b7ad-f1ec1a38f766,Facture--427aae54d8c8--Facture_-_00117695_-_M._PRIMAUX_Earl_Ferme_De_Pommerieux--705dc430da01.pdf,Preparez-votre-moisson--9b13cbd85568--Guide-Moisson-BARBARY--00add6b5e8be.pdf,openarchiver,PDF,2020-06,2020,STRONG,SAME_PARENT_COLLECTION|COMPATIBLE_DOCUMENT_TYPES|SAME_SOURCE_SYSTEM|SAME_MIME_TYPE|SAME_EXTENSION,same explicitly asserted parent collection; compatible technical format families; same observed source system; same technical MIME type; same file extension,,
urn:openrag:openarchiver:attachment:705dc430-da01-4679-8411-8e8fc69ef76a,urn:openrag:openarchiver:attachment:00aebf5b-e639-4a83-acff-063ad194e599,Facture--427aae54d8c8--Facture_-_00117695_-_M._PRIMAUX_Earl_Ferme_De_Pommerieux--705dc430da01.pdf,Dossier-6218964--3db2ea6b6d82--Dommages-electriques-four-MW--00aebf5be639.pdf,openarchiver,PDF,2019-01,2019,STRONG,SAME_PARENT_COLLECTION|COMPATIBLE_DOCUMENT_TYPES|SAME_SOURCE_SYSTEM|SAME_MIME_TYPE|SAME_EXTENSION,same explicitly asserted parent collection; compatible technical format families; same observed source system; same technical MIME type; same file extension,,
urn:openrag:openarchiver:attachment:705dc430-da01-4679-8411-8e8fc69ef76a,urn:openrag:openarchiver:attachment:00b06643-98fa-4aca-a127-16954fabb4c6,Facture--427aae54d8c8--Facture_-_00117695_-_M._PRIMAUX_Earl_Ferme_De_Pommerieux--705dc430da01.pdf,EARL-FERME-DE-POMMERIEUX-courrier-TVA-1er-trimestre-2016--20c9f1e48b72--FDP-Factures0076--00b0664398fa.pdf,openarchiver,PDF,,,STRONG,SAME_PARENT_COLLECTION|COMPATIBLE_DOCUMENT_TYPES|SAME_SOURCE_SYSTEM|SAME_MIME_TYPE|SAME_EXTENSION,same explicitly asserted parent collection; compatible technical format families; same observed source system; same technical MIME type; same file extension,,
urn:openrag:openarchiver:attachment:705dc430-da01-4679-8411-8e8fc69ef76a,urn:openrag:openarchiver:attachment:00b67f4d-f21a-49b5-8866-9a9a060069e3,Facture--427aae54d8c8--Facture_-_00117695_-_M._PRIMAUX_Earl_Ferme_De_Pommerieux--705dc430da01.pdf,Re-GRAND-LIVRE-GENERAL-FERME-POMMERIEUX--e7c297eef00b--Grand-livre-general-copie--00b67f4df21a.pdf,openarchiver,PDF,,,STRONG,SAME_PARENT_COLLECTION|COMPATIBLE_DOCUMENT_TYPES|SAME_SOURCE_SYSTEM|SAME_MIME_TYPE|SAME_EXTENSION,same explicitly asserted parent collection; compatible technical format families; same observed source system; same technical MIME type; same file extension,,
